{"id":"log_1777649349000","timestamp":1777649349000,"location":"PlayerCamera.cpp:44","message":"InputMode setup completed (H1: input-mode-focus-consumption, H2: enhanced-input-conflict)","data":{"showCursor":true,"enableClickEvents":true,"mode":"GameOnly"},"runId":"debug1","hypothesisId":"H1"}
﻿{"id":"log_1777649349000","timestamp":1777649349000,"location":"PlayerCamera.cpp:143","message":"Tick hit detection - NO component under cursor (H5)","data":{"hitComp":null},"runId":"debug1","hypothesisId":"H5"}
﻿{"id":"log_1777649349000","timestamp":1777649349000,"location":"PlayerCamera.cpp:143","message":"Tick hit detection - NO component under cursor (H5)","data":{"hitComp":null},"runId":"debug1","hypothesisId":"H5"}
﻿{"id":"log_1777649349000","timestamp":1777649349000,"location":"PlayerCamera.cpp:143","message":"Tick hit detection - component under cursor","data":{"component":"ModelComponent_0","hasTagCharge":false,"hasTagBattery":false},"runId":"debug1","hypothesisId":"H5"}
﻿{"id":"log_1777649349000","timestamp":1777649349000,"location":"PlayerCamera.cpp:143","message":"Tick hit detection - component under cursor","data":{"component":"ModelComponent_0","hasTagCharge":false,"hasTagBattery":false},"runId":"debug1","hypothesisId":"H5"}
﻿{"id":"log_1777649349000","timestamp":1777649349000,"location":"PlayerCamera.cpp:143","message":"Tick hit detection - component under cursor","data":{"component":"ModelComponent_0","hasTagCharge":false,"hasTagBattery":false},"runId":"debug1","hypothesisId":"H5"}
﻿{"id":"log_1777649349000","timestamp":1777649349000,"location":"PlayerCamera.cpp:143","message":"Tick hit detection - component under cursor","data":{"component":"ModelComponent_0","hasTagCharge":false,"hasTagBattery":false},"runId":"debug1","hypothesisId":"H5"}
﻿{"id":"log_1777649349000","timestamp":1777649349000,"location":"PlayerCamera.cpp:143","message":"Tick hit detection - component under cursor","data":{"component":"ModelComponent_0","hasTagCharge":false,"hasTagBattery":false},"runId":"debug1","hypothesisId":"H5"}
﻿{"id":"log_1777649349000","timestamp":1777649349000,"location":"PlayerCamera.cpp:143","message":"Tick hit detection - component under cursor","data":{"component":"ModelComponent_0","hasTagCharge":false,"hasTagBattery":false},"runId":"debug1","hypothesisId":"H5"}
﻿{"id":"log_1777649349000","timestamp":1777649349000,"location":"PlayerCamera.cpp:143","message":"Tick hit detection - component under cursor","data":{"component":"ModelComponent_0","hasTagCharge":false,"hasTagBattery":false},"runId":"debug1","hypothesisId":"H5"}
﻿{"id":"log_1777649349000","timestamp":1777649349000,"location":"PlayerCamera.cpp:143","message":"Tick hit detection - component under cursor","data":{"component":"ModelComponent_0","hasTagCharge":false,"hasTagBattery":false},"runId":"debug1","hypothesisId":"H5"}
﻿{"id":"log_1777649349000","timestamp":1777649349000,"location":"PlayerCamera.cpp:143","message":"Tick hit detection - component under cursor","data":{"component":"ModelComponent_0","hasTagCharge":false,"hasTagBattery":false},"runId":"debug1","hypothesisId":"H5"}
﻿{"id":"log_1777649349000","timestamp":1777649349000,"location":"PlayerCamera.cpp:143","message":"Tick hit detection - component under cursor","data":{"component":"ModelComponent_0","hasTagCharge":false,"hasTagBattery":false},"runId":"debug1","hypothesisId":"H5"}
﻿{"id":"log_1777649349000","timestamp":1777649349000,"location":"PlayerCamera.cpp:143","message":"Tick hit detection - component under cursor","data":{"component":"ModelComponent_0","hasTagCharge":false,"hasTagBattery":false},"runId":"debug1","hypothesisId":"H5"}
﻿{"id":"log_1777649349000","timestamp":1777649349000,"location":"PlayerCamera.cpp:143","message":"Tick hit detection - component under cursor","data":{"component":"ModelComponent_0","hasTagCharge":false,"hasTagBattery":false},"runId":"debug1","hypothesisId":"H5"}
﻿{"id":"log_1777649349000","timestamp":1777649349000,"location":"PlayerCamera.cpp:143","message":"Tick hit detection - component under cursor","data":{"component":"ModelComponent_0","hasTagCharge":false,"hasTagBattery":false},"runId":"debug1","hypothesisId":"H5"}
﻿{"id":"log_1777649349000","timestamp":1777649349000,"location":"PlayerCamera.cpp:143","message":"Tick hit detection - component under cursor","data":{"component":"ModelComponent_0","hasTagCharge":false,"hasTagBattery":false},"runId":"debug1","hypothesisId":"H5"}
﻿{"id":"log_1777649349000","timestamp":1777649349000,"location":"PlayerCamera.cpp:143","message":"Tick hit detection - component under cursor","data":{"component":"ModelComponent_0","hasTagCharge":false,"hasTagBattery":false},"runId":"debug1","hypothesisId":"H5"}
﻿{"id":"log_1777649349000","timestamp":1777649349000,"location":"PlayerCamera.cpp:143","message":"Tick hit detection - component under cursor","data":{"component":"ModelComponent_0","hasTagCharge":false,"hasTagBattery":false},"runId":"debug1","hypothesisId":"H5"}
﻿{"id":"log_1777649349000","timestamp":1777649349000,"location":"PlayerCamera.cpp:143","message":"Tick hit detection - component under cursor","data":{"component":"ModelComponent_0","hasTagCharge":false,"hasTagBattery":false},"runId":"debug1","hypothesisId":"H5"}
﻿{"id":"log_1777649349000","timestamp":1777649349000,"location":"PlayerCamera.cpp:143","message":"Tick hit detection - component under cursor","data":{"component":"ModelComponent_0","hasTagCharge":false,"hasTagBattery":false},"runId":"debug1","hypothesisId":"H5"}
﻿{"id":"log_1777649349000","timestamp":1777649349000,"location":"PlayerCamera.cpp:143","message":"Tick hit detection - component under cursor","data":{"component":"ModelComponent_0","hasTagCharge":false,"hasTagBattery":false},"runId":"debug1","hypothesisId":"H5"}
﻿{"id":"log_1777649349000","timestamp":1777649349000,"location":"PlayerCamera.cpp:143","message":"Tick hit detection - component under cursor","data":{"component":"ModelComponent_0","hasTagCharge":false,"hasTagBattery":false},"runId":"debug1","hypothesisId":"H5"}
﻿{"id":"log_1777649349000","timestamp":1777649349000,"location":"PlayerCamera.cpp:143","message":"Tick hit detection - component under cursor","data":{"component":"ModelComponent_0","hasTagCharge":false,"hasTagBattery":false},"runId":"debug1","hypothesisId":"H5"}
﻿{"id":"log_1777649349000","timestamp":1777649349000,"location":"PlayerCamera.cpp:143","message":"Tick hit detection - component under cursor","data":{"component":"ModelComponent_0","hasTagCharge":false,"hasTagBattery":false},"runId":"debug1","hypothesisId":"H5"}
﻿{"id":"log_1777649349000","timestamp":1777649349000,"location":"PlayerCamera.cpp:143","message":"Tick hit detection - component under cursor","data":{"component":"ModelComponent_0","hasTagCharge":false,"hasTagBattery":false},"runId":"debug1","hypothesisId":"H5"}
﻿{"id":"log_1777649349000","timestamp":1777649349000,"location":"PlayerCamera.cpp:143","message":"Tick hit detection - component under cursor","data":{"component":"ModelComponent_0","hasTagCharge":false,"hasTagBattery":false},"runId":"debug1","hypothesisId":"H5"}
﻿{"id":"log_1777649349000","timestamp":1777649349000,"location":"PlayerCamera.cpp:143","message":"Tick hit detection - component under cursor","data":{"component":"ModelComponent_0","hasTagCharge":false,"hasTagBattery":false},"runId":"debug1","hypothesisId":"H5"}
﻿{"id":"log_1777649349000","timestamp":1777649349000,"location":"PlayerCamera.cpp:143","message":"Tick hit detection - component under cursor","data":{"component":"ModelComponent_0","hasTagCharge":false,"hasTagBattery":false},"runId":"debug1","hypothesisId":"H5"}
﻿{"id":"log_1777649349000","timestamp":1777649349000,"location":"PlayerCamera.cpp:143","message":"Tick hit detection - component under cursor","data":{"component":"ModelComponent_0","hasTagCharge":false,"hasTagBattery":false},"runId":"debug1","hypothesisId":"H5"}
﻿{"id":"log_1777649349000","timestamp":1777649349000,"location":"PlayerCamera.cpp:143","message":"Tick hit detection - component under cursor","data":{"component":"ModelComponent_0","hasTagCharge":false,"hasTagBattery":false},"runId":"debug1","hypothesisId":"H5"}
﻿{"id":"log_1777649349000","timestamp":1777649349000,"location":"PlayerCamera.cpp:143","message":"Tick hit detection - component under cursor","data":{"component":"ModelComponent_0","hasTagCharge":false,"hasTagBattery":false},"runId":"debug1","hypothesisId":"H5"}
﻿{"id":"log_1777649349000","timestamp":1777649349000,"location":"PlayerCamera.cpp:143","message":"Tick hit detection - component under cursor","data":{"component":"ModelComponent_0","hasTagCharge":false,"hasTagBattery":false},"runId":"debug1","hypothesisId":"H5"}
﻿{"id":"log_1777649349000","timestamp":1777649349000,"location":"PlayerCamera.cpp:143","message":"Tick hit detection - component under cursor","data":{"component":"ModelComponent_0","hasTagCharge":false,"hasTagBattery":false},"runId":"debug1","hypothesisId":"H5"}
﻿{"id":"log_1777649349000","timestamp":1777649349000,"location":"PlayerCamera.cpp:143","message":"Tick hit detection - component under cursor","data":{"component":"ModelComponent_0","hasTagCharge":false,"hasTagBattery":false},"runId":"debug1","hypothesisId":"H5"}
﻿{"id":"log_1777649349000","timestamp":1777649349000,"location":"PlayerCamera.cpp:143","message":"Tick hit detection - component under cursor","data":{"component":"ModelComponent_0","hasTagCharge":false,"hasTagBattery":false},"runId":"debug1","hypothesisId":"H5"}
﻿{"id":"log_1777649349000","timestamp":1777649349000,"location":"PlayerCamera.cpp:143","message":"Tick hit detection - component under cursor","data":{"component":"ModelComponent_0","hasTagCharge":false,"hasTagBattery":false},"runId":"debug1","hypothesisId":"H5"}
﻿{"id":"log_1777649349000","timestamp":1777649349000,"location":"PlayerCamera.cpp:143","message":"Tick hit detection - component under cursor","data":{"component":"ModelComponent_0","hasTagCharge":false,"hasTagBattery":false},"runId":"debug1","hypothesisId":"H5"}
﻿{"id":"log_1777649349000","timestamp":1777649349000,"location":"PlayerCamera.cpp:143","message":"Tick hit detection - component under cursor","data":{"component":"ModelComponent_0","hasTagCharge":false,"hasTagBattery":false},"runId":"debug1","hypothesisId":"H5"}
﻿{"id":"log_1777649349000","timestamp":1777649349000,"location":"PlayerCamera.cpp:143","message":"Tick hit detection - component under cursor","data":{"component":"ModelComponent_0","hasTagCharge":false,"hasTagBattery":false},"runId":"debug1","hypothesisId":"H5"}
﻿{"id":"log_1777649349000","timestamp":1777649349000,"location":"PlayerCamera.cpp:143","message":"Tick hit detection - component under cursor","data":{"component":"ModelComponent_0","hasTagCharge":false,"hasTagBattery":false},"runId":"debug1","hypothesisId":"H5"}
﻿{"id":"log_1777649349000","timestamp":1777649349000,"location":"PlayerCamera.cpp:143","message":"Tick hit detection - component under cursor","data":{"component":"ModelComponent_0","hasTagCharge":false,"hasTagBattery":false},"runId":"debug1","hypothesisId":"H5"}
﻿{"id":"log_1777649349000","timestamp":1777649349000,"location":"PlayerCamera.cpp:143","message":"Tick hit detection - component under cursor","data":{"component":"ModelComponent_0","hasTagCharge":false,"hasTagBattery":false},"runId":"debug1","hypothesisId":"H5"}
﻿{"id":"log_1777649349000","timestamp":1777649349000,"location":"PlayerCamera.cpp:143","message":"Tick hit detection - component under cursor","data":{"component":"ModelComponent_0","hasTagCharge":false,"hasTagBattery":false},"runId":"debug1","hypothesisId":"H5"}
﻿{"id":"log_1777649349000","timestamp":1777649349000,"location":"PlayerCamera.cpp:143","message":"Tick hit detection - component under cursor","data":{"component":"ModelComponent_0","hasTagCharge":false,"hasTagBattery":false},"runId":"debug1","hypothesisId":"H5"}
﻿{"id":"log_1777649349000","timestamp":1777649349000,"location":"PlayerCamera.cpp:143","message":"Tick hit detection - component under cursor","data":{"component":"ModelComponent_0","hasTagCharge":false,"hasTagBattery":false},"runId":"debug1","hypothesisId":"H5"}
﻿{"id":"log_1777649349000","timestamp":1777649349000,"location":"PlayerCamera.cpp:143","message":"Tick hit detection - component under cursor","data":{"component":"ModelComponent_0","hasTagCharge":false,"hasTagBattery":false},"runId":"debug1","hypothesisId":"H5"}
﻿{"id":"log_1777649349000","timestamp":1777649349000,"location":"PlayerCamera.cpp:143","message":"Tick hit detection - component under cursor","data":{"component":"ModelComponent_0","hasTagCharge":false,"hasTagBattery":false},"runId":"debug1","hypothesisId":"H5"}
﻿{"id":"log_1777649349000","timestamp":1777649349000,"location":"PlayerCamera.cpp:143","message":"Tick hit detection - component under cursor","data":{"component":"ModelComponent_0","hasTagCharge":false,"hasTagBattery":false},"runId":"debug1","hypothesisId":"H5"}
﻿{"id":"log_1777649349000","timestamp":1777649349000,"location":"PlayerCamera.cpp:143","message":"Tick hit detection - component under cursor","data":{"component":"ModelComponent_0","hasTagCharge":false,"hasTagBattery":false},"runId":"debug1","hypothesisId":"H5"}
﻿{"id":"log_1777649349000","timestamp":1777649349000,"location":"PlayerCamera.cpp:143","message":"Tick hit detection - component under cursor","data":{"component":"ModelComponent_0","hasTagCharge":false,"hasTagBattery":false},"runId":"debug1","hypothesisId":"H5"}
﻿{"id":"log_1777649349000","timestamp":1777649349000,"location":"PlayerCamera.cpp:143","message":"Tick hit detection - component under cursor","data":{"component":"ModelComponent_0","hasTagCharge":false,"hasTagBattery":false},"runId":"debug1","hypothesisId":"H5"}
﻿{"id":"log_1777649349000","timestamp":1777649349000,"location":"PlayerCamera.cpp:143","message":"Tick hit detection - component under cursor","data":{"component":"ModelComponent_0","hasTagCharge":false,"hasTagBattery":false},"runId":"debug1","hypothesisId":"H5"}
﻿{"id":"log_1777649349000","timestamp":1777649349000,"location":"PlayerCamera.cpp:143","message":"Tick hit detection - component under cursor","data":{"component":"LightTrigger","hasTagCharge":false,"hasTagBattery":false},"runId":"debug1","hypothesisId":"H5"}
﻿{"id":"log_1777649349000","timestamp":1777649349000,"location":"PlayerCamera.cpp:143","message":"Tick hit detection - component under cursor","data":{"component":"LightTrigger","hasTagCharge":false,"hasTagBattery":false},"runId":"debug1","hypothesisId":"H5"}
﻿{"id":"log_1777649349000","timestamp":1777649349000,"location":"PlayerCamera.cpp:143","message":"Tick hit detection - component under cursor","data":{"component":"LightTrigger","hasTagCharge":false,"hasTagBattery":false},"runId":"debug1","hypothesisId":"H5"}
﻿{"id":"log_1777649350000","timestamp":1777649350000,"location":"PlayerCamera.cpp:143","message":"Tick hit detection - component under cursor","data":{"component":"LightTrigger","hasTagCharge":false,"hasTagBattery":false},"runId":"debug1","hypothesisId":"H5"}
﻿{"id":"log_1777649350000","timestamp":1777649350000,"location":"PlayerCamera.cpp:143","message":"Tick hit detection - component under cursor","data":{"component":"LightTrigger","hasTagCharge":false,"hasTagBattery":false},"runId":"debug1","hypothesisId":"H5"}
﻿{"id":"log_1777649350000","timestamp":1777649350000,"location":"PlayerCamera.cpp:143","message":"Tick hit detection - component under cursor","data":{"component":"LightTrigger","hasTagCharge":false,"hasTagBattery":false},"runId":"debug1","hypothesisId":"H5"}
﻿{"id":"log_1777649350000","timestamp":1777649350000,"location":"PlayerCamera.cpp:143","message":"Tick hit detection - component under cursor","data":{"component":"LightTrigger","hasTagCharge":false,"hasTagBattery":false},"runId":"debug1","hypothesisId":"H5"}
﻿{"id":"log_1777649350000","timestamp":1777649350000,"location":"PlayerCamera.cpp:143","message":"Tick hit detection - component under cursor","data":{"component":"LightTrigger","hasTagCharge":false,"hasTagBattery":false},"runId":"debug1","hypothesisId":"H5"}
﻿{"id":"log_1777649350000","timestamp":1777649350000,"location":"PlayerCamera.cpp:143","message":"Tick hit detection - component under cursor","data":{"component":"LightTrigger","hasTagCharge":false,"hasTagBattery":false},"runId":"debug1","hypothesisId":"H5"}
﻿{"id":"log_1777649350000","timestamp":1777649350000,"location":"PlayerCamera.cpp:143","message":"Tick hit detection - component under cursor","data":{"component":"LightTrigger","hasTagCharge":false,"hasTagBattery":false},"runId":"debug1","hypothesisId":"H5"}
﻿{"id":"log_1777649350000","timestamp":1777649350000,"location":"PlayerCamera.cpp:143","message":"Tick hit detection - component under cursor","data":{"component":"LightTrigger","hasTagCharge":false,"hasTagBattery":false},"runId":"debug1","hypothesisId":"H5"}
﻿{"id":"log_1777649350000","timestamp":1777649350000,"location":"PlayerCamera.cpp:143","message":"Tick hit detection - component under cursor","data":{"component":"LightTrigger","hasTagCharge":false,"hasTagBattery":false},"runId":"debug1","hypothesisId":"H5"}
﻿{"id":"log_1777649350000","timestamp":1777649350000,"location":"PlayerCamera.cpp:143","message":"Tick hit detection - component under cursor","data":{"component":"LightTrigger","hasTagCharge":false,"hasTagBattery":false},"runId":"debug1","hypothesisId":"H5"}
﻿{"id":"log_1777649350000","timestamp":1777649350000,"location":"PlayerCamera.cpp:143","message":"Tick hit detection - component under cursor","data":{"component":"LightTrigger","hasTagCharge":false,"hasTagBattery":false},"runId":"debug1","hypothesisId":"H5"}
﻿{"id":"log_1777649350000","timestamp":1777649350000,"location":"PlayerCamera.cpp:143","message":"Tick hit detection - component under cursor","data":{"component":"LightTrigger","hasTagCharge":false,"hasTagBattery":false},"runId":"debug1","hypothesisId":"H5"}
﻿{"id":"log_1777649350000","timestamp":1777649350000,"location":"PlayerCamera.cpp:143","message":"Tick hit detection - component under cursor","data":{"component":"LightTrigger","hasTagCharge":false,"hasTagBattery":false},"runId":"debug1","hypothesisId":"H5"}
﻿{"id":"log_1777649350000","timestamp":1777649350000,"location":"PlayerCamera.cpp:143","message":"Tick hit detection - component under cursor","data":{"component":"LightTrigger","hasTagCharge":false,"hasTagBattery":false},"runId":"debug1","hypothesisId":"H5"}
﻿{"id":"log_1777649350000","timestamp":1777649350000,"location":"PlayerCamera.cpp:143","message":"Tick hit detection - component under cursor","data":{"component":"LightTrigger","hasTagCharge":false,"hasTagBattery":false},"runId":"debug1","hypothesisId":"H5"}
﻿{"id":"log_1777649350000","timestamp":1777649350000,"location":"PlayerCamera.cpp:143","message":"Tick hit detection - component under cursor","data":{"component":"LightTrigger","hasTagCharge":false,"hasTagBattery":false},"runId":"debug1","hypothesisId":"H5"}
﻿{"id":"log_1777649350000","timestamp":1777649350000,"location":"PlayerCamera.cpp:143","message":"Tick hit detection - component under cursor","data":{"component":"LightTrigger","hasTagCharge":false,"hasTagBattery":false},"runId":"debug1","hypothesisId":"H5"}
﻿{"id":"log_1777649350000","timestamp":1777649350000,"location":"PlayerCamera.cpp:143","message":"Tick hit detection - component under cursor","data":{"component":"LightTrigger","hasTagCharge":false,"hasTagBattery":false},"runId":"debug1","hypothesisId":"H5"}
﻿{"id":"log_1777649350000","timestamp":1777649350000,"location":"PlayerCamera.cpp:143","message":"Tick hit detection - component under cursor","data":{"component":"LightTrigger","hasTagCharge":false,"hasTagBattery":false},"runId":"debug1","hypothesisId":"H5"}
﻿{"id":"log_1777649350000","timestamp":1777649350000,"location":"PlayerCamera.cpp:143","message":"Tick hit detection - component under cursor","data":{"component":"LightTrigger","hasTagCharge":false,"hasTagBattery":false},"runId":"debug1","hypothesisId":"H5"}
﻿{"id":"log_1777649350000","timestamp":1777649350000,"location":"PlayerCamera.cpp:143","message":"Tick hit detection - component under cursor","data":{"component":"LightTrigger","hasTagCharge":false,"hasTagBattery":false},"runId":"debug1","hypothesisId":"H5"}
﻿{"id":"log_1777649350000","timestamp":1777649350000,"location":"PlayerCamera.cpp:143","message":"Tick hit detection - component under cursor","data":{"component":"LightTrigger","hasTagCharge":false,"hasTagBattery":false},"runId":"debug1","hypothesisId":"H5"}
﻿{"id":"log_1777649350000","timestamp":1777649350000,"location":"PlayerCamera.cpp:143","message":"Tick hit detection - component under cursor","data":{"component":"LightTrigger","hasTagCharge":false,"hasTagBattery":false},"runId":"debug1","hypothesisId":"H5"}
﻿{"id":"log_1777649350000","timestamp":1777649350000,"location":"PlayerCamera.cpp:143","message":"Tick hit detection - component under cursor","data":{"component":"LightTrigger","hasTagCharge":false,"hasTagBattery":false},"runId":"debug1","hypothesisId":"H5"}
﻿{"id":"log_1777649350000","timestamp":1777649350000,"location":"PlayerCamera.cpp:143","message":"Tick hit detection - component under cursor","data":{"component":"LightTrigger","hasTagCharge":false,"hasTagBattery":false},"runId":"debug1","hypothesisId":"H5"}
﻿{"id":"log_1777649350000","timestamp":1777649350000,"location":"PlayerCamera.cpp:143","message":"Tick hit detection - component under cursor","data":{"component":"LightTrigger","hasTagCharge":false,"hasTagBattery":false},"runId":"debug1","hypothesisId":"H5"}
﻿{"id":"log_1777649350000","timestamp":1777649350000,"location":"PlayerCamera.cpp:143","message":"Tick hit detection - component under cursor","data":{"component":"LightTrigger","hasTagCharge":false,"hasTagBattery":false},"runId":"debug1","hypothesisId":"H5"}
﻿{"id":"log_1777649350000","timestamp":1777649350000,"location":"PlayerCamera.cpp:143","message":"Tick hit detection - component under cursor","data":{"component":"LightTrigger","hasTagCharge":false,"hasTagBattery":false},"runId":"debug1","hypothesisId":"H5"}
﻿{"id":"log_1777649350000","timestamp":1777649350000,"location":"PlayerCamera.cpp:143","message":"Tick hit detection - component under cursor","data":{"component":"LightTrigger","hasTagCharge":false,"hasTagBattery":false},"runId":"debug1","hypothesisId":"H5"}
﻿{"id":"log_1777649350000","timestamp":1777649350000,"location":"PlayerCamera.cpp:143","message":"Tick hit detection - component under cursor","data":{"component":"LightTrigger","hasTagCharge":false,"hasTagBattery":false},"runId":"debug1","hypothesisId":"H5"}
﻿{"id":"log_1777649350000","timestamp":1777649350000,"location":"PlayerCamera.cpp:143","message":"Tick hit detection - component under cursor","data":{"component":"LightTrigger","hasTagCharge":false,"hasTagBattery":false},"runId":"debug1","hypothesisId":"H5"}
﻿{"id":"log_1777649350000","timestamp":1777649350000,"location":"PlayerCamera.cpp:143","message":"Tick hit detection - component under cursor","data":{"component":"LightTrigger","hasTagCharge":false,"hasTagBattery":false},"runId":"debug1","hypothesisId":"H5"}
﻿{"id":"log_1777649350000","timestamp":1777649350000,"location":"PlayerCamera.cpp:143","message":"Tick hit detection - component under cursor","data":{"component":"LightTrigger","hasTagCharge":false,"hasTagBattery":false},"runId":"debug1","hypothesisId":"H5"}
﻿{"id":"log_1777649350000","timestamp":1777649350000,"location":"PlayerCamera.cpp:143","message":"Tick hit detection - component under cursor","data":{"component":"LightTrigger","hasTagCharge":false,"hasTagBattery":false},"runId":"debug1","hypothesisId":"H5"}
﻿{"id":"log_1777649350000","timestamp":1777649350000,"location":"PlayerCamera.cpp:143","message":"Tick hit detection - component under cursor","data":{"component":"LightTrigger","hasTagCharge":false,"hasTagBattery":false},"runId":"debug1","hypothesisId":"H5"}
﻿{"id":"log_1777649350000","timestamp":1777649350000,"location":"LightTrigger.cpp:27","message":"OnButtonClicked triggered (hypothesis H4: widget-hit-test-leak)","data":{"touched":"true","key":"LeftMouseButton"},"runId":"debug1","hypothesisId":"H4"}
﻿{"id":"log_1777649350000","timestamp":1777649350000,"location":"PlayerCamera.cpp:190","message":"InteractInput triggered via EnhancedInput (hypothesis H2: enhanced-input-conflict)","data":{"action":"Started"},"runId":"debug1","hypothesisId":"H2"}
﻿{"id":"log_1777649350000","timestamp":1777649350000,"location":"PlayerCamera.cpp:143","message":"Tick hit detection - component under cursor","data":{"component":"LightTrigger","hasTagCharge":false,"hasTagBattery":false},"runId":"debug1","hypothesisId":"H5"}
﻿{"id":"log_1777649350000","timestamp":1777649350000,"location":"PlayerCamera.cpp:143","message":"Tick hit detection - component under cursor","data":{"component":"LightTrigger","hasTagCharge":false,"hasTagBattery":false},"runId":"debug1","hypothesisId":"H5"}
﻿{"id":"log_1777649350000","timestamp":1777649350000,"location":"PlayerCamera.cpp:143","message":"Tick hit detection - component under cursor","data":{"component":"LightTrigger","hasTagCharge":false,"hasTagBattery":false},"runId":"debug1","hypothesisId":"H5"}
﻿{"id":"log_1777649350000","timestamp":1777649350000,"location":"PlayerCamera.cpp:143","message":"Tick hit detection - component under cursor","data":{"component":"LightTrigger","hasTagCharge":false,"hasTagBattery":false},"runId":"debug1","hypothesisId":"H5"}
﻿{"id":"log_1777649350000","timestamp":1777649350000,"location":"PlayerCamera.cpp:143","message":"Tick hit detection - component under cursor","data":{"component":"LightTrigger","hasTagCharge":false,"hasTagBattery":false},"runId":"debug1","hypothesisId":"H5"}
﻿{"id":"log_1777649350000","timestamp":1777649350000,"location":"PlayerCamera.cpp:143","message":"Tick hit detection - component under cursor","data":{"component":"LightTrigger","hasTagCharge":false,"hasTagBattery":false},"runId":"debug1","hypothesisId":"H5"}
﻿{"id":"log_1777649350000","timestamp":1777649350000,"location":"PlayerCamera.cpp:143","message":"Tick hit detection - component under cursor","data":{"component":"LightTrigger","hasTagCharge":false,"hasTagBattery":false},"runId":"debug1","hypothesisId":"H5"}
﻿{"id":"log_1777649350000","timestamp":1777649350000,"location":"PlayerCamera.cpp:143","message":"Tick hit detection - component under cursor","data":{"component":"LightTrigger","hasTagCharge":false,"hasTagBattery":false},"runId":"debug1","hypothesisId":"H5"}
﻿{"id":"log_1777649350000","timestamp":1777649350000,"location":"PlayerCamera.cpp:143","message":"Tick hit detection - component under cursor","data":{"component":"LightTrigger","hasTagCharge":false,"hasTagBattery":false},"runId":"debug1","hypothesisId":"H5"}
﻿{"id":"log_1777649350000","timestamp":1777649350000,"location":"PlayerCamera.cpp:143","message":"Tick hit detection - component under cursor","data":{"component":"LightTrigger","hasTagCharge":false,"hasTagBattery":false},"runId":"debug1","hypothesisId":"H5"}
﻿{"id":"log_1777649350000","timestamp":1777649350000,"location":"PlayerCamera.cpp:143","message":"Tick hit detection - component under cursor","data":{"component":"LightTrigger","hasTagCharge":false,"hasTagBattery":false},"runId":"debug1","hypothesisId":"H5"}
﻿{"id":"log_1777649350000","timestamp":1777649350000,"location":"PlayerCamera.cpp:143","message":"Tick hit detection - component under cursor","data":{"component":"LightTrigger","hasTagCharge":false,"hasTagBattery":false},"runId":"debug1","hypothesisId":"H5"}
﻿{"id":"log_1777649350000","timestamp":1777649350000,"location":"PlayerCamera.cpp:143","message":"Tick hit detection - component under cursor","data":{"component":"LightTrigger","hasTagCharge":false,"hasTagBattery":false},"runId":"debug1","hypothesisId":"H5"}
﻿{"id":"log_1777649350000","timestamp":1777649350000,"location":"PlayerCamera.cpp:143","message":"Tick hit detection - component under cursor","data":{"component":"LightTrigger","hasTagCharge":false,"hasTagBattery":false},"runId":"debug1","hypothesisId":"H5"}
﻿{"id":"log_1777649350000","timestamp":1777649350000,"location":"LightTrigger.cpp:27","message":"OnButtonClicked triggered (hypothesis H4: widget-hit-test-leak)","data":{"touched":"true","key":"LeftMouseButton"},"runId":"debug1","hypothesisId":"H4"}
﻿{"id":"log_1777649350000","timestamp":1777649350000,"location":"PlayerCamera.cpp:190","message":"InteractInput triggered via EnhancedInput (hypothesis H2: enhanced-input-conflict)","data":{"action":"Started"},"runId":"debug1","hypothesisId":"H2"}
﻿{"id":"log_1777649350000","timestamp":1777649350000,"location":"PlayerCamera.cpp:143","message":"Tick hit detection - component under cursor","data":{"component":"LightTrigger","hasTagCharge":false,"hasTagBattery":false},"runId":"debug1","hypothesisId":"H5"}
﻿{"id":"log_1777649350000","timestamp":1777649350000,"location":"PlayerCamera.cpp:143","message":"Tick hit detection - component under cursor","data":{"component":"LightTrigger","hasTagCharge":false,"hasTagBattery":false},"runId":"debug1","hypothesisId":"H5"}
﻿{"id":"log_1777649350000","timestamp":1777649350000,"location":"PlayerCamera.cpp:143","message":"Tick hit detection - component under cursor","data":{"component":"LightTrigger","hasTagCharge":false,"hasTagBattery":false},"runId":"debug1","hypothesisId":"H5"}
﻿{"id":"log_1777649350000","timestamp":1777649350000,"location":"PlayerCamera.cpp:143","message":"Tick hit detection - component under cursor","data":{"component":"LightTrigger","hasTagCharge":false,"hasTagBattery":false},"runId":"debug1","hypothesisId":"H5"}
﻿{"id":"log_1777649350000","timestamp":1777649350000,"location":"PlayerCamera.cpp:143","message":"Tick hit detection - component under cursor","data":{"component":"LightTrigger","hasTagCharge":false,"hasTagBattery":false},"runId":"debug1","hypothesisId":"H5"}
﻿{"id":"log_1777649350000","timestamp":1777649350000,"location":"PlayerCamera.cpp:143","message":"Tick hit detection - component under cursor","data":{"component":"LightTrigger","hasTagCharge":false,"hasTagBattery":false},"runId":"debug1","hypothesisId":"H5"}
﻿{"id":"log_1777649350000","timestamp":1777649350000,"location":"PlayerCamera.cpp:143","message":"Tick hit detection - component under cursor","data":{"component":"LightTrigger","hasTagCharge":false,"hasTagBattery":false},"runId":"debug1","hypothesisId":"H5"}
﻿{"id":"log_1777649350000","timestamp":1777649350000,"location":"PlayerCamera.cpp:143","message":"Tick hit detection - component under cursor","data":{"component":"LightTrigger","hasTagCharge":false,"hasTagBattery":false},"runId":"debug1","hypothesisId":"H5"}
﻿{"id":"log_1777649350000","timestamp":1777649350000,"location":"PlayerCamera.cpp:143","message":"Tick hit detection - component under cursor","data":{"component":"LightTrigger","hasTagCharge":false,"hasTagBattery":false},"runId":"debug1","hypothesisId":"H5"}
﻿{"id":"log_1777649350000","timestamp":1777649350000,"location":"PlayerCamera.cpp:143","message":"Tick hit detection - component under cursor","data":{"component":"LightTrigger","hasTagCharge":false,"hasTagBattery":false},"runId":"debug1","hypothesisId":"H5"}
﻿{"id":"log_1777649350000","timestamp":1777649350000,"location":"PlayerCamera.cpp:143","message":"Tick hit detection - component under cursor","data":{"component":"LightTrigger","hasTagCharge":false,"hasTagBattery":false},"runId":"debug1","hypothesisId":"H5"}
﻿{"id":"log_1777649351000","timestamp":1777649351000,"location":"PlayerCamera.cpp:143","message":"Tick hit detection - component under cursor","data":{"component":"LightTrigger","hasTagCharge":false,"hasTagBattery":false},"runId":"debug1","hypothesisId":"H5"}
﻿{"id":"log_1777649351000","timestamp":1777649351000,"location":"PlayerCamera.cpp:143","message":"Tick hit detection - component under cursor","data":{"component":"LightTrigger","hasTagCharge":false,"hasTagBattery":false},"runId":"debug1","hypothesisId":"H5"}
﻿{"id":"log_1777649351000","timestamp":1777649351000,"location":"PlayerCamera.cpp:143","message":"Tick hit detection - component under cursor","data":{"component":"LightTrigger","hasTagCharge":false,"hasTagBattery":false},"runId":"debug1","hypothesisId":"H5"}
﻿{"id":"log_1777649351000","timestamp":1777649351000,"location":"PlayerCamera.cpp:143","message":"Tick hit detection - component under cursor","data":{"component":"LightTrigger","hasTagCharge":false,"hasTagBattery":false},"runId":"debug1","hypothesisId":"H5"}
﻿{"id":"log_1777649351000","timestamp":1777649351000,"location":"PlayerCamera.cpp:143","message":"Tick hit detection - component under cursor","data":{"component":"LightTrigger","hasTagCharge":false,"hasTagBattery":false},"runId":"debug1","hypothesisId":"H5"}
﻿{"id":"log_1777649351000","timestamp":1777649351000,"location":"PlayerCamera.cpp:143","message":"Tick hit detection - component under cursor","data":{"component":"LightTrigger","hasTagCharge":false,"hasTagBattery":false},"runId":"debug1","hypothesisId":"H5"}
﻿{"id":"log_1777649351000","timestamp":1777649351000,"location":"PlayerCamera.cpp:143","message":"Tick hit detection - component under cursor","data":{"component":"LightTrigger","hasTagCharge":false,"hasTagBattery":false},"runId":"debug1","hypothesisId":"H5"}
﻿{"id":"log_1777649351000","timestamp":1777649351000,"location":"PlayerCamera.cpp:143","message":"Tick hit detection - component under cursor","data":{"component":"LightTrigger","hasTagCharge":false,"hasTagBattery":false},"runId":"debug1","hypothesisId":"H5"}
﻿{"id":"log_1777649351000","timestamp":1777649351000,"location":"PlayerCamera.cpp:143","message":"Tick hit detection - component under cursor","data":{"component":"LightTrigger","hasTagCharge":false,"hasTagBattery":false},"runId":"debug1","hypothesisId":"H5"}
﻿{"id":"log_1777649351000","timestamp":1777649351000,"location":"PlayerCamera.cpp:143","message":"Tick hit detection - component under cursor","data":{"component":"LightTrigger","hasTagCharge":false,"hasTagBattery":false},"runId":"debug1","hypothesisId":"H5"}
﻿{"id":"log_1777649351000","timestamp":1777649351000,"location":"PlayerCamera.cpp:143","message":"Tick hit detection - component under cursor","data":{"component":"LightTrigger","hasTagCharge":false,"hasTagBattery":false},"runId":"debug1","hypothesisId":"H5"}
﻿{"id":"log_1777649351000","timestamp":1777649351000,"location":"PlayerCamera.cpp:143","message":"Tick hit detection - component under cursor","data":{"component":"LightTrigger","hasTagCharge":false,"hasTagBattery":false},"runId":"debug1","hypothesisId":"H5"}
﻿{"id":"log_1777649351000","timestamp":1777649351000,"location":"PlayerCamera.cpp:143","message":"Tick hit detection - component under cursor","data":{"component":"LightTrigger","hasTagCharge":false,"hasTagBattery":false},"runId":"debug1","hypothesisId":"H5"}
﻿{"id":"log_1777649351000","timestamp":1777649351000,"location":"PlayerCamera.cpp:143","message":"Tick hit detection - component under cursor","data":{"component":"LightTrigger","hasTagCharge":false,"hasTagBattery":false},"runId":"debug1","hypothesisId":"H5"}
﻿{"id":"log_1777649351000","timestamp":1777649351000,"location":"PlayerCamera.cpp:143","message":"Tick hit detection - component under cursor","data":{"component":"LightTrigger","hasTagCharge":false,"hasTagBattery":false},"runId":"debug1","hypothesisId":"H5"}
﻿{"id":"log_1777649351000","timestamp":1777649351000,"location":"PlayerCamera.cpp:143","message":"Tick hit detection - component under cursor","data":{"component":"LightTrigger","hasTagCharge":false,"hasTagBattery":false},"runId":"debug1","hypothesisId":"H5"}
﻿{"id":"log_1777649351000","timestamp":1777649351000,"location":"PlayerCamera.cpp:143","message":"Tick hit detection - component under cursor","data":{"component":"LightTrigger","hasTagCharge":false,"hasTagBattery":false},"runId":"debug1","hypothesisId":"H5"}
﻿{"id":"log_1777649351000","timestamp":1777649351000,"location":"PlayerCamera.cpp:143","message":"Tick hit detection - component under cursor","data":{"component":"LightTrigger","hasTagCharge":false,"hasTagBattery":false},"runId":"debug1","hypothesisId":"H5"}
﻿{"id":"log_1777649351000","timestamp":1777649351000,"location":"PlayerCamera.cpp:143","message":"Tick hit detection - component under cursor","data":{"component":"LightTrigger","hasTagCharge":false,"hasTagBattery":false},"runId":"debug1","hypothesisId":"H5"}
﻿{"id":"log_1777649351000","timestamp":1777649351000,"location":"PlayerCamera.cpp:143","message":"Tick hit detection - component under cursor","data":{"component":"LightTrigger","hasTagCharge":false,"hasTagBattery":false},"runId":"debug1","hypothesisId":"H5"}
﻿{"id":"log_1777649351000","timestamp":1777649351000,"location":"PlayerCamera.cpp:143","message":"Tick hit detection - component under cursor","data":{"component":"LightTrigger","hasTagCharge":false,"hasTagBattery":false},"runId":"debug1","hypothesisId":"H5"}
﻿{"id":"log_1777649351000","timestamp":1777649351000,"location":"PlayerCamera.cpp:143","message":"Tick hit detection - component under cursor","data":{"component":"LightTrigger","hasTagCharge":false,"hasTagBattery":false},"runId":"debug1","hypothesisId":"H5"}
﻿{"id":"log_1777649351000","timestamp":1777649351000,"location":"PlayerCamera.cpp:143","message":"Tick hit detection - component under cursor","data":{"component":"LightTrigger","hasTagCharge":false,"hasTagBattery":false},"runId":"debug1","hypothesisId":"H5"}
﻿{"id":"log_1777649351000","timestamp":1777649351000,"location":"PlayerCamera.cpp:143","message":"Tick hit detection - component under cursor","data":{"component":"ModelComponent_0","hasTagCharge":false,"hasTagBattery":false},"runId":"debug1","hypothesisId":"H5"}
﻿{"id":"log_1777649351000","timestamp":1777649351000,"location":"PlayerCamera.cpp:143","message":"Tick hit detection - component under cursor","data":{"component":"ModelComponent_0","hasTagCharge":false,"hasTagBattery":false},"runId":"debug1","hypothesisId":"H5"}
﻿{"id":"log_1777649351000","timestamp":1777649351000,"location":"PlayerCamera.cpp:143","message":"Tick hit detection - component under cursor","data":{"component":"ModelComponent_0","hasTagCharge":false,"hasTagBattery":false},"runId":"debug1","hypothesisId":"H5"}
﻿{"id":"log_1777649351000","timestamp":1777649351000,"location":"PlayerCamera.cpp:143","message":"Tick hit detection - component under cursor","data":{"component":"ModelComponent_0","hasTagCharge":false,"hasTagBattery":false},"runId":"debug1","hypothesisId":"H5"}
﻿{"id":"log_1777649351000","timestamp":1777649351000,"location":"PlayerCamera.cpp:143","message":"Tick hit detection - component under cursor","data":{"component":"ModelComponent_0","hasTagCharge":false,"hasTagBattery":false},"runId":"debug1","hypothesisId":"H5"}
﻿{"id":"log_1777649351000","timestamp":1777649351000,"location":"PlayerCamera.cpp:143","message":"Tick hit detection - component under cursor","data":{"component":"ModelComponent_0","hasTagCharge":false,"hasTagBattery":false},"runId":"debug1","hypothesisId":"H5"}
﻿{"id":"log_1777649351000","timestamp":1777649351000,"location":"PlayerCamera.cpp:143","message":"Tick hit detection - component under cursor","data":{"component":"ModelComponent_0","hasTagCharge":false,"hasTagBattery":false},"runId":"debug1","hypothesisId":"H5"}
﻿{"id":"log_1777649351000","timestamp":1777649351000,"location":"PlayerCamera.cpp:143","message":"Tick hit detection - component under cursor","data":{"component":"ModelComponent_0","hasTagCharge":false,"hasTagBattery":false},"runId":"debug1","hypothesisId":"H5"}
﻿{"id":"log_1777649351000","timestamp":1777649351000,"location":"PlayerCamera.cpp:143","message":"Tick hit detection - component under cursor","data":{"component":"ModelComponent_0","hasTagCharge":false,"hasTagBattery":false},"runId":"debug1","hypothesisId":"H5"}
﻿{"id":"log_1777649351000","timestamp":1777649351000,"location":"PlayerCamera.cpp:143","message":"Tick hit detection - component under cursor","data":{"component":"ModelComponent_0","hasTagCharge":false,"hasTagBattery":false},"runId":"debug1","hypothesisId":"H5"}
﻿{"id":"log_1777649351000","timestamp":1777649351000,"location":"PlayerCamera.cpp:143","message":"Tick hit detection - component under cursor","data":{"component":"ModelComponent_0","hasTagCharge":false,"hasTagBattery":false},"runId":"debug1","hypothesisId":"H5"}
﻿{"id":"log_1777649351000","timestamp":1777649351000,"location":"PlayerCamera.cpp:143","message":"Tick hit detection - component under cursor","data":{"component":"ModelComponent_0","hasTagCharge":false,"hasTagBattery":false},"runId":"debug1","hypothesisId":"H5"}
﻿{"id":"log_1777649351000","timestamp":1777649351000,"location":"PlayerCamera.cpp:143","message":"Tick hit detection - component under cursor","data":{"component":"ModelComponent_0","hasTagCharge":false,"hasTagBattery":false},"runId":"debug1","hypothesisId":"H5"}
﻿{"id":"log_1777649351000","timestamp":1777649351000,"location":"PlayerCamera.cpp:143","message":"Tick hit detection - component under cursor","data":{"component":"ModelComponent_0","hasTagCharge":false,"hasTagBattery":false},"runId":"debug1","hypothesisId":"H5"}
﻿{"id":"log_1777649351000","timestamp":1777649351000,"location":"PlayerCamera.cpp:143","message":"Tick hit detection - component under cursor","data":{"component":"ModelComponent_0","hasTagCharge":false,"hasTagBattery":false},"runId":"debug1","hypothesisId":"H5"}
﻿{"id":"log_1777649351000","timestamp":1777649351000,"location":"PlayerCamera.cpp:143","message":"Tick hit detection - component under cursor","data":{"component":"ModelComponent_0","hasTagCharge":false,"hasTagBattery":false},"runId":"debug1","hypothesisId":"H5"}
﻿{"id":"log_1777649351000","timestamp":1777649351000,"location":"PlayerCamera.cpp:143","message":"Tick hit detection - component under cursor","data":{"component":"ModelComponent_0","hasTagCharge":false,"hasTagBattery":false},"runId":"debug1","hypothesisId":"H5"}
﻿{"id":"log_1777649351000","timestamp":1777649351000,"location":"PlayerCamera.cpp:143","message":"Tick hit detection - component under cursor","data":{"component":"ModelComponent_0","hasTagCharge":false,"hasTagBattery":false},"runId":"debug1","hypothesisId":"H5"}
﻿{"id":"log_1777649351000","timestamp":1777649351000,"location":"PlayerCamera.cpp:143","message":"Tick hit detection - component under cursor","data":{"component":"ModelComponent_0","hasTagCharge":false,"hasTagBattery":false},"runId":"debug1","hypothesisId":"H5"}
﻿{"id":"log_1777649351000","timestamp":1777649351000,"location":"PlayerCamera.cpp:143","message":"Tick hit detection - component under cursor","data":{"component":"ModelComponent_0","hasTagCharge":false,"hasTagBattery":false},"runId":"debug1","hypothesisId":"H5"}
﻿{"id":"log_1777649351000","timestamp":1777649351000,"location":"PlayerCamera.cpp:143","message":"Tick hit detection - component under cursor","data":{"component":"ModelComponent_0","hasTagCharge":false,"hasTagBattery":false},"runId":"debug1","hypothesisId":"H5"}
﻿{"id":"log_1777649351000","timestamp":1777649351000,"location":"PlayerCamera.cpp:143","message":"Tick hit detection - component under cursor","data":{"component":"ModelComponent_0","hasTagCharge":false,"hasTagBattery":false},"runId":"debug1","hypothesisId":"H5"}
﻿{"id":"log_1777649351000","timestamp":1777649351000,"location":"PlayerCamera.cpp:143","message":"Tick hit detection - component under cursor","data":{"component":"ModelComponent_0","hasTagCharge":false,"hasTagBattery":false},"runId":"debug1","hypothesisId":"H5"}
﻿{"id":"log_1777649351000","timestamp":1777649351000,"location":"PlayerCamera.cpp:143","message":"Tick hit detection - component under cursor","data":{"component":"ModelComponent_0","hasTagCharge":false,"hasTagBattery":false},"runId":"debug1","hypothesisId":"H5"}
﻿{"id":"log_1777649351000","timestamp":1777649351000,"location":"PlayerCamera.cpp:143","message":"Tick hit detection - component under cursor","data":{"component":"ModelComponent_0","hasTagCharge":false,"hasTagBattery":false},"runId":"debug1","hypothesisId":"H5"}
﻿{"id":"log_1777649351000","timestamp":1777649351000,"location":"PlayerCamera.cpp:143","message":"Tick hit detection - component under cursor","data":{"component":"ModelComponent_0","hasTagCharge":false,"hasTagBattery":false},"runId":"debug1","hypothesisId":"H5"}
﻿{"id":"log_1777649351000","timestamp":1777649351000,"location":"PlayerCamera.cpp:143","message":"Tick hit detection - component under cursor","data":{"component":"ModelComponent_0","hasTagCharge":false,"hasTagBattery":false},"runId":"debug1","hypothesisId":"H5"}
﻿{"id":"log_1777649351000","timestamp":1777649351000,"location":"PlayerCamera.cpp:143","message":"Tick hit detection - component under cursor","data":{"component":"ModelComponent_0","hasTagCharge":false,"hasTagBattery":false},"runId":"debug1","hypothesisId":"H5"}
﻿{"id":"log_1777649351000","timestamp":1777649351000,"location":"PlayerCamera.cpp:143","message":"Tick hit detection - component under cursor","data":{"component":"ModelComponent_0","hasTagCharge":false,"hasTagBattery":false},"runId":"debug1","hypothesisId":"H5"}
﻿{"id":"log_1777649351000","timestamp":1777649351000,"location":"PlayerCamera.cpp:143","message":"Tick hit detection - component under cursor","data":{"component":"ModelComponent_0","hasTagCharge":false,"hasTagBattery":false},"runId":"debug1","hypothesisId":"H5"}
﻿{"id":"log_1777649351000","timestamp":1777649351000,"location":"PlayerCamera.cpp:143","message":"Tick hit detection - component under cursor","data":{"component":"ModelComponent_0","hasTagCharge":false,"hasTagBattery":false},"runId":"debug1","hypothesisId":"H5"}
﻿{"id":"log_1777649351000","timestamp":1777649351000,"location":"PlayerCamera.cpp:143","message":"Tick hit detection - component under cursor","data":{"component":"ModelComponent_0","hasTagCharge":false,"hasTagBattery":false},"runId":"debug1","hypothesisId":"H5"}
﻿{"id":"log_1777649351000","timestamp":1777649351000,"location":"PlayerCamera.cpp:143","message":"Tick hit detection - component under cursor","data":{"component":"ModelComponent_0","hasTagCharge":false,"hasTagBattery":false},"runId":"debug1","hypothesisId":"H5"}
﻿{"id":"log_1777649351000","timestamp":1777649351000,"location":"PlayerCamera.cpp:143","message":"Tick hit detection - component under cursor","data":{"component":"BatteryBase","hasTagCharge":false,"hasTagBattery":true},"runId":"debug1","hypothesisId":"H5"}
﻿{"id":"log_1777649351000","timestamp":1777649351000,"location":"PlayerCamera.cpp:143","message":"Tick hit detection - component under cursor","data":{"component":"BatteryBase","hasTagCharge":false,"hasTagBattery":true},"runId":"debug1","hypothesisId":"H5"}
﻿{"id":"log_1777649351000","timestamp":1777649351000,"location":"PlayerCamera.cpp:143","message":"Tick hit detection - component under cursor","data":{"component":"BatteryBase","hasTagCharge":false,"hasTagBattery":true},"runId":"debug1","hypothesisId":"H5"}
﻿{"id":"log_1777649351000","timestamp":1777649351000,"location":"PlayerCamera.cpp:143","message":"Tick hit detection - component under cursor","data":{"component":"BatteryBase","hasTagCharge":false,"hasTagBattery":true},"runId":"debug1","hypothesisId":"H5"}
﻿{"id":"log_1777649352000","timestamp":1777649352000,"location":"PlayerCamera.cpp:143","message":"Tick hit detection - component under cursor","data":{"component":"BatteryBase","hasTagCharge":false,"hasTagBattery":true},"runId":"debug1","hypothesisId":"H5"}
﻿{"id":"log_1777649352000","timestamp":1777649352000,"location":"PlayerCamera.cpp:143","message":"Tick hit detection - component under cursor","data":{"component":"BatteryBase","hasTagCharge":false,"hasTagBattery":true},"runId":"debug1","hypothesisId":"H5"}
﻿{"id":"log_1777649352000","timestamp":1777649352000,"location":"PlayerCamera.cpp:143","message":"Tick hit detection - component under cursor","data":{"component":"BatteryBase","hasTagCharge":false,"hasTagBattery":true},"runId":"debug1","hypothesisId":"H5"}
﻿{"id":"log_1777649352000","timestamp":1777649352000,"location":"PlayerCamera.cpp:143","message":"Tick hit detection - component under cursor","data":{"component":"BatteryBase","hasTagCharge":false,"hasTagBattery":true},"runId":"debug1","hypothesisId":"H5"}
﻿{"id":"log_1777649352000","timestamp":1777649352000,"location":"PlayerCamera.cpp:143","message":"Tick hit detection - component under cursor","data":{"component":"BatteryBase","hasTagCharge":false,"hasTagBattery":true},"runId":"debug1","hypothesisId":"H5"}
﻿{"id":"log_1777649352000","timestamp":1777649352000,"location":"PlayerCamera.cpp:143","message":"Tick hit detection - component under cursor","data":{"component":"BatteryBase","hasTagCharge":false,"hasTagBattery":true},"runId":"debug1","hypothesisId":"H5"}
﻿{"id":"log_1777649352000","timestamp":1777649352000,"location":"PlayerCamera.cpp:143","message":"Tick hit detection - component under cursor","data":{"component":"BatteryBase","hasTagCharge":false,"hasTagBattery":true},"runId":"debug1","hypothesisId":"H5"}
﻿{"id":"log_1777649352000","timestamp":1777649352000,"location":"PlayerCamera.cpp:143","message":"Tick hit detection - component under cursor","data":{"component":"BatteryBase","hasTagCharge":false,"hasTagBattery":true},"runId":"debug1","hypothesisId":"H5"}
﻿{"id":"log_1777649352000","timestamp":1777649352000,"location":"PlayerCamera.cpp:143","message":"Tick hit detection - component under cursor","data":{"component":"BatteryBase","hasTagCharge":false,"hasTagBattery":true},"runId":"debug1","hypothesisId":"H5"}
﻿{"id":"log_1777649352000","timestamp":1777649352000,"location":"PlayerCamera.cpp:143","message":"Tick hit detection - component under cursor","data":{"component":"BatteryBase","hasTagCharge":false,"hasTagBattery":true},"runId":"debug1","hypothesisId":"H5"}
﻿{"id":"log_1777649352000","timestamp":1777649352000,"location":"PlayerCamera.cpp:143","message":"Tick hit detection - component under cursor","data":{"component":"BatteryBase","hasTagCharge":false,"hasTagBattery":true},"runId":"debug1","hypothesisId":"H5"}
﻿{"id":"log_1777649352000","timestamp":1777649352000,"location":"PlayerCamera.cpp:143","message":"Tick hit detection - component under cursor","data":{"component":"BatteryBase","hasTagCharge":false,"hasTagBattery":true},"runId":"debug1","hypothesisId":"H5"}
﻿{"id":"log_1777649352000","timestamp":1777649352000,"location":"PlayerCamera.cpp:143","message":"Tick hit detection - component under cursor","data":{"component":"BatteryBase","hasTagCharge":false,"hasTagBattery":true},"runId":"debug1","hypothesisId":"H5"}
﻿{"id":"log_1777649352000","timestamp":1777649352000,"location":"PlayerCamera.cpp:143","message":"Tick hit detection - component under cursor","data":{"component":"BatteryBase","hasTagCharge":false,"hasTagBattery":true},"runId":"debug1","hypothesisId":"H5"}
﻿{"id":"log_1777649352000","timestamp":1777649352000,"location":"PlayerCamera.cpp:143","message":"Tick hit detection - component under cursor","data":{"component":"BatteryBase","hasTagCharge":false,"hasTagBattery":true},"runId":"debug1","hypothesisId":"H5"}
﻿{"id":"log_1777649352000","timestamp":1777649352000,"location":"PlayerCamera.cpp:143","message":"Tick hit detection - component under cursor","data":{"component":"BatteryBase","hasTagCharge":false,"hasTagBattery":true},"runId":"debug1","hypothesisId":"H5"}
﻿{"id":"log_1777649352000","timestamp":1777649352000,"location":"PlayerCamera.cpp:143","message":"Tick hit detection - component under cursor","data":{"component":"BatteryBase","hasTagCharge":false,"hasTagBattery":true},"runId":"debug1","hypothesisId":"H5"}
﻿{"id":"log_1777649352000","timestamp":1777649352000,"location":"PlayerCamera.cpp:143","message":"Tick hit detection - component under cursor","data":{"component":"BatteryBase","hasTagCharge":false,"hasTagBattery":true},"runId":"debug1","hypothesisId":"H5"}
﻿{"id":"log_1777649352000","timestamp":1777649352000,"location":"PlayerCamera.cpp:143","message":"Tick hit detection - component under cursor","data":{"component":"BatteryBase","hasTagCharge":false,"hasTagBattery":true},"runId":"debug1","hypothesisId":"H5"}
﻿{"id":"log_1777649352000","timestamp":1777649352000,"location":"PlayerCamera.cpp:143","message":"Tick hit detection - component under cursor","data":{"component":"BatteryBase","hasTagCharge":false,"hasTagBattery":true},"runId":"debug1","hypothesisId":"H5"}
﻿{"id":"log_1777649352000","timestamp":1777649352000,"location":"PlayerCamera.cpp:143","message":"Tick hit detection - component under cursor","data":{"component":"BatteryBase","hasTagCharge":false,"hasTagBattery":true},"runId":"debug1","hypothesisId":"H5"}
﻿{"id":"log_1777649352000","timestamp":1777649352000,"location":"PlayerCamera.cpp:143","message":"Tick hit detection - component under cursor","data":{"component":"BatteryBase","hasTagCharge":false,"hasTagBattery":true},"runId":"debug1","hypothesisId":"H5"}
﻿{"id":"log_1777649352000","timestamp":1777649352000,"location":"PlayerCamera.cpp:143","message":"Tick hit detection - component under cursor","data":{"component":"BatteryBase","hasTagCharge":false,"hasTagBattery":true},"runId":"debug1","hypothesisId":"H5"}
﻿{"id":"log_1777649352000","timestamp":1777649352000,"location":"PlayerCamera.cpp:143","message":"Tick hit detection - component under cursor","data":{"component":"BatteryBase","hasTagCharge":false,"hasTagBattery":true},"runId":"debug1","hypothesisId":"H5"}
﻿{"id":"log_1777649352000","timestamp":1777649352000,"location":"PlayerCamera.cpp:143","message":"Tick hit detection - component under cursor","data":{"component":"BatteryBase","hasTagCharge":false,"hasTagBattery":true},"runId":"debug1","hypothesisId":"H5"}
﻿{"id":"log_1777649352000","timestamp":1777649352000,"location":"PlayerCamera.cpp:143","message":"Tick hit detection - component under cursor","data":{"component":"BatteryBase","hasTagCharge":false,"hasTagBattery":true},"runId":"debug1","hypothesisId":"H5"}
﻿{"id":"log_1777649352000","timestamp":1777649352000,"location":"PlayerCamera.cpp:143","message":"Tick hit detection - component under cursor","data":{"component":"BatteryBase","hasTagCharge":false,"hasTagBattery":true},"runId":"debug1","hypothesisId":"H5"}
﻿{"id":"log_1777649352000","timestamp":1777649352000,"location":"PlayerCamera.cpp:143","message":"Tick hit detection - component under cursor","data":{"component":"BatteryBase","hasTagCharge":false,"hasTagBattery":true},"runId":"debug1","hypothesisId":"H5"}
﻿{"id":"log_1777649352000","timestamp":1777649352000,"location":"PlayerCamera.cpp:143","message":"Tick hit detection - component under cursor","data":{"component":"BatteryBase","hasTagCharge":false,"hasTagBattery":true},"runId":"debug1","hypothesisId":"H5"}
﻿{"id":"log_1777649352000","timestamp":1777649352000,"location":"PlayerCamera.cpp:143","message":"Tick hit detection - component under cursor","data":{"component":"BatteryBase","hasTagCharge":false,"hasTagBattery":true},"runId":"debug1","hypothesisId":"H5"}
﻿{"id":"log_1777649352000","timestamp":1777649352000,"location":"PlayerCamera.cpp:143","message":"Tick hit detection - component under cursor","data":{"component":"BatteryBase","hasTagCharge":false,"hasTagBattery":true},"runId":"debug1","hypothesisId":"H5"}
﻿{"id":"log_1777649352000","timestamp":1777649352000,"location":"PlayerCamera.cpp:190","message":"InteractInput triggered via EnhancedInput (hypothesis H2: enhanced-input-conflict)","data":{"action":"Started"},"runId":"debug1","hypothesisId":"H2"}
﻿{"id":"log_1777649352000","timestamp":1777649352000,"location":"PlayerCamera.cpp:143","message":"Tick hit detection - component under cursor","data":{"component":"BatterySlot_0","hasTagCharge":false,"hasTagBattery":false},"runId":"debug1","hypothesisId":"H5"}
﻿{"id":"log_1777649352000","timestamp":1777649352000,"location":"PlayerCamera.cpp:143","message":"Tick hit detection - component under cursor","data":{"component":"BatterySlot_0","hasTagCharge":false,"hasTagBattery":false},"runId":"debug1","hypothesisId":"H5"}
﻿{"id":"log_1777649352000","timestamp":1777649352000,"location":"PlayerCamera.cpp:143","message":"Tick hit detection - component under cursor","data":{"component":"BatterySlot_0","hasTagCharge":false,"hasTagBattery":false},"runId":"debug1","hypothesisId":"H5"}
﻿{"id":"log_1777649352000","timestamp":1777649352000,"location":"PlayerCamera.cpp:143","message":"Tick hit detection - component under cursor","data":{"component":"BatterySlot_0","hasTagCharge":false,"hasTagBattery":false},"runId":"debug1","hypothesisId":"H5"}
﻿{"id":"log_1777649352000","timestamp":1777649352000,"location":"PlayerCamera.cpp:143","message":"Tick hit detection - component under cursor","data":{"component":"BatterySlot_0","hasTagCharge":false,"hasTagBattery":false},"runId":"debug1","hypothesisId":"H5"}
﻿{"id":"log_1777649352000","timestamp":1777649352000,"location":"PlayerCamera.cpp:143","message":"Tick hit detection - component under cursor","data":{"component":"BatterySlot_0","hasTagCharge":false,"hasTagBattery":false},"runId":"debug1","hypothesisId":"H5"}
﻿{"id":"log_1777649352000","timestamp":1777649352000,"location":"PlayerCamera.cpp:143","message":"Tick hit detection - component under cursor","data":{"component":"BatterySlot_0","hasTagCharge":false,"hasTagBattery":false},"runId":"debug1","hypothesisId":"H5"}
﻿{"id":"log_1777649352000","timestamp":1777649352000,"location":"PlayerCamera.cpp:143","message":"Tick hit detection - component under cursor","data":{"component":"BatterySlot_0","hasTagCharge":false,"hasTagBattery":false},"runId":"debug1","hypothesisId":"H5"}
﻿{"id":"log_1777649352000","timestamp":1777649352000,"location":"PlayerCamera.cpp:143","message":"Tick hit detection - component under cursor","data":{"component":"BatterySlot_0","hasTagCharge":false,"hasTagBattery":false},"runId":"debug1","hypothesisId":"H5"}
﻿{"id":"log_1777649352000","timestamp":1777649352000,"location":"PlayerCamera.cpp:143","message":"Tick hit detection - component under cursor","data":{"component":"BatterySlot_0","hasTagCharge":false,"hasTagBattery":false},"runId":"debug1","hypothesisId":"H5"}
﻿{"id":"log_1777649352000","timestamp":1777649352000,"location":"PlayerCamera.cpp:143","message":"Tick hit detection - component under cursor","data":{"component":"BatterySlot_0","hasTagCharge":false,"hasTagBattery":false},"runId":"debug1","hypothesisId":"H5"}
﻿{"id":"log_1777649352000","timestamp":1777649352000,"location":"PlayerCamera.cpp:143","message":"Tick hit detection - component under cursor","data":{"component":"BatterySlot_0","hasTagCharge":false,"hasTagBattery":false},"runId":"debug1","hypothesisId":"H5"}
﻿{"id":"log_1777649352000","timestamp":1777649352000,"location":"PlayerCamera.cpp:143","message":"Tick hit detection - component under cursor","data":{"component":"BatterySlot_0","hasTagCharge":false,"hasTagBattery":false},"runId":"debug1","hypothesisId":"H5"}
﻿{"id":"log_1777649352000","timestamp":1777649352000,"location":"PlayerCamera.cpp:143","message":"Tick hit detection - component under cursor","data":{"component":"BatterySlot_0","hasTagCharge":false,"hasTagBattery":false},"runId":"debug1","hypothesisId":"H5"}
﻿{"id":"log_1777649352000","timestamp":1777649352000,"location":"PlayerCamera.cpp:143","message":"Tick hit detection - component under cursor","data":{"component":"BatterySlot_0","hasTagCharge":false,"hasTagBattery":false},"runId":"debug1","hypothesisId":"H5"}
﻿{"id":"log_1777649352000","timestamp":1777649352000,"location":"PlayerCamera.cpp:143","message":"Tick hit detection - component under cursor","data":{"component":"BatterySlot_0","hasTagCharge":false,"hasTagBattery":false},"runId":"debug1","hypothesisId":"H5"}
﻿{"id":"log_1777649352000","timestamp":1777649352000,"location":"PlayerCamera.cpp:143","message":"Tick hit detection - component under cursor","data":{"component":"BatterySlot_0","hasTagCharge":false,"hasTagBattery":false},"runId":"debug1","hypothesisId":"H5"}
﻿{"id":"log_1777649352000","timestamp":1777649352000,"location":"PlayerCamera.cpp:143","message":"Tick hit detection - component under cursor","data":{"component":"BatterySlot_0","hasTagCharge":false,"hasTagBattery":false},"runId":"debug1","hypothesisId":"H5"}
﻿{"id":"log_1777649352000","timestamp":1777649352000,"location":"PlayerCamera.cpp:143","message":"Tick hit detection - component under cursor","data":{"component":"BatterySlot_0","hasTagCharge":false,"hasTagBattery":false},"runId":"debug1","hypothesisId":"H5"}
﻿{"id":"log_1777649352000","timestamp":1777649352000,"location":"PlayerCamera.cpp:143","message":"Tick hit detection - component under cursor","data":{"component":"BatterySlot_0","hasTagCharge":false,"hasTagBattery":false},"runId":"debug1","hypothesisId":"H5"}
﻿{"id":"log_1777649352000","timestamp":1777649352000,"location":"PlayerCamera.cpp:143","message":"Tick hit detection - component under cursor","data":{"component":"BatterySlot_0","hasTagCharge":false,"hasTagBattery":false},"runId":"debug1","hypothesisId":"H5"}
﻿{"id":"log_1777649352000","timestamp":1777649352000,"location":"PlayerCamera.cpp:143","message":"Tick hit detection - component under cursor","data":{"component":"BatterySlot_0","hasTagCharge":false,"hasTagBattery":false},"runId":"debug1","hypothesisId":"H5"}
﻿{"id":"log_1777649352000","timestamp":1777649352000,"location":"PlayerCamera.cpp:143","message":"Tick hit detection - component under cursor","data":{"component":"BatterySlot_0","hasTagCharge":false,"hasTagBattery":false},"runId":"debug1","hypothesisId":"H5"}
﻿{"id":"log_1777649352000","timestamp":1777649352000,"location":"PlayerCamera.cpp:143","message":"Tick hit detection - component under cursor","data":{"component":"BatterySlot_0","hasTagCharge":false,"hasTagBattery":false},"runId":"debug1","hypothesisId":"H5"}
﻿{"id":"log_1777649352000","timestamp":1777649352000,"location":"PlayerCamera.cpp:143","message":"Tick hit detection - component under cursor","data":{"component":"BatterySlot_0","hasTagCharge":false,"hasTagBattery":false},"runId":"debug1","hypothesisId":"H5"}
﻿{"id":"log_1777649352000","timestamp":1777649352000,"location":"PlayerCamera.cpp:143","message":"Tick hit detection - component under cursor","data":{"component":"BatterySlot_0","hasTagCharge":false,"hasTagBattery":false},"runId":"debug1","hypothesisId":"H5"}
﻿{"id":"log_1777649352000","timestamp":1777649352000,"location":"PlayerCamera.cpp:143","message":"Tick hit detection - component under cursor","data":{"component":"BatterySlot_0","hasTagCharge":false,"hasTagBattery":false},"runId":"debug1","hypothesisId":"H5"}
﻿{"id":"log_1777649352000","timestamp":1777649352000,"location":"PlayerCamera.cpp:143","message":"Tick hit detection - component under cursor","data":{"component":"BatterySlot_0","hasTagCharge":false,"hasTagBattery":false},"runId":"debug1","hypothesisId":"H5"}
﻿{"id":"log_1777649352000","timestamp":1777649352000,"location":"PlayerCamera.cpp:143","message":"Tick hit detection - component under cursor","data":{"component":"BatterySlot_0","hasTagCharge":false,"hasTagBattery":false},"runId":"debug1","hypothesisId":"H5"}
﻿{"id":"log_1777649353000","timestamp":1777649353000,"location":"PlayerCamera.cpp:143","message":"Tick hit detection - component under cursor","data":{"component":"BatterySlot_0","hasTagCharge":false,"hasTagBattery":false},"runId":"debug1","hypothesisId":"H5"}
﻿{"id":"log_1777649353000","timestamp":1777649353000,"location":"PlayerCamera.cpp:143","message":"Tick hit detection - component under cursor","data":{"component":"BatterySlot_0","hasTagCharge":false,"hasTagBattery":false},"runId":"debug1","hypothesisId":"H5"}
﻿{"id":"log_1777649353000","timestamp":1777649353000,"location":"PlayerCamera.cpp:143","message":"Tick hit detection - component under cursor","data":{"component":"BatterySlot_0","hasTagCharge":false,"hasTagBattery":false},"runId":"debug1","hypothesisId":"H5"}
﻿{"id":"log_1777649353000","timestamp":1777649353000,"location":"PlayerCamera.cpp:143","message":"Tick hit detection - component under cursor","data":{"component":"BatterySlot_0","hasTagCharge":false,"hasTagBattery":false},"runId":"debug1","hypothesisId":"H5"}
﻿{"id":"log_1777649353000","timestamp":1777649353000,"location":"PlayerCamera.cpp:143","message":"Tick hit detection - component under cursor","data":{"component":"BatterySlot_0","hasTagCharge":false,"hasTagBattery":false},"runId":"debug1","hypothesisId":"H5"}
﻿{"id":"log_1777649353000","timestamp":1777649353000,"location":"PlayerCamera.cpp:143","message":"Tick hit detection - component under cursor","data":{"component":"BatterySlot_0","hasTagCharge":false,"hasTagBattery":false},"runId":"debug1","hypothesisId":"H5"}
﻿{"id":"log_1777649353000","timestamp":1777649353000,"location":"PlayerCamera.cpp:143","message":"Tick hit detection - component under cursor","data":{"component":"BatterySlot_0","hasTagCharge":false,"hasTagBattery":false},"runId":"debug1","hypothesisId":"H5"}
﻿{"id":"log_1777649353000","timestamp":1777649353000,"location":"PlayerCamera.cpp:143","message":"Tick hit detection - component under cursor","data":{"component":"BatterySlot_0","hasTagCharge":false,"hasTagBattery":false},"runId":"debug1","hypothesisId":"H5"}
﻿{"id":"log_1777649353000","timestamp":1777649353000,"location":"PlayerCamera.cpp:143","message":"Tick hit detection - component under cursor","data":{"component":"BatterySlot_0","hasTagCharge":false,"hasTagBattery":false},"runId":"debug1","hypothesisId":"H5"}
﻿{"id":"log_1777649353000","timestamp":1777649353000,"location":"PlayerCamera.cpp:143","message":"Tick hit detection - component under cursor","data":{"component":"BatterySlot_0","hasTagCharge":false,"hasTagBattery":false},"runId":"debug1","hypothesisId":"H5"}
﻿{"id":"log_1777649353000","timestamp":1777649353000,"location":"PlayerCamera.cpp:143","message":"Tick hit detection - component under cursor","data":{"component":"BatterySlot_0","hasTagCharge":false,"hasTagBattery":false},"runId":"debug1","hypothesisId":"H5"}
﻿{"id":"log_1777649353000","timestamp":1777649353000,"location":"PlayerCamera.cpp:143","message":"Tick hit detection - component under cursor","data":{"component":"BatterySlot_0","hasTagCharge":false,"hasTagBattery":false},"runId":"debug1","hypothesisId":"H5"}
﻿{"id":"log_1777649353000","timestamp":1777649353000,"location":"PlayerCamera.cpp:143","message":"Tick hit detection - component under cursor","data":{"component":"BatterySlot_0","hasTagCharge":false,"hasTagBattery":false},"runId":"debug1","hypothesisId":"H5"}
﻿{"id":"log_1777649353000","timestamp":1777649353000,"location":"PlayerCamera.cpp:143","message":"Tick hit detection - component under cursor","data":{"component":"BatterySlot_0","hasTagCharge":false,"hasTagBattery":false},"runId":"debug1","hypothesisId":"H5"}
﻿{"id":"log_1777649353000","timestamp":1777649353000,"location":"PlayerCamera.cpp:143","message":"Tick hit detection - component under cursor","data":{"component":"BatterySlot_0","hasTagCharge":false,"hasTagBattery":false},"runId":"debug1","hypothesisId":"H5"}
﻿{"id":"log_1777649353000","timestamp":1777649353000,"location":"PlayerCamera.cpp:143","message":"Tick hit detection - component under cursor","data":{"component":"BatterySlot_0","hasTagCharge":false,"hasTagBattery":false},"runId":"debug1","hypothesisId":"H5"}
﻿{"id":"log_1777649353000","timestamp":1777649353000,"location":"PlayerCamera.cpp:143","message":"Tick hit detection - component under cursor","data":{"component":"BatterySlot_0","hasTagCharge":false,"hasTagBattery":false},"runId":"debug1","hypothesisId":"H5"}
﻿{"id":"log_1777649353000","timestamp":1777649353000,"location":"PlayerCamera.cpp:143","message":"Tick hit detection - component under cursor","data":{"component":"BatterySlot_0","hasTagCharge":false,"hasTagBattery":false},"runId":"debug1","hypothesisId":"H5"}
﻿{"id":"log_1777649353000","timestamp":1777649353000,"location":"PlayerCamera.cpp:143","message":"Tick hit detection - component under cursor","data":{"component":"BatterySlot_0","hasTagCharge":false,"hasTagBattery":false},"runId":"debug1","hypothesisId":"H5"}
﻿{"id":"log_1777649353000","timestamp":1777649353000,"location":"PlayerCamera.cpp:143","message":"Tick hit detection - component under cursor","data":{"component":"BatterySlot_0","hasTagCharge":false,"hasTagBattery":false},"runId":"debug1","hypothesisId":"H5"}
﻿{"id":"log_1777649353000","timestamp":1777649353000,"location":"PlayerCamera.cpp:143","message":"Tick hit detection - component under cursor","data":{"component":"BatterySlot_0","hasTagCharge":false,"hasTagBattery":false},"runId":"debug1","hypothesisId":"H5"}
﻿{"id":"log_1777649353000","timestamp":1777649353000,"location":"PlayerCamera.cpp:143","message":"Tick hit detection - component under cursor","data":{"component":"BatterySlot_0","hasTagCharge":false,"hasTagBattery":false},"runId":"debug1","hypothesisId":"H5"}
﻿{"id":"log_1777649353000","timestamp":1777649353000,"location":"PlayerCamera.cpp:143","message":"Tick hit detection - component under cursor","data":{"component":"BatterySlot_0","hasTagCharge":false,"hasTagBattery":false},"runId":"debug1","hypothesisId":"H5"}
﻿{"id":"log_1777649353000","timestamp":1777649353000,"location":"PlayerCamera.cpp:143","message":"Tick hit detection - component under cursor","data":{"component":"BatterySlot_0","hasTagCharge":false,"hasTagBattery":false},"runId":"debug1","hypothesisId":"H5"}
﻿{"id":"log_1777649353000","timestamp":1777649353000,"location":"BatterySlotTrigger.cpp:29","message":"OnButtonClicked triggered (hypothesis H3: click-event-dispatch)","data":{"touched":"true","key":"LeftMouseButton"},"runId":"debug1","hypothesisId":"H3"}
﻿{"id":"log_1777649353000","timestamp":1777649353000,"location":"PlayerCamera.cpp:190","message":"InteractInput triggered via EnhancedInput (hypothesis H2: enhanced-input-conflict)","data":{"action":"Started"},"runId":"debug1","hypothesisId":"H2"}
﻿{"id":"log_1777649353000","timestamp":1777649353000,"location":"PlayerCamera.cpp:143","message":"Tick hit detection - component under cursor","data":{"component":"BatteryBase","hasTagCharge":false,"hasTagBattery":true},"runId":"debug1","hypothesisId":"H5"}
﻿{"id":"log_1777649353000","timestamp":1777649353000,"location":"PlayerCamera.cpp:143","message":"Tick hit detection - component under cursor","data":{"component":"BatteryBase","hasTagCharge":false,"hasTagBattery":true},"runId":"debug1","hypothesisId":"H5"}
﻿{"id":"log_1777649353000","timestamp":1777649353000,"location":"PlayerCamera.cpp:143","message":"Tick hit detection - component under cursor","data":{"component":"BatteryBase","hasTagCharge":false,"hasTagBattery":true},"runId":"debug1","hypothesisId":"H5"}
﻿{"id":"log_1777649353000","timestamp":1777649353000,"location":"PlayerCamera.cpp:143","message":"Tick hit detection - component under cursor","data":{"component":"BatteryBase","hasTagCharge":false,"hasTagBattery":true},"runId":"debug1","hypothesisId":"H5"}
﻿{"id":"log_1777649353000","timestamp":1777649353000,"location":"PlayerCamera.cpp:143","message":"Tick hit detection - component under cursor","data":{"component":"BatteryBase","hasTagCharge":false,"hasTagBattery":true},"runId":"debug1","hypothesisId":"H5"}
﻿{"id":"log_1777649353000","timestamp":1777649353000,"location":"PlayerCamera.cpp:143","message":"Tick hit detection - component under cursor","data":{"component":"BatteryBase","hasTagCharge":false,"hasTagBattery":true},"runId":"debug1","hypothesisId":"H5"}
﻿{"id":"log_1777649353000","timestamp":1777649353000,"location":"PlayerCamera.cpp:143","message":"Tick hit detection - component under cursor","data":{"component":"BatteryBase","hasTagCharge":false,"hasTagBattery":true},"runId":"debug1","hypothesisId":"H5"}
﻿{"id":"log_1777649353000","timestamp":1777649353000,"location":"PlayerCamera.cpp:143","message":"Tick hit detection - component under cursor","data":{"component":"BatteryBase","hasTagCharge":false,"hasTagBattery":true},"runId":"debug1","hypothesisId":"H5"}
﻿{"id":"log_1777649353000","timestamp":1777649353000,"location":"PlayerCamera.cpp:143","message":"Tick hit detection - component under cursor","data":{"component":"BatteryBase","hasTagCharge":false,"hasTagBattery":true},"runId":"debug1","hypothesisId":"H5"}
﻿{"id":"log_1777649353000","timestamp":1777649353000,"location":"PlayerCamera.cpp:143","message":"Tick hit detection - component under cursor","data":{"component":"BatteryBase","hasTagCharge":false,"hasTagBattery":true},"runId":"debug1","hypothesisId":"H5"}
﻿{"id":"log_1777649353000","timestamp":1777649353000,"location":"PlayerCamera.cpp:143","message":"Tick hit detection - component under cursor","data":{"component":"BatteryBase","hasTagCharge":false,"hasTagBattery":true},"runId":"debug1","hypothesisId":"H5"}
﻿{"id":"log_1777649353000","timestamp":1777649353000,"location":"PlayerCamera.cpp:143","message":"Tick hit detection - component under cursor","data":{"component":"BatteryBase","hasTagCharge":false,"hasTagBattery":true},"runId":"debug1","hypothesisId":"H5"}
﻿{"id":"log_1777649353000","timestamp":1777649353000,"location":"PlayerCamera.cpp:143","message":"Tick hit detection - component under cursor","data":{"component":"BatteryBase","hasTagCharge":false,"hasTagBattery":true},"runId":"debug1","hypothesisId":"H5"}
﻿{"id":"log_1777649353000","timestamp":1777649353000,"location":"PlayerCamera.cpp:143","message":"Tick hit detection - component under cursor","data":{"component":"BatteryBase","hasTagCharge":false,"hasTagBattery":true},"runId":"debug1","hypothesisId":"H5"}
﻿{"id":"log_1777649353000","timestamp":1777649353000,"location":"PlayerCamera.cpp:143","message":"Tick hit detection - component under cursor","data":{"component":"BatteryBase","hasTagCharge":false,"hasTagBattery":true},"runId":"debug1","hypothesisId":"H5"}
﻿{"id":"log_1777649353000","timestamp":1777649353000,"location":"PlayerCamera.cpp:143","message":"Tick hit detection - component under cursor","data":{"component":"BatteryBase","hasTagCharge":false,"hasTagBattery":true},"runId":"debug1","hypothesisId":"H5"}
﻿{"id":"log_1777649353000","timestamp":1777649353000,"location":"PlayerCamera.cpp:143","message":"Tick hit detection - component under cursor","data":{"component":"BatteryBase","hasTagCharge":false,"hasTagBattery":true},"runId":"debug1","hypothesisId":"H5"}
﻿{"id":"log_1777649353000","timestamp":1777649353000,"location":"PlayerCamera.cpp:143","message":"Tick hit detection - component under cursor","data":{"component":"BatteryBase","hasTagCharge":false,"hasTagBattery":true},"runId":"debug1","hypothesisId":"H5"}
﻿{"id":"log_1777649353000","timestamp":1777649353000,"location":"PlayerCamera.cpp:143","message":"Tick hit detection - component under cursor","data":{"component":"BatteryBase","hasTagCharge":false,"hasTagBattery":true},"runId":"debug1","hypothesisId":"H5"}
﻿{"id":"log_1777649353000","timestamp":1777649353000,"location":"PlayerCamera.cpp:143","message":"Tick hit detection - component under cursor","data":{"component":"BatteryBase","hasTagCharge":false,"hasTagBattery":true},"runId":"debug1","hypothesisId":"H5"}
﻿{"id":"log_1777649353000","timestamp":1777649353000,"location":"PlayerCamera.cpp:143","message":"Tick hit detection - component under cursor","data":{"component":"BatteryBase","hasTagCharge":false,"hasTagBattery":true},"runId":"debug1","hypothesisId":"H5"}
﻿{"id":"log_1777649353000","timestamp":1777649353000,"location":"PlayerCamera.cpp:143","message":"Tick hit detection - component under cursor","data":{"component":"BatteryBase","hasTagCharge":false,"hasTagBattery":true},"runId":"debug1","hypothesisId":"H5"}
﻿{"id":"log_1777649353000","timestamp":1777649353000,"location":"PlayerCamera.cpp:143","message":"Tick hit detection - component under cursor","data":{"component":"BatteryBase","hasTagCharge":false,"hasTagBattery":true},"runId":"debug1","hypothesisId":"H5"}
﻿{"id":"log_1777649353000","timestamp":1777649353000,"location":"PlayerCamera.cpp:143","message":"Tick hit detection - component under cursor","data":{"component":"BatteryBase","hasTagCharge":false,"hasTagBattery":true},"runId":"debug1","hypothesisId":"H5"}
﻿{"id":"log_1777649353000","timestamp":1777649353000,"location":"PlayerCamera.cpp:143","message":"Tick hit detection - component under cursor","data":{"component":"BatteryBase","hasTagCharge":false,"hasTagBattery":true},"runId":"debug1","hypothesisId":"H5"}
﻿{"id":"log_1777649353000","timestamp":1777649353000,"location":"PlayerCamera.cpp:143","message":"Tick hit detection - component under cursor","data":{"component":"BatteryBase","hasTagCharge":false,"hasTagBattery":true},"runId":"debug1","hypothesisId":"H5"}
﻿{"id":"log_1777649353000","timestamp":1777649353000,"location":"PlayerCamera.cpp:143","message":"Tick hit detection - component under cursor","data":{"component":"ModelComponent_0","hasTagCharge":false,"hasTagBattery":false},"runId":"debug1","hypothesisId":"H5"}
﻿{"id":"log_1777649353000","timestamp":1777649353000,"location":"PlayerCamera.cpp:143","message":"Tick hit detection - component under cursor","data":{"component":"ModelComponent_0","hasTagCharge":false,"hasTagBattery":false},"runId":"debug1","hypothesisId":"H5"}
﻿{"id":"log_1777649353000","timestamp":1777649353000,"location":"PlayerCamera.cpp:143","message":"Tick hit detection - component under cursor","data":{"component":"ModelComponent_0","hasTagCharge":false,"hasTagBattery":false},"runId":"debug1","hypothesisId":"H5"}
﻿{"id":"log_1777649353000","timestamp":1777649353000,"location":"PlayerCamera.cpp:143","message":"Tick hit detection - component under cursor","data":{"component":"ModelComponent_0","hasTagCharge":false,"hasTagBattery":false},"runId":"debug1","hypothesisId":"H5"}
﻿{"id":"log_1777649353000","timestamp":1777649353000,"location":"PlayerCamera.cpp:143","message":"Tick hit detection - component under cursor","data":{"component":"ModelComponent_0","hasTagCharge":false,"hasTagBattery":false},"runId":"debug1","hypothesisId":"H5"}
﻿{"id":"log_1777649353000","timestamp":1777649353000,"location":"PlayerCamera.cpp:143","message":"Tick hit detection - component under cursor","data":{"component":"ModelComponent_0","hasTagCharge":false,"hasTagBattery":false},"runId":"debug1","hypothesisId":"H5"}
﻿{"id":"log_1777649353000","timestamp":1777649353000,"location":"PlayerCamera.cpp:143","message":"Tick hit detection - component under cursor","data":{"component":"ModelComponent_0","hasTagCharge":false,"hasTagBattery":false},"runId":"debug1","hypothesisId":"H5"}
﻿{"id":"log_1777649353000","timestamp":1777649353000,"location":"PlayerCamera.cpp:143","message":"Tick hit detection - component under cursor","data":{"component":"ModelComponent_0","hasTagCharge":false,"hasTagBattery":false},"runId":"debug1","hypothesisId":"H5"}
﻿{"id":"log_1777649353000","timestamp":1777649353000,"location":"PlayerCamera.cpp:143","message":"Tick hit detection - component under cursor","data":{"component":"ModelComponent_0","hasTagCharge":false,"hasTagBattery":false},"runId":"debug1","hypothesisId":"H5"}
﻿{"id":"log_1777649353000","timestamp":1777649353000,"location":"PlayerCamera.cpp:143","message":"Tick hit detection - component under cursor","data":{"component":"ModelComponent_0","hasTagCharge":false,"hasTagBattery":false},"runId":"debug1","hypothesisId":"H5"}
﻿{"id":"log_1777649354000","timestamp":1777649354000,"location":"PlayerCamera.cpp:143","message":"Tick hit detection - component under cursor","data":{"component":"Box","hasTagCharge":true,"hasTagBattery":false},"runId":"debug1","hypothesisId":"H5"}
﻿{"id":"log_1777649354000","timestamp":1777649354000,"location":"PlayerCamera.cpp:143","message":"Tick hit detection - component under cursor","data":{"component":"ScreenWidget","hasTagCharge":false,"hasTagBattery":false},"runId":"debug1","hypothesisId":"H5"}
﻿{"id":"log_1777649354000","timestamp":1777649354000,"location":"PlayerCamera.cpp:143","message":"Tick hit detection - component under cursor","data":{"component":"ModelComponent_0","hasTagCharge":false,"hasTagBattery":false},"runId":"debug1","hypothesisId":"H5"}
﻿{"id":"log_1777649354000","timestamp":1777649354000,"location":"PlayerCamera.cpp:143","message":"Tick hit detection - component under cursor","data":{"component":"ModelComponent_0","hasTagCharge":false,"hasTagBattery":false},"runId":"debug1","hypothesisId":"H5"}
﻿{"id":"log_1777649354000","timestamp":1777649354000,"location":"PlayerCamera.cpp:143","message":"Tick hit detection - component under cursor","data":{"component":"ModelComponent_0","hasTagCharge":false,"hasTagBattery":false},"runId":"debug1","hypothesisId":"H5"}
﻿{"id":"log_1777649354000","timestamp":1777649354000,"location":"PlayerCamera.cpp:143","message":"Tick hit detection - component under cursor","data":{"component":"ModelComponent_0","hasTagCharge":false,"hasTagBattery":false},"runId":"debug1","hypothesisId":"H5"}
﻿{"id":"log_1777649354000","timestamp":1777649354000,"location":"PlayerCamera.cpp:143","message":"Tick hit detection - component under cursor","data":{"component":"ModelComponent_0","hasTagCharge":false,"hasTagBattery":false},"runId":"debug1","hypothesisId":"H5"}
﻿{"id":"log_1777649354000","timestamp":1777649354000,"location":"PlayerCamera.cpp:143","message":"Tick hit detection - component under cursor","data":{"component":"ModelComponent_0","hasTagCharge":false,"hasTagBattery":false},"runId":"debug1","hypothesisId":"H5"}
﻿{"id":"log_1777649354000","timestamp":1777649354000,"location":"PlayerCamera.cpp:143","message":"Tick hit detection - component under cursor","data":{"component":"ModelComponent_0","hasTagCharge":false,"hasTagBattery":false},"runId":"debug1","hypothesisId":"H5"}
﻿{"id":"log_1777649354000","timestamp":1777649354000,"location":"PlayerCamera.cpp:143","message":"Tick hit detection - component under cursor","data":{"component":"ModelComponent_0","hasTagCharge":false,"hasTagBattery":false},"runId":"debug1","hypothesisId":"H5"}
﻿{"id":"log_1777649354000","timestamp":1777649354000,"location":"PlayerCamera.cpp:143","message":"Tick hit detection - component under cursor","data":{"component":"ModelComponent_0","hasTagCharge":false,"hasTagBattery":false},"runId":"debug1","hypothesisId":"H5"}
﻿{"id":"log_1777649354000","timestamp":1777649354000,"location":"PlayerCamera.cpp:143","message":"Tick hit detection - component under cursor","data":{"component":"ModelComponent_0","hasTagCharge":false,"hasTagBattery":false},"runId":"debug1","hypothesisId":"H5"}
﻿{"id":"log_1777649354000","timestamp":1777649354000,"location":"PlayerCamera.cpp:143","message":"Tick hit detection - component under cursor","data":{"component":"ModelComponent_0","hasTagCharge":false,"hasTagBattery":false},"runId":"debug1","hypothesisId":"H5"}
﻿{"id":"log_1777649354000","timestamp":1777649354000,"location":"PlayerCamera.cpp:143","message":"Tick hit detection - component under cursor","data":{"component":"ModelComponent_0","hasTagCharge":false,"hasTagBattery":false},"runId":"debug1","hypothesisId":"H5"}
﻿{"id":"log_1777649354000","timestamp":1777649354000,"location":"PlayerCamera.cpp:143","message":"Tick hit detection - component under cursor","data":{"component":"ModelComponent_0","hasTagCharge":false,"hasTagBattery":false},"runId":"debug1","hypothesisId":"H5"}
﻿{"id":"log_1777649354000","timestamp":1777649354000,"location":"PlayerCamera.cpp:143","message":"Tick hit detection - component under cursor","data":{"component":"ModelComponent_0","hasTagCharge":false,"hasTagBattery":false},"runId":"debug1","hypothesisId":"H5"}
﻿{"id":"log_1777649354000","timestamp":1777649354000,"location":"PlayerCamera.cpp:143","message":"Tick hit detection - component under cursor","data":{"component":"ModelComponent_0","hasTagCharge":false,"hasTagBattery":false},"runId":"debug1","hypothesisId":"H5"}
﻿{"id":"log_1777649354000","timestamp":1777649354000,"location":"PlayerCamera.cpp:143","message":"Tick hit detection - component under cursor","data":{"component":"ModelComponent_0","hasTagCharge":false,"hasTagBattery":false},"runId":"debug1","hypothesisId":"H5"}
﻿{"id":"log_1777649354000","timestamp":1777649354000,"location":"PlayerCamera.cpp:143","message":"Tick hit detection - component under cursor","data":{"component":"ModelComponent_0","hasTagCharge":false,"hasTagBattery":false},"runId":"debug1","hypothesisId":"H5"}
﻿{"id":"log_1777649354000","timestamp":1777649354000,"location":"PlayerCamera.cpp:143","message":"Tick hit detection - component under cursor","data":{"component":"ModelComponent_0","hasTagCharge":false,"hasTagBattery":false},"runId":"debug1","hypothesisId":"H5"}
﻿{"id":"log_1777649354000","timestamp":1777649354000,"location":"PlayerCamera.cpp:143","message":"Tick hit detection - component under cursor","data":{"component":"ModelComponent_0","hasTagCharge":false,"hasTagBattery":false},"runId":"debug1","hypothesisId":"H5"}
﻿{"id":"log_1777649354000","timestamp":1777649354000,"location":"PlayerCamera.cpp:143","message":"Tick hit detection - component under cursor","data":{"component":"ModelComponent_0","hasTagCharge":false,"hasTagBattery":false},"runId":"debug1","hypothesisId":"H5"}
﻿{"id":"log_1777649354000","timestamp":1777649354000,"location":"PlayerCamera.cpp:143","message":"Tick hit detection - component under cursor","data":{"component":"ModelComponent_0","hasTagCharge":false,"hasTagBattery":false},"runId":"debug1","hypothesisId":"H5"}
﻿{"id":"log_1777649354000","timestamp":1777649354000,"location":"PlayerCamera.cpp:143","message":"Tick hit detection - component under cursor","data":{"component":"ModelComponent_0","hasTagCharge":false,"hasTagBattery":false},"runId":"debug1","hypothesisId":"H5"}
﻿{"id":"log_1777649354000","timestamp":1777649354000,"location":"PlayerCamera.cpp:143","message":"Tick hit detection - component under cursor","data":{"component":"ModelComponent_0","hasTagCharge":false,"hasTagBattery":false},"runId":"debug1","hypothesisId":"H5"}
﻿{"id":"log_1777649354000","timestamp":1777649354000,"location":"PlayerCamera.cpp:143","message":"Tick hit detection - component under cursor","data":{"component":"ModelComponent_0","hasTagCharge":false,"hasTagBattery":false},"runId":"debug1","hypothesisId":"H5"}
﻿{"id":"log_1777649354000","timestamp":1777649354000,"location":"PlayerCamera.cpp:143","message":"Tick hit detection - component under cursor","data":{"component":"ModelComponent_0","hasTagCharge":false,"hasTagBattery":false},"runId":"debug1","hypothesisId":"H5"}
﻿{"id":"log_1777649354000","timestamp":1777649354000,"location":"PlayerCamera.cpp:143","message":"Tick hit detection - component under cursor","data":{"component":"ModelComponent_0","hasTagCharge":false,"hasTagBattery":false},"runId":"debug1","hypothesisId":"H5"}
﻿{"id":"log_1777649354000","timestamp":1777649354000,"location":"PlayerCamera.cpp:143","message":"Tick hit detection - component under cursor","data":{"component":"ModelComponent_0","hasTagCharge":false,"hasTagBattery":false},"runId":"debug1","hypothesisId":"H5"}
﻿{"id":"log_1777649354000","timestamp":1777649354000,"location":"PlayerCamera.cpp:143","message":"Tick hit detection - component under cursor","data":{"component":"ModelComponent_0","hasTagCharge":false,"hasTagBattery":false},"runId":"debug1","hypothesisId":"H5"}
﻿{"id":"log_1777649354000","timestamp":1777649354000,"location":"PlayerCamera.cpp:143","message":"Tick hit detection - component under cursor","data":{"component":"ModelComponent_0","hasTagCharge":false,"hasTagBattery":false},"runId":"debug1","hypothesisId":"H5"}
﻿{"id":"log_1777649354000","timestamp":1777649354000,"location":"PlayerCamera.cpp:143","message":"Tick hit detection - component under cursor","data":{"component":"ModelComponent_0","hasTagCharge":false,"hasTagBattery":false},"runId":"debug1","hypothesisId":"H5"}
﻿{"id":"log_1777649354000","timestamp":1777649354000,"location":"PlayerCamera.cpp:143","message":"Tick hit detection - component under cursor","data":{"component":"ModelComponent_0","hasTagCharge":false,"hasTagBattery":false},"runId":"debug1","hypothesisId":"H5"}
﻿{"id":"log_1777649354000","timestamp":1777649354000,"location":"PlayerCamera.cpp:143","message":"Tick hit detection - component under cursor","data":{"component":"ModelComponent_0","hasTagCharge":false,"hasTagBattery":false},"runId":"debug1","hypothesisId":"H5"}
﻿{"id":"log_1777649354000","timestamp":1777649354000,"location":"PlayerCamera.cpp:143","message":"Tick hit detection - component under cursor","data":{"component":"ModelComponent_0","hasTagCharge":false,"hasTagBattery":false},"runId":"debug1","hypothesisId":"H5"}
﻿{"id":"log_1777649354000","timestamp":1777649354000,"location":"PlayerCamera.cpp:143","message":"Tick hit detection - component under cursor","data":{"component":"ModelComponent_0","hasTagCharge":false,"hasTagBattery":false},"runId":"debug1","hypothesisId":"H5"}
﻿{"id":"log_1777649354000","timestamp":1777649354000,"location":"PlayerCamera.cpp:143","message":"Tick hit detection - component under cursor","data":{"component":"ModelComponent_0","hasTagCharge":false,"hasTagBattery":false},"runId":"debug1","hypothesisId":"H5"}
﻿{"id":"log_1777649354000","timestamp":1777649354000,"location":"PlayerCamera.cpp:143","message":"Tick hit detection - component under cursor","data":{"component":"ModelComponent_0","hasTagCharge":false,"hasTagBattery":false},"runId":"debug1","hypothesisId":"H5"}
﻿{"id":"log_1777649354000","timestamp":1777649354000,"location":"PlayerCamera.cpp:143","message":"Tick hit detection - component under cursor","data":{"component":"ModelComponent_0","hasTagCharge":false,"hasTagBattery":false},"runId":"debug1","hypothesisId":"H5"}
﻿{"id":"log_1777649354000","timestamp":1777649354000,"location":"PlayerCamera.cpp:143","message":"Tick hit detection - component under cursor","data":{"component":"ModelComponent_0","hasTagCharge":false,"hasTagBattery":false},"runId":"debug1","hypothesisId":"H5"}
﻿{"id":"log_1777649354000","timestamp":1777649354000,"location":"PlayerCamera.cpp:143","message":"Tick hit detection - component under cursor","data":{"component":"LightTrigger","hasTagCharge":false,"hasTagBattery":false},"runId":"debug1","hypothesisId":"H5"}
﻿{"id":"log_1777649354000","timestamp":1777649354000,"location":"PlayerCamera.cpp:143","message":"Tick hit detection - component under cursor","data":{"component":"LightTrigger","hasTagCharge":false,"hasTagBattery":false},"runId":"debug1","hypothesisId":"H5"}
﻿{"id":"log_1777649354000","timestamp":1777649354000,"location":"PlayerCamera.cpp:143","message":"Tick hit detection - component under cursor","data":{"component":"LightTrigger","hasTagCharge":false,"hasTagBattery":false},"runId":"debug1","hypothesisId":"H5"}
﻿{"id":"log_1777649354000","timestamp":1777649354000,"location":"PlayerCamera.cpp:143","message":"Tick hit detection - component under cursor","data":{"component":"LightTrigger","hasTagCharge":false,"hasTagBattery":false},"runId":"debug1","hypothesisId":"H5"}
﻿{"id":"log_1777649354000","timestamp":1777649354000,"location":"PlayerCamera.cpp:143","message":"Tick hit detection - component under cursor","data":{"component":"LightTrigger","hasTagCharge":false,"hasTagBattery":false},"runId":"debug1","hypothesisId":"H5"}
﻿{"id":"log_1777649354000","timestamp":1777649354000,"location":"PlayerCamera.cpp:143","message":"Tick hit detection - component under cursor","data":{"component":"LightTrigger","hasTagCharge":false,"hasTagBattery":false},"runId":"debug1","hypothesisId":"H5"}
﻿{"id":"log_1777649354000","timestamp":1777649354000,"location":"PlayerCamera.cpp:143","message":"Tick hit detection - component under cursor","data":{"component":"LightTrigger","hasTagCharge":false,"hasTagBattery":false},"runId":"debug1","hypothesisId":"H5"}
﻿{"id":"log_1777649354000","timestamp":1777649354000,"location":"PlayerCamera.cpp:143","message":"Tick hit detection - component under cursor","data":{"component":"LightTrigger","hasTagCharge":false,"hasTagBattery":false},"runId":"debug1","hypothesisId":"H5"}
﻿{"id":"log_1777649354000","timestamp":1777649354000,"location":"PlayerCamera.cpp:143","message":"Tick hit detection - component under cursor","data":{"component":"LightTrigger","hasTagCharge":false,"hasTagBattery":false},"runId":"debug1","hypothesisId":"H5"}
﻿{"id":"log_1777649354000","timestamp":1777649354000,"location":"PlayerCamera.cpp:143","message":"Tick hit detection - component under cursor","data":{"component":"LightTrigger","hasTagCharge":false,"hasTagBattery":false},"runId":"debug1","hypothesisId":"H5"}
﻿{"id":"log_1777649354000","timestamp":1777649354000,"location":"PlayerCamera.cpp:143","message":"Tick hit detection - component under cursor","data":{"component":"LightTrigger","hasTagCharge":false,"hasTagBattery":false},"runId":"debug1","hypothesisId":"H5"}
﻿{"id":"log_1777649354000","timestamp":1777649354000,"location":"PlayerCamera.cpp:143","message":"Tick hit detection - component under cursor","data":{"component":"LightTrigger","hasTagCharge":false,"hasTagBattery":false},"runId":"debug1","hypothesisId":"H5"}
﻿{"id":"log_1777649354000","timestamp":1777649354000,"location":"PlayerCamera.cpp:143","message":"Tick hit detection - component under cursor","data":{"component":"LightTrigger","hasTagCharge":false,"hasTagBattery":false},"runId":"debug1","hypothesisId":"H5"}
﻿{"id":"log_1777649354000","timestamp":1777649354000,"location":"PlayerCamera.cpp:143","message":"Tick hit detection - component under cursor","data":{"component":"LightTrigger","hasTagCharge":false,"hasTagBattery":false},"runId":"debug1","hypothesisId":"H5"}
﻿{"id":"log_1777649354000","timestamp":1777649354000,"location":"PlayerCamera.cpp:143","message":"Tick hit detection - component under cursor","data":{"component":"LightTrigger","hasTagCharge":false,"hasTagBattery":false},"runId":"debug1","hypothesisId":"H5"}
﻿{"id":"log_1777649354000","timestamp":1777649354000,"location":"PlayerCamera.cpp:143","message":"Tick hit detection - component under cursor","data":{"component":"LightTrigger","hasTagCharge":false,"hasTagBattery":false},"runId":"debug1","hypothesisId":"H5"}
﻿{"id":"log_1777649354000","timestamp":1777649354000,"location":"PlayerCamera.cpp:143","message":"Tick hit detection - component under cursor","data":{"component":"LightTrigger","hasTagCharge":false,"hasTagBattery":false},"runId":"debug1","hypothesisId":"H5"}
﻿{"id":"log_1777649354000","timestamp":1777649354000,"location":"PlayerCamera.cpp:143","message":"Tick hit detection - component under cursor","data":{"component":"LightTrigger","hasTagCharge":false,"hasTagBattery":false},"runId":"debug1","hypothesisId":"H5"}
﻿{"id":"log_1777649354000","timestamp":1777649354000,"location":"PlayerCamera.cpp:143","message":"Tick hit detection - component under cursor","data":{"component":"LightTrigger","hasTagCharge":false,"hasTagBattery":false},"runId":"debug1","hypothesisId":"H5"}
﻿{"id":"log_1777649354000","timestamp":1777649354000,"location":"LightTrigger.cpp:27","message":"OnButtonClicked triggered (hypothesis H4: widget-hit-test-leak)","data":{"touched":"true","key":"LeftMouseButton"},"runId":"debug1","hypothesisId":"H4"}
﻿{"id":"log_1777649354000","timestamp":1777649354000,"location":"PlayerCamera.cpp:190","message":"InteractInput triggered via EnhancedInput (hypothesis H2: enhanced-input-conflict)","data":{"action":"Started"},"runId":"debug1","hypothesisId":"H2"}
﻿{"id":"log_1777649354000","timestamp":1777649354000,"location":"PlayerCamera.cpp:143","message":"Tick hit detection - component under cursor","data":{"component":"LightTrigger","hasTagCharge":false,"hasTagBattery":false},"runId":"debug1","hypothesisId":"H5"}
﻿{"id":"log_1777649355000","timestamp":1777649355000,"location":"PlayerCamera.cpp:143","message":"Tick hit detection - component under cursor","data":{"component":"LightTrigger","hasTagCharge":false,"hasTagBattery":false},"runId":"debug1","hypothesisId":"H5"}
﻿{"id":"log_1777649355000","timestamp":1777649355000,"location":"PlayerCamera.cpp:143","message":"Tick hit detection - component under cursor","data":{"component":"LightTrigger","hasTagCharge":false,"hasTagBattery":false},"runId":"debug1","hypothesisId":"H5"}
﻿{"id":"log_1777649355000","timestamp":1777649355000,"location":"PlayerCamera.cpp:143","message":"Tick hit detection - component under cursor","data":{"component":"LightTrigger","hasTagCharge":false,"hasTagBattery":false},"runId":"debug1","hypothesisId":"H5"}
﻿{"id":"log_1777649355000","timestamp":1777649355000,"location":"PlayerCamera.cpp:143","message":"Tick hit detection - component under cursor","data":{"component":"LightTrigger","hasTagCharge":false,"hasTagBattery":false},"runId":"debug1","hypothesisId":"H5"}
﻿{"id":"log_1777649355000","timestamp":1777649355000,"location":"PlayerCamera.cpp:143","message":"Tick hit detection - component under cursor","data":{"component":"LightTrigger","hasTagCharge":false,"hasTagBattery":false},"runId":"debug1","hypothesisId":"H5"}
﻿{"id":"log_1777649355000","timestamp":1777649355000,"location":"PlayerCamera.cpp:143","message":"Tick hit detection - component under cursor","data":{"component":"LightTrigger","hasTagCharge":false,"hasTagBattery":false},"runId":"debug1","hypothesisId":"H5"}
﻿{"id":"log_1777649355000","timestamp":1777649355000,"location":"PlayerCamera.cpp:143","message":"Tick hit detection - component under cursor","data":{"component":"LightTrigger","hasTagCharge":false,"hasTagBattery":false},"runId":"debug1","hypothesisId":"H5"}
﻿{"id":"log_1777649355000","timestamp":1777649355000,"location":"PlayerCamera.cpp:143","message":"Tick hit detection - component under cursor","data":{"component":"LightTrigger","hasTagCharge":false,"hasTagBattery":false},"runId":"debug1","hypothesisId":"H5"}
﻿{"id":"log_1777649355000","timestamp":1777649355000,"location":"PlayerCamera.cpp:143","message":"Tick hit detection - component under cursor","data":{"component":"LightTrigger","hasTagCharge":false,"hasTagBattery":false},"runId":"debug1","hypothesisId":"H5"}
﻿{"id":"log_1777649355000","timestamp":1777649355000,"location":"PlayerCamera.cpp:143","message":"Tick hit detection - component under cursor","data":{"component":"LightTrigger","hasTagCharge":false,"hasTagBattery":false},"runId":"debug1","hypothesisId":"H5"}
﻿{"id":"log_1777649355000","timestamp":1777649355000,"location":"PlayerCamera.cpp:143","message":"Tick hit detection - component under cursor","data":{"component":"LightTrigger","hasTagCharge":false,"hasTagBattery":false},"runId":"debug1","hypothesisId":"H5"}
﻿{"id":"log_1777649355000","timestamp":1777649355000,"location":"PlayerCamera.cpp:143","message":"Tick hit detection - component under cursor","data":{"component":"LightTrigger","hasTagCharge":false,"hasTagBattery":false},"runId":"debug1","hypothesisId":"H5"}
﻿{"id":"log_1777649355000","timestamp":1777649355000,"location":"PlayerCamera.cpp:143","message":"Tick hit detection - component under cursor","data":{"component":"LightTrigger","hasTagCharge":false,"hasTagBattery":false},"runId":"debug1","hypothesisId":"H5"}
﻿{"id":"log_1777649355000","timestamp":1777649355000,"location":"PlayerCamera.cpp:143","message":"Tick hit detection - component under cursor","data":{"component":"LightTrigger","hasTagCharge":false,"hasTagBattery":false},"runId":"debug1","hypothesisId":"H5"}
﻿{"id":"log_1777649355000","timestamp":1777649355000,"location":"PlayerCamera.cpp:143","message":"Tick hit detection - component under cursor","data":{"component":"LightTrigger","hasTagCharge":false,"hasTagBattery":false},"runId":"debug1","hypothesisId":"H5"}
﻿{"id":"log_1777649355000","timestamp":1777649355000,"location":"PlayerCamera.cpp:143","message":"Tick hit detection - component under cursor","data":{"component":"LightTrigger","hasTagCharge":false,"hasTagBattery":false},"runId":"debug1","hypothesisId":"H5"}
﻿{"id":"log_1777649355000","timestamp":1777649355000,"location":"PlayerCamera.cpp:143","message":"Tick hit detection - component under cursor","data":{"component":"LightTrigger","hasTagCharge":false,"hasTagBattery":false},"runId":"debug1","hypothesisId":"H5"}
﻿{"id":"log_1777649355000","timestamp":1777649355000,"location":"PlayerCamera.cpp:143","message":"Tick hit detection - component under cursor","data":{"component":"LightTrigger","hasTagCharge":false,"hasTagBattery":false},"runId":"debug1","hypothesisId":"H5"}
﻿{"id":"log_1777649355000","timestamp":1777649355000,"location":"PlayerCamera.cpp:143","message":"Tick hit detection - component under cursor","data":{"component":"LightTrigger","hasTagCharge":false,"hasTagBattery":false},"runId":"debug1","hypothesisId":"H5"}
﻿{"id":"log_1777649355000","timestamp":1777649355000,"location":"PlayerCamera.cpp:143","message":"Tick hit detection - component under cursor","data":{"component":"LightTrigger","hasTagCharge":false,"hasTagBattery":false},"runId":"debug1","hypothesisId":"H5"}
﻿{"id":"log_1777649355000","timestamp":1777649355000,"location":"PlayerCamera.cpp:143","message":"Tick hit detection - component under cursor","data":{"component":"LightTrigger","hasTagCharge":false,"hasTagBattery":false},"runId":"debug1","hypothesisId":"H5"}
﻿{"id":"log_1777649355000","timestamp":1777649355000,"location":"PlayerCamera.cpp:143","message":"Tick hit detection - component under cursor","data":{"component":"LightTrigger","hasTagCharge":false,"hasTagBattery":false},"runId":"debug1","hypothesisId":"H5"}
﻿{"id":"log_1777649355000","timestamp":1777649355000,"location":"PlayerCamera.cpp:143","message":"Tick hit detection - component under cursor","data":{"component":"LightTrigger","hasTagCharge":false,"hasTagBattery":false},"runId":"debug1","hypothesisId":"H5"}
﻿{"id":"log_1777649355000","timestamp":1777649355000,"location":"PlayerCamera.cpp:143","message":"Tick hit detection - component under cursor","data":{"component":"LightTrigger","hasTagCharge":false,"hasTagBattery":false},"runId":"debug1","hypothesisId":"H5"}
﻿{"id":"log_1777649355000","timestamp":1777649355000,"location":"PlayerCamera.cpp:143","message":"Tick hit detection - component under cursor","data":{"component":"LightTrigger","hasTagCharge":false,"hasTagBattery":false},"runId":"debug1","hypothesisId":"H5"}
﻿{"id":"log_1777649355000","timestamp":1777649355000,"location":"PlayerCamera.cpp:143","message":"Tick hit detection - component under cursor","data":{"component":"LightTrigger","hasTagCharge":false,"hasTagBattery":false},"runId":"debug1","hypothesisId":"H5"}
﻿{"id":"log_1777649355000","timestamp":1777649355000,"location":"PlayerCamera.cpp:143","message":"Tick hit detection - component under cursor","data":{"component":"LightTrigger","hasTagCharge":false,"hasTagBattery":false},"runId":"debug1","hypothesisId":"H5"}
﻿{"id":"log_1777649355000","timestamp":1777649355000,"location":"PlayerCamera.cpp:143","message":"Tick hit detection - component under cursor","data":{"component":"LightTrigger","hasTagCharge":false,"hasTagBattery":false},"runId":"debug1","hypothesisId":"H5"}
﻿{"id":"log_1777649355000","timestamp":1777649355000,"location":"PlayerCamera.cpp:143","message":"Tick hit detection - component under cursor","data":{"component":"LightTrigger","hasTagCharge":false,"hasTagBattery":false},"runId":"debug1","hypothesisId":"H5"}
﻿{"id":"log_1777649355000","timestamp":1777649355000,"location":"PlayerCamera.cpp:143","message":"Tick hit detection - component under cursor","data":{"component":"LightTrigger","hasTagCharge":false,"hasTagBattery":false},"runId":"debug1","hypothesisId":"H5"}
﻿{"id":"log_1777649355000","timestamp":1777649355000,"location":"PlayerCamera.cpp:143","message":"Tick hit detection - component under cursor","data":{"component":"LightTrigger","hasTagCharge":false,"hasTagBattery":false},"runId":"debug1","hypothesisId":"H5"}
﻿{"id":"log_1777649355000","timestamp":1777649355000,"location":"PlayerCamera.cpp:143","message":"Tick hit detection - component under cursor","data":{"component":"LightTrigger","hasTagCharge":false,"hasTagBattery":false},"runId":"debug1","hypothesisId":"H5"}
﻿{"id":"log_1777649355000","timestamp":1777649355000,"location":"PlayerCamera.cpp:143","message":"Tick hit detection - component under cursor","data":{"component":"LightTrigger","hasTagCharge":false,"hasTagBattery":false},"runId":"debug1","hypothesisId":"H5"}
﻿{"id":"log_1777649355000","timestamp":1777649355000,"location":"PlayerCamera.cpp:143","message":"Tick hit detection - component under cursor","data":{"component":"LightTrigger","hasTagCharge":false,"hasTagBattery":false},"runId":"debug1","hypothesisId":"H5"}
﻿{"id":"log_1777649355000","timestamp":1777649355000,"location":"PlayerCamera.cpp:143","message":"Tick hit detection - component under cursor","data":{"component":"LightTrigger","hasTagCharge":false,"hasTagBattery":false},"runId":"debug1","hypothesisId":"H5"}
﻿{"id":"log_1777649355000","timestamp":1777649355000,"location":"LightTrigger.cpp:27","message":"OnButtonClicked triggered (hypothesis H4: widget-hit-test-leak)","data":{"touched":"true","key":"LeftMouseButton"},"runId":"debug1","hypothesisId":"H4"}
﻿{"id":"log_1777649355000","timestamp":1777649355000,"location":"PlayerCamera.cpp:190","message":"InteractInput triggered via EnhancedInput (hypothesis H2: enhanced-input-conflict)","data":{"action":"Started"},"runId":"debug1","hypothesisId":"H2"}
﻿{"id":"log_1777649355000","timestamp":1777649355000,"location":"PlayerCamera.cpp:143","message":"Tick hit detection - component under cursor","data":{"component":"LightTrigger","hasTagCharge":false,"hasTagBattery":false},"runId":"debug1","hypothesisId":"H5"}
﻿{"id":"log_1777649355000","timestamp":1777649355000,"location":"PlayerCamera.cpp:143","message":"Tick hit detection - component under cursor","data":{"component":"LightTrigger","hasTagCharge":false,"hasTagBattery":false},"runId":"debug1","hypothesisId":"H5"}
﻿{"id":"log_1777649355000","timestamp":1777649355000,"location":"PlayerCamera.cpp:143","message":"Tick hit detection - component under cursor","data":{"component":"LightTrigger","hasTagCharge":false,"hasTagBattery":false},"runId":"debug1","hypothesisId":"H5"}
﻿{"id":"log_1777649355000","timestamp":1777649355000,"location":"PlayerCamera.cpp:143","message":"Tick hit detection - component under cursor","data":{"component":"LightTrigger","hasTagCharge":false,"hasTagBattery":false},"runId":"debug1","hypothesisId":"H5"}
﻿{"id":"log_1777649355000","timestamp":1777649355000,"location":"PlayerCamera.cpp:143","message":"Tick hit detection - component under cursor","data":{"component":"LightTrigger","hasTagCharge":false,"hasTagBattery":false},"runId":"debug1","hypothesisId":"H5"}
﻿{"id":"log_1777649355000","timestamp":1777649355000,"location":"PlayerCamera.cpp:143","message":"Tick hit detection - component under cursor","data":{"component":"LightTrigger","hasTagCharge":false,"hasTagBattery":false},"runId":"debug1","hypothesisId":"H5"}
﻿{"id":"log_1777649355000","timestamp":1777649355000,"location":"PlayerCamera.cpp:143","message":"Tick hit detection - component under cursor","data":{"component":"LightTrigger","hasTagCharge":false,"hasTagBattery":false},"runId":"debug1","hypothesisId":"H5"}
﻿{"id":"log_1777649355000","timestamp":1777649355000,"location":"PlayerCamera.cpp:143","message":"Tick hit detection - component under cursor","data":{"component":"LightTrigger","hasTagCharge":false,"hasTagBattery":false},"runId":"debug1","hypothesisId":"H5"}
﻿{"id":"log_1777649355000","timestamp":1777649355000,"location":"PlayerCamera.cpp:143","message":"Tick hit detection - component under cursor","data":{"component":"LightTrigger","hasTagCharge":false,"hasTagBattery":false},"runId":"debug1","hypothesisId":"H5"}
﻿{"id":"log_1777649355000","timestamp":1777649355000,"location":"PlayerCamera.cpp:143","message":"Tick hit detection - component under cursor","data":{"component":"LightTrigger","hasTagCharge":false,"hasTagBattery":false},"runId":"debug1","hypothesisId":"H5"}
﻿{"id":"log_1777649355000","timestamp":1777649355000,"location":"PlayerCamera.cpp:143","message":"Tick hit detection - component under cursor","data":{"component":"LightTrigger","hasTagCharge":false,"hasTagBattery":false},"runId":"debug1","hypothesisId":"H5"}
﻿{"id":"log_1777649355000","timestamp":1777649355000,"location":"PlayerCamera.cpp:143","message":"Tick hit detection - component under cursor","data":{"component":"LightTrigger","hasTagCharge":false,"hasTagBattery":false},"runId":"debug1","hypothesisId":"H5"}
﻿{"id":"log_1777649355000","timestamp":1777649355000,"location":"PlayerCamera.cpp:143","message":"Tick hit detection - component under cursor","data":{"component":"LightTrigger","hasTagCharge":false,"hasTagBattery":false},"runId":"debug1","hypothesisId":"H5"}
﻿{"id":"log_1777649355000","timestamp":1777649355000,"location":"PlayerCamera.cpp:143","message":"Tick hit detection - component under cursor","data":{"component":"LightTrigger","hasTagCharge":false,"hasTagBattery":false},"runId":"debug1","hypothesisId":"H5"}
﻿{"id":"log_1777649355000","timestamp":1777649355000,"location":"PlayerCamera.cpp:143","message":"Tick hit detection - component under cursor","data":{"component":"LightTrigger","hasTagCharge":false,"hasTagBattery":false},"runId":"debug1","hypothesisId":"H5"}
﻿{"id":"log_1777649355000","timestamp":1777649355000,"location":"PlayerCamera.cpp:143","message":"Tick hit detection - component under cursor","data":{"component":"LightTrigger","hasTagCharge":false,"hasTagBattery":false},"runId":"debug1","hypothesisId":"H5"}
﻿{"id":"log_1777649355000","timestamp":1777649355000,"location":"PlayerCamera.cpp:143","message":"Tick hit detection - component under cursor","data":{"component":"LightTrigger","hasTagCharge":false,"hasTagBattery":false},"runId":"debug1","hypothesisId":"H5"}
﻿{"id":"log_1777649355000","timestamp":1777649355000,"location":"PlayerCamera.cpp:143","message":"Tick hit detection - component under cursor","data":{"component":"LightTrigger","hasTagCharge":false,"hasTagBattery":false},"runId":"debug1","hypothesisId":"H5"}
﻿{"id":"log_1777649355000","timestamp":1777649355000,"location":"PlayerCamera.cpp:143","message":"Tick hit detection - component under cursor","data":{"component":"LightTrigger","hasTagCharge":false,"hasTagBattery":false},"runId":"debug1","hypothesisId":"H5"}
﻿{"id":"log_1777649355000","timestamp":1777649355000,"location":"PlayerCamera.cpp:143","message":"Tick hit detection - component under cursor","data":{"component":"LightTrigger","hasTagCharge":false,"hasTagBattery":false},"runId":"debug1","hypothesisId":"H5"}
﻿{"id":"log_1777649355000","timestamp":1777649355000,"location":"PlayerCamera.cpp:143","message":"Tick hit detection - component under cursor","data":{"component":"LightTrigger","hasTagCharge":false,"hasTagBattery":false},"runId":"debug1","hypothesisId":"H5"}
﻿{"id":"log_1777649355000","timestamp":1777649355000,"location":"PlayerCamera.cpp:143","message":"Tick hit detection - component under cursor","data":{"component":"LightTrigger","hasTagCharge":false,"hasTagBattery":false},"runId":"debug1","hypothesisId":"H5"}
﻿{"id":"log_1777649355000","timestamp":1777649355000,"location":"PlayerCamera.cpp:143","message":"Tick hit detection - component under cursor","data":{"component":"LightTrigger","hasTagCharge":false,"hasTagBattery":false},"runId":"debug1","hypothesisId":"H5"}
﻿{"id":"log_1777649355000","timestamp":1777649355000,"location":"PlayerCamera.cpp:143","message":"Tick hit detection - component under cursor","data":{"component":"LightTrigger","hasTagCharge":false,"hasTagBattery":false},"runId":"debug1","hypothesisId":"H5"}
﻿{"id":"log_1777649355000","timestamp":1777649355000,"location":"PlayerCamera.cpp:143","message":"Tick hit detection - component under cursor","data":{"component":"LightTrigger","hasTagCharge":false,"hasTagBattery":false},"runId":"debug1","hypothesisId":"H5"}
﻿{"id":"log_1777649356000","timestamp":1777649356000,"location":"PlayerCamera.cpp:143","message":"Tick hit detection - component under cursor","data":{"component":"LightTrigger","hasTagCharge":false,"hasTagBattery":false},"runId":"debug1","hypothesisId":"H5"}
﻿{"id":"log_1777649356000","timestamp":1777649356000,"location":"PlayerCamera.cpp:143","message":"Tick hit detection - component under cursor","data":{"component":"LightTrigger","hasTagCharge":false,"hasTagBattery":false},"runId":"debug1","hypothesisId":"H5"}
﻿{"id":"log_1777649356000","timestamp":1777649356000,"location":"PlayerCamera.cpp:143","message":"Tick hit detection - component under cursor","data":{"component":"LightTrigger","hasTagCharge":false,"hasTagBattery":false},"runId":"debug1","hypothesisId":"H5"}
﻿{"id":"log_1777649356000","timestamp":1777649356000,"location":"PlayerCamera.cpp:143","message":"Tick hit detection - component under cursor","data":{"component":"LightTrigger","hasTagCharge":false,"hasTagBattery":false},"runId":"debug1","hypothesisId":"H5"}
﻿{"id":"log_1777649356000","timestamp":1777649356000,"location":"PlayerCamera.cpp:143","message":"Tick hit detection - component under cursor","data":{"component":"LightTrigger","hasTagCharge":false,"hasTagBattery":false},"runId":"debug1","hypothesisId":"H5"}
﻿{"id":"log_1777649356000","timestamp":1777649356000,"location":"PlayerCamera.cpp:143","message":"Tick hit detection - component under cursor","data":{"component":"LightTrigger","hasTagCharge":false,"hasTagBattery":false},"runId":"debug1","hypothesisId":"H5"}
﻿{"id":"log_1777649356000","timestamp":1777649356000,"location":"PlayerCamera.cpp:143","message":"Tick hit detection - component under cursor","data":{"component":"LightTrigger","hasTagCharge":false,"hasTagBattery":false},"runId":"debug1","hypothesisId":"H5"}
﻿{"id":"log_1777649356000","timestamp":1777649356000,"location":"PlayerCamera.cpp:143","message":"Tick hit detection - component under cursor","data":{"component":"LightTrigger","hasTagCharge":false,"hasTagBattery":false},"runId":"debug1","hypothesisId":"H5"}
﻿{"id":"log_1777649356000","timestamp":1777649356000,"location":"PlayerCamera.cpp:143","message":"Tick hit detection - component under cursor","data":{"component":"LightTrigger","hasTagCharge":false,"hasTagBattery":false},"runId":"debug1","hypothesisId":"H5"}
﻿{"id":"log_1777649356000","timestamp":1777649356000,"location":"PlayerCamera.cpp:143","message":"Tick hit detection - component under cursor","data":{"component":"LightTrigger","hasTagCharge":false,"hasTagBattery":false},"runId":"debug1","hypothesisId":"H5"}
﻿{"id":"log_1777649356000","timestamp":1777649356000,"location":"PlayerCamera.cpp:143","message":"Tick hit detection - component under cursor","data":{"component":"LightTrigger","hasTagCharge":false,"hasTagBattery":false},"runId":"debug1","hypothesisId":"H5"}
﻿{"id":"log_1777649356000","timestamp":1777649356000,"location":"PlayerCamera.cpp:143","message":"Tick hit detection - component under cursor","data":{"component":"LightTrigger","hasTagCharge":false,"hasTagBattery":false},"runId":"debug1","hypothesisId":"H5"}
﻿{"id":"log_1777649356000","timestamp":1777649356000,"location":"PlayerCamera.cpp:143","message":"Tick hit detection - component under cursor","data":{"component":"LightTrigger","hasTagCharge":false,"hasTagBattery":false},"runId":"debug1","hypothesisId":"H5"}
﻿{"id":"log_1777649356000","timestamp":1777649356000,"location":"PlayerCamera.cpp:143","message":"Tick hit detection - component under cursor","data":{"component":"LightTrigger","hasTagCharge":false,"hasTagBattery":false},"runId":"debug1","hypothesisId":"H5"}
﻿{"id":"log_1777649356000","timestamp":1777649356000,"location":"PlayerCamera.cpp:143","message":"Tick hit detection - component under cursor","data":{"component":"ModelComponent_0","hasTagCharge":false,"hasTagBattery":false},"runId":"debug1","hypothesisId":"H5"}
﻿{"id":"log_1777649356000","timestamp":1777649356000,"location":"PlayerCamera.cpp:143","message":"Tick hit detection - component under cursor","data":{"component":"ModelComponent_0","hasTagCharge":false,"hasTagBattery":false},"runId":"debug1","hypothesisId":"H5"}
﻿{"id":"log_1777649356000","timestamp":1777649356000,"location":"PlayerCamera.cpp:143","message":"Tick hit detection - component under cursor","data":{"component":"ModelComponent_0","hasTagCharge":false,"hasTagBattery":false},"runId":"debug1","hypothesisId":"H5"}
﻿{"id":"log_1777649356000","timestamp":1777649356000,"location":"PlayerCamera.cpp:143","message":"Tick hit detection - component under cursor","data":{"component":"ModelComponent_0","hasTagCharge":false,"hasTagBattery":false},"runId":"debug1","hypothesisId":"H5"}
﻿{"id":"log_1777649356000","timestamp":1777649356000,"location":"PlayerCamera.cpp:143","message":"Tick hit detection - component under cursor","data":{"component":"ModelComponent_0","hasTagCharge":false,"hasTagBattery":false},"runId":"debug1","hypothesisId":"H5"}
﻿{"id":"log_1777649356000","timestamp":1777649356000,"location":"PlayerCamera.cpp:143","message":"Tick hit detection - component under cursor","data":{"component":"ModelComponent_0","hasTagCharge":false,"hasTagBattery":false},"runId":"debug1","hypothesisId":"H5"}
﻿{"id":"log_1777649356000","timestamp":1777649356000,"location":"PlayerCamera.cpp:143","message":"Tick hit detection - component under cursor","data":{"component":"ModelComponent_0","hasTagCharge":false,"hasTagBattery":false},"runId":"debug1","hypothesisId":"H5"}
﻿{"id":"log_1777649356000","timestamp":1777649356000,"location":"PlayerCamera.cpp:143","message":"Tick hit detection - component under cursor","data":{"component":"ModelComponent_0","hasTagCharge":false,"hasTagBattery":false},"runId":"debug1","hypothesisId":"H5"}
﻿{"id":"log_1777649356000","timestamp":1777649356000,"location":"PlayerCamera.cpp:143","message":"Tick hit detection - component under cursor","data":{"component":"ModelComponent_0","hasTagCharge":false,"hasTagBattery":false},"runId":"debug1","hypothesisId":"H5"}
﻿{"id":"log_1777649356000","timestamp":1777649356000,"location":"PlayerCamera.cpp:143","message":"Tick hit detection - component under cursor","data":{"component":"Box","hasTagCharge":true,"hasTagBattery":false},"runId":"debug1","hypothesisId":"H5"}
﻿{"id":"log_1777649356000","timestamp":1777649356000,"location":"PlayerCamera.cpp:143","message":"Tick hit detection - component under cursor","data":{"component":"Box","hasTagCharge":true,"hasTagBattery":false},"runId":"debug1","hypothesisId":"H5"}
﻿{"id":"log_1777649356000","timestamp":1777649356000,"location":"PlayerCamera.cpp:143","message":"Tick hit detection - component under cursor","data":{"component":"Box","hasTagCharge":true,"hasTagBattery":false},"runId":"debug1","hypothesisId":"H5"}
﻿{"id":"log_1777649356000","timestamp":1777649356000,"location":"PlayerCamera.cpp:143","message":"Tick hit detection - component under cursor","data":{"component":"Box","hasTagCharge":true,"hasTagBattery":false},"runId":"debug1","hypothesisId":"H5"}
﻿{"id":"log_1777649356000","timestamp":1777649356000,"location":"PlayerCamera.cpp:143","message":"Tick hit detection - component under cursor","data":{"component":"Box","hasTagCharge":true,"hasTagBattery":false},"runId":"debug1","hypothesisId":"H5"}
﻿{"id":"log_1777649356000","timestamp":1777649356000,"location":"PlayerCamera.cpp:143","message":"Tick hit detection - component under cursor","data":{"component":"Box","hasTagCharge":true,"hasTagBattery":false},"runId":"debug1","hypothesisId":"H5"}
﻿{"id":"log_1777649356000","timestamp":1777649356000,"location":"PlayerCamera.cpp:143","message":"Tick hit detection - component under cursor","data":{"component":"Box","hasTagCharge":true,"hasTagBattery":false},"runId":"debug1","hypothesisId":"H5"}
﻿{"id":"log_1777649356000","timestamp":1777649356000,"location":"PlayerCamera.cpp:143","message":"Tick hit detection - component under cursor","data":{"component":"ModelComponent_0","hasTagCharge":false,"hasTagBattery":false},"runId":"debug1","hypothesisId":"H5"}
﻿{"id":"log_1777649356000","timestamp":1777649356000,"location":"PlayerCamera.cpp:143","message":"Tick hit detection - component under cursor","data":{"component":"ModelComponent_0","hasTagCharge":false,"hasTagBattery":false},"runId":"debug1","hypothesisId":"H5"}
﻿{"id":"log_1777649356000","timestamp":1777649356000,"location":"PlayerCamera.cpp:143","message":"Tick hit detection - component under cursor","data":{"component":"ModelComponent_0","hasTagCharge":false,"hasTagBattery":false},"runId":"debug1","hypothesisId":"H5"}
﻿{"id":"log_1777649356000","timestamp":1777649356000,"location":"PlayerCamera.cpp:143","message":"Tick hit detection - component under cursor","data":{"component":"ModelComponent_0","hasTagCharge":false,"hasTagBattery":false},"runId":"debug1","hypothesisId":"H5"}
﻿{"id":"log_1777649356000","timestamp":1777649356000,"location":"PlayerCamera.cpp:143","message":"Tick hit detection - component under cursor","data":{"component":"ModelComponent_0","hasTagCharge":false,"hasTagBattery":false},"runId":"debug1","hypothesisId":"H5"}
﻿{"id":"log_1777649356000","timestamp":1777649356000,"location":"PlayerCamera.cpp:143","message":"Tick hit detection - component under cursor","data":{"component":"ModelComponent_0","hasTagCharge":false,"hasTagBattery":false},"runId":"debug1","hypothesisId":"H5"}
﻿{"id":"log_1777649356000","timestamp":1777649356000,"location":"PlayerCamera.cpp:143","message":"Tick hit detection - component under cursor","data":{"component":"ModelComponent_0","hasTagCharge":false,"hasTagBattery":false},"runId":"debug1","hypothesisId":"H5"}
﻿{"id":"log_1777649356000","timestamp":1777649356000,"location":"PlayerCamera.cpp:143","message":"Tick hit detection - component under cursor","data":{"component":"ModelComponent_0","hasTagCharge":false,"hasTagBattery":false},"runId":"debug1","hypothesisId":"H5"}
﻿{"id":"log_1777649356000","timestamp":1777649356000,"location":"PlayerCamera.cpp:143","message":"Tick hit detection - component under cursor","data":{"component":"ModelComponent_0","hasTagCharge":false,"hasTagBattery":false},"runId":"debug1","hypothesisId":"H5"}
﻿{"id":"log_1777649356000","timestamp":1777649356000,"location":"PlayerCamera.cpp:143","message":"Tick hit detection - component under cursor","data":{"component":"ModelComponent_0","hasTagCharge":false,"hasTagBattery":false},"runId":"debug1","hypothesisId":"H5"}
﻿{"id":"log_1777649356000","timestamp":1777649356000,"location":"PlayerCamera.cpp:143","message":"Tick hit detection - component under cursor","data":{"component":"ModelComponent_0","hasTagCharge":false,"hasTagBattery":false},"runId":"debug1","hypothesisId":"H5"}
﻿{"id":"log_1777649356000","timestamp":1777649356000,"location":"PlayerCamera.cpp:143","message":"Tick hit detection - component under cursor","data":{"component":"ModelComponent_0","hasTagCharge":false,"hasTagBattery":false},"runId":"debug1","hypothesisId":"H5"}
﻿{"id":"log_1777649356000","timestamp":1777649356000,"location":"PlayerCamera.cpp:143","message":"Tick hit detection - component under cursor","data":{"component":"ModelComponent_0","hasTagCharge":false,"hasTagBattery":false},"runId":"debug1","hypothesisId":"H5"}
﻿{"id":"log_1777649356000","timestamp":1777649356000,"location":"PlayerCamera.cpp:143","message":"Tick hit detection - component under cursor","data":{"component":"ModelComponent_0","hasTagCharge":false,"hasTagBattery":false},"runId":"debug1","hypothesisId":"H5"}
﻿{"id":"log_1777649356000","timestamp":1777649356000,"location":"PlayerCamera.cpp:143","message":"Tick hit detection - component under cursor","data":{"component":"ModelComponent_0","hasTagCharge":false,"hasTagBattery":false},"runId":"debug1","hypothesisId":"H5"}
﻿{"id":"log_1777649356000","timestamp":1777649356000,"location":"PlayerCamera.cpp:143","message":"Tick hit detection - component under cursor","data":{"component":"ModelComponent_0","hasTagCharge":false,"hasTagBattery":false},"runId":"debug1","hypothesisId":"H5"}
﻿{"id":"log_1777649356000","timestamp":1777649356000,"location":"PlayerCamera.cpp:143","message":"Tick hit detection - component under cursor","data":{"component":"ModelComponent_0","hasTagCharge":false,"hasTagBattery":false},"runId":"debug1","hypothesisId":"H5"}
﻿{"id":"log_1777649356000","timestamp":1777649356000,"location":"PlayerCamera.cpp:143","message":"Tick hit detection - component under cursor","data":{"component":"ModelComponent_0","hasTagCharge":false,"hasTagBattery":false},"runId":"debug1","hypothesisId":"H5"}
﻿{"id":"log_1777649356000","timestamp":1777649356000,"location":"PlayerCamera.cpp:143","message":"Tick hit detection - component under cursor","data":{"component":"ModelComponent_0","hasTagCharge":false,"hasTagBattery":false},"runId":"debug1","hypothesisId":"H5"}
﻿{"id":"log_1777649356000","timestamp":1777649356000,"location":"PlayerCamera.cpp:143","message":"Tick hit detection - component under cursor","data":{"component":"ModelComponent_0","hasTagCharge":false,"hasTagBattery":false},"runId":"debug1","hypothesisId":"H5"}
﻿{"id":"log_1777649356000","timestamp":1777649356000,"location":"PlayerCamera.cpp:143","message":"Tick hit detection - component under cursor","data":{"component":"ModelComponent_0","hasTagCharge":false,"hasTagBattery":false},"runId":"debug1","hypothesisId":"H5"}
﻿{"id":"log_1777649356000","timestamp":1777649356000,"location":"PlayerCamera.cpp:143","message":"Tick hit detection - component under cursor","data":{"component":"ModelComponent_0","hasTagCharge":false,"hasTagBattery":false},"runId":"debug1","hypothesisId":"H5"}
﻿{"id":"log_1777649356000","timestamp":1777649356000,"location":"PlayerCamera.cpp:143","message":"Tick hit detection - component under cursor","data":{"component":"ModelComponent_0","hasTagCharge":false,"hasTagBattery":false},"runId":"debug1","hypothesisId":"H5"}
﻿{"id":"log_1777649356000","timestamp":1777649356000,"location":"PlayerCamera.cpp:143","message":"Tick hit detection - component under cursor","data":{"component":"ModelComponent_0","hasTagCharge":false,"hasTagBattery":false},"runId":"debug1","hypothesisId":"H5"}
﻿{"id":"log_1777649356000","timestamp":1777649356000,"location":"PlayerCamera.cpp:143","message":"Tick hit detection - component under cursor","data":{"component":"ModelComponent_0","hasTagCharge":false,"hasTagBattery":false},"runId":"debug1","hypothesisId":"H5"}
﻿{"id":"log_1777649356000","timestamp":1777649356000,"location":"PlayerCamera.cpp:143","message":"Tick hit detection - component under cursor","data":{"component":"ModelComponent_0","hasTagCharge":false,"hasTagBattery":false},"runId":"debug1","hypothesisId":"H5"}
﻿{"id":"log_1777649356000","timestamp":1777649356000,"location":"PlayerCamera.cpp:143","message":"Tick hit detection - component under cursor","data":{"component":"ModelComponent_0","hasTagCharge":false,"hasTagBattery":false},"runId":"debug1","hypothesisId":"H5"}
﻿{"id":"log_1777649356000","timestamp":1777649356000,"location":"PlayerCamera.cpp:143","message":"Tick hit detection - component under cursor","data":{"component":"ModelComponent_0","hasTagCharge":false,"hasTagBattery":false},"runId":"debug1","hypothesisId":"H5"}
﻿{"id":"log_1777649356000","timestamp":1777649356000,"location":"PlayerCamera.cpp:143","message":"Tick hit detection - component under cursor","data":{"component":"ModelComponent_0","hasTagCharge":false,"hasTagBattery":false},"runId":"debug1","hypothesisId":"H5"}
﻿{"id":"log_1777649356000","timestamp":1777649356000,"location":"PlayerCamera.cpp:143","message":"Tick hit detection - component under cursor","data":{"component":"ModelComponent_0","hasTagCharge":false,"hasTagBattery":false},"runId":"debug1","hypothesisId":"H5"}
﻿{"id":"log_1777649357000","timestamp":1777649357000,"location":"PlayerCamera.cpp:143","message":"Tick hit detection - component under cursor","data":{"component":"ModelComponent_0","hasTagCharge":false,"hasTagBattery":false},"runId":"debug1","hypothesisId":"H5"}
﻿{"id":"log_1777649357000","timestamp":1777649357000,"location":"PlayerCamera.cpp:143","message":"Tick hit detection - component under cursor","data":{"component":"ModelComponent_0","hasTagCharge":false,"hasTagBattery":false},"runId":"debug1","hypothesisId":"H5"}
﻿{"id":"log_1777649357000","timestamp":1777649357000,"location":"PlayerCamera.cpp:143","message":"Tick hit detection - component under cursor","data":{"component":"ModelComponent_0","hasTagCharge":false,"hasTagBattery":false},"runId":"debug1","hypothesisId":"H5"}
﻿{"id":"log_1777649357000","timestamp":1777649357000,"location":"PlayerCamera.cpp:143","message":"Tick hit detection - component under cursor","data":{"component":"ModelComponent_0","hasTagCharge":false,"hasTagBattery":false},"runId":"debug1","hypothesisId":"H5"}
﻿{"id":"log_1777649357000","timestamp":1777649357000,"location":"PlayerCamera.cpp:143","message":"Tick hit detection - component under cursor","data":{"component":"ModelComponent_0","hasTagCharge":false,"hasTagBattery":false},"runId":"debug1","hypothesisId":"H5"}
﻿{"id":"log_1777649357000","timestamp":1777649357000,"location":"PlayerCamera.cpp:143","message":"Tick hit detection - component under cursor","data":{"component":"ModelComponent_0","hasTagCharge":false,"hasTagBattery":false},"runId":"debug1","hypothesisId":"H5"}
﻿{"id":"log_1777649357000","timestamp":1777649357000,"location":"PlayerCamera.cpp:143","message":"Tick hit detection - component under cursor","data":{"component":"ModelComponent_0","hasTagCharge":false,"hasTagBattery":false},"runId":"debug1","hypothesisId":"H5"}
﻿{"id":"log_1777649357000","timestamp":1777649357000,"location":"PlayerCamera.cpp:143","message":"Tick hit detection - component under cursor","data":{"component":"ModelComponent_0","hasTagCharge":false,"hasTagBattery":false},"runId":"debug1","hypothesisId":"H5"}
﻿{"id":"log_1777649357000","timestamp":1777649357000,"location":"PlayerCamera.cpp:143","message":"Tick hit detection - component under cursor","data":{"component":"ModelComponent_0","hasTagCharge":false,"hasTagBattery":false},"runId":"debug1","hypothesisId":"H5"}
﻿{"id":"log_1777649357000","timestamp":1777649357000,"location":"PlayerCamera.cpp:143","message":"Tick hit detection - component under cursor","data":{"component":"ModelComponent_0","hasTagCharge":false,"hasTagBattery":false},"runId":"debug1","hypothesisId":"H5"}
﻿{"id":"log_1777649357000","timestamp":1777649357000,"location":"PlayerCamera.cpp:143","message":"Tick hit detection - component under cursor","data":{"component":"ModelComponent_0","hasTagCharge":false,"hasTagBattery":false},"runId":"debug1","hypothesisId":"H5"}
﻿{"id":"log_1777649357000","timestamp":1777649357000,"location":"PlayerCamera.cpp:143","message":"Tick hit detection - component under cursor","data":{"component":"ModelComponent_0","hasTagCharge":false,"hasTagBattery":false},"runId":"debug1","hypothesisId":"H5"}
﻿{"id":"log_1777649357000","timestamp":1777649357000,"location":"PlayerCamera.cpp:143","message":"Tick hit detection - component under cursor","data":{"component":"ModelComponent_0","hasTagCharge":false,"hasTagBattery":false},"runId":"debug1","hypothesisId":"H5"}
﻿{"id":"log_1777649357000","timestamp":1777649357000,"location":"PlayerCamera.cpp:143","message":"Tick hit detection - component under cursor","data":{"component":"ModelComponent_0","hasTagCharge":false,"hasTagBattery":false},"runId":"debug1","hypothesisId":"H5"}
﻿{"id":"log_1777649357000","timestamp":1777649357000,"location":"PlayerCamera.cpp:143","message":"Tick hit detection - component under cursor","data":{"component":"ModelComponent_0","hasTagCharge":false,"hasTagBattery":false},"runId":"debug1","hypothesisId":"H5"}
﻿{"id":"log_1777649357000","timestamp":1777649357000,"location":"PlayerCamera.cpp:143","message":"Tick hit detection - component under cursor","data":{"component":"ModelComponent_0","hasTagCharge":false,"hasTagBattery":false},"runId":"debug1","hypothesisId":"H5"}
﻿{"id":"log_1777649357000","timestamp":1777649357000,"location":"PlayerCamera.cpp:143","message":"Tick hit detection - component under cursor","data":{"component":"ModelComponent_0","hasTagCharge":false,"hasTagBattery":false},"runId":"debug1","hypothesisId":"H5"}
﻿{"id":"log_1777649357000","timestamp":1777649357000,"location":"PlayerCamera.cpp:143","message":"Tick hit detection - component under cursor","data":{"component":"ModelComponent_0","hasTagCharge":false,"hasTagBattery":false},"runId":"debug1","hypothesisId":"H5"}
﻿{"id":"log_1777649357000","timestamp":1777649357000,"location":"PlayerCamera.cpp:143","message":"Tick hit detection - component under cursor","data":{"component":"BatteryBase","hasTagCharge":false,"hasTagBattery":true},"runId":"debug1","hypothesisId":"H5"}
﻿{"id":"log_1777649357000","timestamp":1777649357000,"location":"PlayerCamera.cpp:143","message":"Tick hit detection - component under cursor","data":{"component":"BatteryBase","hasTagCharge":false,"hasTagBattery":true},"runId":"debug1","hypothesisId":"H5"}
﻿{"id":"log_1777649357000","timestamp":1777649357000,"location":"PlayerCamera.cpp:143","message":"Tick hit detection - component under cursor","data":{"component":"BatteryBase","hasTagCharge":false,"hasTagBattery":true},"runId":"debug1","hypothesisId":"H5"}
﻿{"id":"log_1777649357000","timestamp":1777649357000,"location":"PlayerCamera.cpp:143","message":"Tick hit detection - component under cursor","data":{"component":"BatteryBase","hasTagCharge":false,"hasTagBattery":true},"runId":"debug1","hypothesisId":"H5"}
﻿{"id":"log_1777649357000","timestamp":1777649357000,"location":"PlayerCamera.cpp:143","message":"Tick hit detection - component under cursor","data":{"component":"BatteryBase","hasTagCharge":false,"hasTagBattery":true},"runId":"debug1","hypothesisId":"H5"}
﻿{"id":"log_1777649357000","timestamp":1777649357000,"location":"PlayerCamera.cpp:143","message":"Tick hit detection - component under cursor","data":{"component":"BatteryBase","hasTagCharge":false,"hasTagBattery":true},"runId":"debug1","hypothesisId":"H5"}
﻿{"id":"log_1777649357000","timestamp":1777649357000,"location":"PlayerCamera.cpp:143","message":"Tick hit detection - component under cursor","data":{"component":"ModelComponent_0","hasTagCharge":false,"hasTagBattery":false},"runId":"debug1","hypothesisId":"H5"}
﻿{"id":"log_1777649357000","timestamp":1777649357000,"location":"PlayerCamera.cpp:143","message":"Tick hit detection - component under cursor","data":{"component":"ModelComponent_0","hasTagCharge":false,"hasTagBattery":false},"runId":"debug1","hypothesisId":"H5"}
﻿{"id":"log_1777649357000","timestamp":1777649357000,"location":"PlayerCamera.cpp:143","message":"Tick hit detection - component under cursor","data":{"component":"ModelComponent_0","hasTagCharge":false,"hasTagBattery":false},"runId":"debug1","hypothesisId":"H5"}
﻿{"id":"log_1777649357000","timestamp":1777649357000,"location":"PlayerCamera.cpp:143","message":"Tick hit detection - component under cursor","data":{"component":"ModelComponent_0","hasTagCharge":false,"hasTagBattery":false},"runId":"debug1","hypothesisId":"H5"}
﻿{"id":"log_1777649357000","timestamp":1777649357000,"location":"PlayerCamera.cpp:143","message":"Tick hit detection - component under cursor","data":{"component":"ModelComponent_0","hasTagCharge":false,"hasTagBattery":false},"runId":"debug1","hypothesisId":"H5"}
﻿{"id":"log_1777649357000","timestamp":1777649357000,"location":"PlayerCamera.cpp:143","message":"Tick hit detection - component under cursor","data":{"component":"ModelComponent_0","hasTagCharge":false,"hasTagBattery":false},"runId":"debug1","hypothesisId":"H5"}
﻿{"id":"log_1777649357000","timestamp":1777649357000,"location":"PlayerCamera.cpp:143","message":"Tick hit detection - component under cursor","data":{"component":"ModelComponent_0","hasTagCharge":false,"hasTagBattery":false},"runId":"debug1","hypothesisId":"H5"}
﻿{"id":"log_1777649357000","timestamp":1777649357000,"location":"PlayerCamera.cpp:143","message":"Tick hit detection - component under cursor","data":{"component":"ModelComponent_0","hasTagCharge":false,"hasTagBattery":false},"runId":"debug1","hypothesisId":"H5"}
﻿{"id":"log_1777649357000","timestamp":1777649357000,"location":"PlayerCamera.cpp:143","message":"Tick hit detection - component under cursor","data":{"component":"ModelComponent_0","hasTagCharge":false,"hasTagBattery":false},"runId":"debug1","hypothesisId":"H5"}
﻿{"id":"log_1777649357000","timestamp":1777649357000,"location":"PlayerCamera.cpp:143","message":"Tick hit detection - component under cursor","data":{"component":"ModelComponent_0","hasTagCharge":false,"hasTagBattery":false},"runId":"debug1","hypothesisId":"H5"}
﻿{"id":"log_1777649357000","timestamp":1777649357000,"location":"PlayerCamera.cpp:143","message":"Tick hit detection - component under cursor","data":{"component":"ModelComponent_0","hasTagCharge":false,"hasTagBattery":false},"runId":"debug1","hypothesisId":"H5"}
﻿{"id":"log_1777649357000","timestamp":1777649357000,"location":"PlayerCamera.cpp:143","message":"Tick hit detection - component under cursor","data":{"component":"LightTrigger","hasTagCharge":false,"hasTagBattery":false},"runId":"debug1","hypothesisId":"H5"}
﻿{"id":"log_1777649357000","timestamp":1777649357000,"location":"PlayerCamera.cpp:143","message":"Tick hit detection - component under cursor","data":{"component":"LightTrigger","hasTagCharge":false,"hasTagBattery":false},"runId":"debug1","hypothesisId":"H5"}
﻿{"id":"log_1777649357000","timestamp":1777649357000,"location":"PlayerCamera.cpp:143","message":"Tick hit detection - component under cursor","data":{"component":"LightTrigger","hasTagCharge":false,"hasTagBattery":false},"runId":"debug1","hypothesisId":"H5"}
﻿{"id":"log_1777649357000","timestamp":1777649357000,"location":"PlayerCamera.cpp:143","message":"Tick hit detection - component under cursor","data":{"component":"ModelComponent_0","hasTagCharge":false,"hasTagBattery":false},"runId":"debug1","hypothesisId":"H5"}
﻿{"id":"log_1777649357000","timestamp":1777649357000,"location":"PlayerCamera.cpp:143","message":"Tick hit detection - component under cursor","data":{"component":"ModelComponent_0","hasTagCharge":false,"hasTagBattery":false},"runId":"debug1","hypothesisId":"H5"}
﻿{"id":"log_1777649357000","timestamp":1777649357000,"location":"PlayerCamera.cpp:143","message":"Tick hit detection - NO component under cursor (H5)","data":{"hitComp":null},"runId":"debug1","hypothesisId":"H5"}
﻿{"id":"log_1777649357000","timestamp":1777649357000,"location":"PlayerCamera.cpp:143","message":"Tick hit detection - NO component under cursor (H5)","data":{"hitComp":null},"runId":"debug1","hypothesisId":"H5"}
﻿{"id":"log_1777649357000","timestamp":1777649357000,"location":"PlayerCamera.cpp:143","message":"Tick hit detection - NO component under cursor (H5)","data":{"hitComp":null},"runId":"debug1","hypothesisId":"H5"}
﻿{"id":"log_1777649357000","timestamp":1777649357000,"location":"PlayerCamera.cpp:143","message":"Tick hit detection - component under cursor","data":{"component":"ModelComponent_0","hasTagCharge":false,"hasTagBattery":false},"runId":"debug1","hypothesisId":"H5"}
﻿{"id":"log_1777649357000","timestamp":1777649357000,"location":"PlayerCamera.cpp:143","message":"Tick hit detection - component under cursor","data":{"component":"ModelComponent_0","hasTagCharge":false,"hasTagBattery":false},"runId":"debug1","hypothesisId":"H5"}
﻿{"id":"log_1777649357000","timestamp":1777649357000,"location":"PlayerCamera.cpp:143","message":"Tick hit detection - component under cursor","data":{"component":"ModelComponent_0","hasTagCharge":false,"hasTagBattery":false},"runId":"debug1","hypothesisId":"H5"}
﻿{"id":"log_1777649357000","timestamp":1777649357000,"location":"PlayerCamera.cpp:143","message":"Tick hit detection - component under cursor","data":{"component":"ModelComponent_0","hasTagCharge":false,"hasTagBattery":false},"runId":"debug1","hypothesisId":"H5"}
﻿{"id":"log_1777649357000","timestamp":1777649357000,"location":"PlayerCamera.cpp:143","message":"Tick hit detection - component under cursor","data":{"component":"ModelComponent_0","hasTagCharge":false,"hasTagBattery":false},"runId":"debug1","hypothesisId":"H5"}
﻿{"id":"log_1777649357000","timestamp":1777649357000,"location":"PlayerCamera.cpp:143","message":"Tick hit detection - component under cursor","data":{"component":"ScreenMesh","hasTagCharge":false,"hasTagBattery":false},"runId":"debug1","hypothesisId":"H5"}
﻿{"id":"log_1777649357000","timestamp":1777649357000,"location":"PlayerCamera.cpp:143","message":"Tick hit detection - component under cursor","data":{"component":"ScreenMesh","hasTagCharge":false,"hasTagBattery":false},"runId":"debug1","hypothesisId":"H5"}
﻿{"id":"log_1777649357000","timestamp":1777649357000,"location":"PlayerCamera.cpp:143","message":"Tick hit detection - component under cursor","data":{"component":"ScreenMesh","hasTagCharge":false,"hasTagBattery":false},"runId":"debug1","hypothesisId":"H5"}
﻿{"id":"log_1777649357000","timestamp":1777649357000,"location":"PlayerCamera.cpp:143","message":"Tick hit detection - component under cursor","data":{"component":"ScreenMesh","hasTagCharge":false,"hasTagBattery":false},"runId":"debug1","hypothesisId":"H5"}
﻿{"id":"log_1777649357000","timestamp":1777649357000,"location":"PlayerCamera.cpp:143","message":"Tick hit detection - component under cursor","data":{"component":"ScreenMesh","hasTagCharge":false,"hasTagBattery":false},"runId":"debug1","hypothesisId":"H5"}
﻿{"id":"log_1777649357000","timestamp":1777649357000,"location":"PlayerCamera.cpp:143","message":"Tick hit detection - component under cursor","data":{"component":"ScreenMesh","hasTagCharge":false,"hasTagBattery":false},"runId":"debug1","hypothesisId":"H5"}
﻿{"id":"log_1777649357000","timestamp":1777649357000,"location":"PlayerCamera.cpp:143","message":"Tick hit detection - component under cursor","data":{"component":"ScreenMesh","hasTagCharge":false,"hasTagBattery":false},"runId":"debug1","hypothesisId":"H5"}
﻿{"id":"log_1777649357000","timestamp":1777649357000,"location":"PlayerCamera.cpp:143","message":"Tick hit detection - component under cursor","data":{"component":"ScreenMesh","hasTagCharge":false,"hasTagBattery":false},"runId":"debug1","hypothesisId":"H5"}
﻿{"id":"log_1777649357000","timestamp":1777649357000,"location":"PlayerCamera.cpp:143","message":"Tick hit detection - component under cursor","data":{"component":"ScreenMesh","hasTagCharge":false,"hasTagBattery":false},"runId":"debug1","hypothesisId":"H5"}
﻿{"id":"log_1777649357000","timestamp":1777649357000,"location":"PlayerCamera.cpp:143","message":"Tick hit detection - component under cursor","data":{"component":"ScreenMesh","hasTagCharge":false,"hasTagBattery":false},"runId":"debug1","hypothesisId":"H5"}
﻿{"id":"log_1777649357000","timestamp":1777649357000,"location":"PlayerCamera.cpp:143","message":"Tick hit detection - component under cursor","data":{"component":"ScreenMesh","hasTagCharge":false,"hasTagBattery":false},"runId":"debug1","hypothesisId":"H5"}
﻿{"id":"log_1777649357000","timestamp":1777649357000,"location":"PlayerCamera.cpp:143","message":"Tick hit detection - component under cursor","data":{"component":"ScreenMesh","hasTagCharge":false,"hasTagBattery":false},"runId":"debug1","hypothesisId":"H5"}
﻿{"id":"log_1777649358000","timestamp":1777649358000,"location":"PlayerCamera.cpp:143","message":"Tick hit detection - component under cursor","data":{"component":"ScreenMesh","hasTagCharge":false,"hasTagBattery":false},"runId":"debug1","hypothesisId":"H5"}
﻿{"id":"log_1777649358000","timestamp":1777649358000,"location":"PlayerCamera.cpp:143","message":"Tick hit detection - component under cursor","data":{"component":"ScreenMesh","hasTagCharge":false,"hasTagBattery":false},"runId":"debug1","hypothesisId":"H5"}
﻿{"id":"log_1777649358000","timestamp":1777649358000,"location":"PlayerCamera.cpp:143","message":"Tick hit detection - component under cursor","data":{"component":"ScreenMesh","hasTagCharge":false,"hasTagBattery":false},"runId":"debug1","hypothesisId":"H5"}
﻿{"id":"log_1777649358000","timestamp":1777649358000,"location":"PlayerCamera.cpp:143","message":"Tick hit detection - component under cursor","data":{"component":"ScreenMesh","hasTagCharge":false,"hasTagBattery":false},"runId":"debug1","hypothesisId":"H5"}
﻿{"id":"log_1777649358000","timestamp":1777649358000,"location":"PlayerCamera.cpp:143","message":"Tick hit detection - component under cursor","data":{"component":"ScreenMesh","hasTagCharge":false,"hasTagBattery":false},"runId":"debug1","hypothesisId":"H5"}
﻿{"id":"log_1777649358000","timestamp":1777649358000,"location":"PlayerCamera.cpp:143","message":"Tick hit detection - component under cursor","data":{"component":"ScreenMesh","hasTagCharge":false,"hasTagBattery":false},"runId":"debug1","hypothesisId":"H5"}
﻿{"id":"log_1777649358000","timestamp":1777649358000,"location":"PlayerCamera.cpp:143","message":"Tick hit detection - component under cursor","data":{"component":"ScreenMesh","hasTagCharge":false,"hasTagBattery":false},"runId":"debug1","hypothesisId":"H5"}
﻿{"id":"log_1777649358000","timestamp":1777649358000,"location":"PlayerCamera.cpp:143","message":"Tick hit detection - component under cursor","data":{"component":"ScreenMesh","hasTagCharge":false,"hasTagBattery":false},"runId":"debug1","hypothesisId":"H5"}
﻿{"id":"log_1777649358000","timestamp":1777649358000,"location":"PlayerCamera.cpp:190","message":"InteractInput triggered via EnhancedInput (hypothesis H2: enhanced-input-conflict)","data":{"action":"Started"},"runId":"debug1","hypothesisId":"H2"}
﻿{"id":"log_1777649358000","timestamp":1777649358000,"location":"PlayerCamera.cpp:143","message":"Tick hit detection - component under cursor","data":{"component":"ScreenMesh","hasTagCharge":false,"hasTagBattery":false},"runId":"debug1","hypothesisId":"H5"}
﻿{"id":"log_1777649358000","timestamp":1777649358000,"location":"PlayerCamera.cpp:143","message":"Tick hit detection - component under cursor","data":{"component":"ScreenMesh","hasTagCharge":false,"hasTagBattery":false},"runId":"debug1","hypothesisId":"H5"}
﻿{"id":"log_1777649358000","timestamp":1777649358000,"location":"PlayerCamera.cpp:143","message":"Tick hit detection - component under cursor","data":{"component":"ScreenMesh","hasTagCharge":false,"hasTagBattery":false},"runId":"debug1","hypothesisId":"H5"}
﻿{"id":"log_1777649358000","timestamp":1777649358000,"location":"PlayerCamera.cpp:143","message":"Tick hit detection - component under cursor","data":{"component":"ScreenMesh","hasTagCharge":false,"hasTagBattery":false},"runId":"debug1","hypothesisId":"H5"}
﻿{"id":"log_1777649358000","timestamp":1777649358000,"location":"PlayerCamera.cpp:143","message":"Tick hit detection - component under cursor","data":{"component":"ScreenWidget","hasTagCharge":false,"hasTagBattery":false},"runId":"debug1","hypothesisId":"H5"}
﻿{"id":"log_1777649358000","timestamp":1777649358000,"location":"PlayerCamera.cpp:143","message":"Tick hit detection - component under cursor","data":{"component":"ScreenWidget","hasTagCharge":false,"hasTagBattery":false},"runId":"debug1","hypothesisId":"H5"}
﻿{"id":"log_1777649358000","timestamp":1777649358000,"location":"PlayerCamera.cpp:143","message":"Tick hit detection - component under cursor","data":{"component":"ScreenWidget","hasTagCharge":false,"hasTagBattery":false},"runId":"debug1","hypothesisId":"H5"}
﻿{"id":"log_1777649358000","timestamp":1777649358000,"location":"PlayerCamera.cpp:143","message":"Tick hit detection - component under cursor","data":{"component":"ScreenWidget","hasTagCharge":false,"hasTagBattery":false},"runId":"debug1","hypothesisId":"H5"}
﻿{"id":"log_1777649358000","timestamp":1777649358000,"location":"PlayerCamera.cpp:143","message":"Tick hit detection - component under cursor","data":{"component":"ScreenWidget","hasTagCharge":false,"hasTagBattery":false},"runId":"debug1","hypothesisId":"H5"}
﻿{"id":"log_1777649358000","timestamp":1777649358000,"location":"PlayerCamera.cpp:143","message":"Tick hit detection - component under cursor","data":{"component":"ScreenWidget","hasTagCharge":false,"hasTagBattery":false},"runId":"debug1","hypothesisId":"H5"}
﻿{"id":"log_1777649358000","timestamp":1777649358000,"location":"PlayerCamera.cpp:143","message":"Tick hit detection - component under cursor","data":{"component":"ScreenMesh","hasTagCharge":false,"hasTagBattery":false},"runId":"debug1","hypothesisId":"H5"}
﻿{"id":"log_1777649358000","timestamp":1777649358000,"location":"PlayerCamera.cpp:143","message":"Tick hit detection - component under cursor","data":{"component":"ModelComponent_0","hasTagCharge":false,"hasTagBattery":false},"runId":"debug1","hypothesisId":"H5"}
﻿{"id":"log_1777649358000","timestamp":1777649358000,"location":"PlayerCamera.cpp:143","message":"Tick hit detection - component under cursor","data":{"component":"ModelComponent_0","hasTagCharge":false,"hasTagBattery":false},"runId":"debug1","hypothesisId":"H5"}
﻿{"id":"log_1777649358000","timestamp":1777649358000,"location":"PlayerCamera.cpp:143","message":"Tick hit detection - component under cursor","data":{"component":"ModelComponent_0","hasTagCharge":false,"hasTagBattery":false},"runId":"debug1","hypothesisId":"H5"}
﻿{"id":"log_1777649358000","timestamp":1777649358000,"location":"PlayerCamera.cpp:143","message":"Tick hit detection - component under cursor","data":{"component":"ModelComponent_0","hasTagCharge":false,"hasTagBattery":false},"runId":"debug1","hypothesisId":"H5"}
﻿{"id":"log_1777649358000","timestamp":1777649358000,"location":"PlayerCamera.cpp:143","message":"Tick hit detection - component under cursor","data":{"component":"ModelComponent_0","hasTagCharge":false,"hasTagBattery":false},"runId":"debug1","hypothesisId":"H5"}
﻿{"id":"log_1777649358000","timestamp":1777649358000,"location":"PlayerCamera.cpp:143","message":"Tick hit detection - component under cursor","data":{"component":"ModelComponent_0","hasTagCharge":false,"hasTagBattery":false},"runId":"debug1","hypothesisId":"H5"}
﻿{"id":"log_1777649358000","timestamp":1777649358000,"location":"PlayerCamera.cpp:143","message":"Tick hit detection - component under cursor","data":{"component":"ModelComponent_0","hasTagCharge":false,"hasTagBattery":false},"runId":"debug1","hypothesisId":"H5"}
﻿{"id":"log_1777649358000","timestamp":1777649358000,"location":"PlayerCamera.cpp:143","message":"Tick hit detection - component under cursor","data":{"component":"ModelComponent_0","hasTagCharge":false,"hasTagBattery":false},"runId":"debug1","hypothesisId":"H5"}
﻿{"id":"log_1777649358000","timestamp":1777649358000,"location":"PlayerCamera.cpp:143","message":"Tick hit detection - component under cursor","data":{"component":"ModelComponent_0","hasTagCharge":false,"hasTagBattery":false},"runId":"debug1","hypothesisId":"H5"}
﻿{"id":"log_1777649358000","timestamp":1777649358000,"location":"PlayerCamera.cpp:143","message":"Tick hit detection - component under cursor","data":{"component":"ModelComponent_0","hasTagCharge":false,"hasTagBattery":false},"runId":"debug1","hypothesisId":"H5"}
﻿{"id":"log_1777649358000","timestamp":1777649358000,"location":"PlayerCamera.cpp:143","message":"Tick hit detection - component under cursor","data":{"component":"ModelComponent_0","hasTagCharge":false,"hasTagBattery":false},"runId":"debug1","hypothesisId":"H5"}
﻿{"id":"log_1777649358000","timestamp":1777649358000,"location":"PlayerCamera.cpp:143","message":"Tick hit detection - component under cursor","data":{"component":"ModelComponent_0","hasTagCharge":false,"hasTagBattery":false},"runId":"debug1","hypothesisId":"H5"}
﻿{"id":"log_1777649358000","timestamp":1777649358000,"location":"PlayerCamera.cpp:143","message":"Tick hit detection - component under cursor","data":{"component":"ModelComponent_0","hasTagCharge":false,"hasTagBattery":false},"runId":"debug1","hypothesisId":"H5"}
﻿{"id":"log_1777649358000","timestamp":1777649358000,"location":"PlayerCamera.cpp:143","message":"Tick hit detection - component under cursor","data":{"component":"ModelComponent_0","hasTagCharge":false,"hasTagBattery":false},"runId":"debug1","hypothesisId":"H5"}
﻿{"id":"log_1777649358000","timestamp":1777649358000,"location":"PlayerCamera.cpp:143","message":"Tick hit detection - component under cursor","data":{"component":"ModelComponent_0","hasTagCharge":false,"hasTagBattery":false},"runId":"debug1","hypothesisId":"H5"}
﻿{"id":"log_1777649358000","timestamp":1777649358000,"location":"PlayerCamera.cpp:143","message":"Tick hit detection - component under cursor","data":{"component":"ModelComponent_0","hasTagCharge":false,"hasTagBattery":false},"runId":"debug1","hypothesisId":"H5"}
﻿{"id":"log_1777649358000","timestamp":1777649358000,"location":"PlayerCamera.cpp:143","message":"Tick hit detection - component under cursor","data":{"component":"ModelComponent_0","hasTagCharge":false,"hasTagBattery":false},"runId":"debug1","hypothesisId":"H5"}
﻿{"id":"log_1777649358000","timestamp":1777649358000,"location":"PlayerCamera.cpp:143","message":"Tick hit detection - component under cursor","data":{"component":"ModelComponent_0","hasTagCharge":false,"hasTagBattery":false},"runId":"debug1","hypothesisId":"H5"}
﻿{"id":"log_1777649358000","timestamp":1777649358000,"location":"PlayerCamera.cpp:143","message":"Tick hit detection - component under cursor","data":{"component":"ModelComponent_0","hasTagCharge":false,"hasTagBattery":false},"runId":"debug1","hypothesisId":"H5"}
﻿{"id":"log_1777649358000","timestamp":1777649358000,"location":"PlayerCamera.cpp:143","message":"Tick hit detection - component under cursor","data":{"component":"ModelComponent_0","hasTagCharge":false,"hasTagBattery":false},"runId":"debug1","hypothesisId":"H5"}
﻿{"id":"log_1777649358000","timestamp":1777649358000,"location":"PlayerCamera.cpp:143","message":"Tick hit detection - component under cursor","data":{"component":"ModelComponent_0","hasTagCharge":false,"hasTagBattery":false},"runId":"debug1","hypothesisId":"H5"}
﻿{"id":"log_1777649358000","timestamp":1777649358000,"location":"PlayerCamera.cpp:143","message":"Tick hit detection - component under cursor","data":{"component":"ModelComponent_0","hasTagCharge":false,"hasTagBattery":false},"runId":"debug1","hypothesisId":"H5"}
﻿{"id":"log_1777649358000","timestamp":1777649358000,"location":"PlayerCamera.cpp:143","message":"Tick hit detection - component under cursor","data":{"component":"ModelComponent_0","hasTagCharge":false,"hasTagBattery":false},"runId":"debug1","hypothesisId":"H5"}
﻿{"id":"log_1777649358000","timestamp":1777649358000,"location":"PlayerCamera.cpp:143","message":"Tick hit detection - component under cursor","data":{"component":"ModelComponent_0","hasTagCharge":false,"hasTagBattery":false},"runId":"debug1","hypothesisId":"H5"}
﻿{"id":"log_1777649358000","timestamp":1777649358000,"location":"PlayerCamera.cpp:143","message":"Tick hit detection - component under cursor","data":{"component":"ModelComponent_0","hasTagCharge":false,"hasTagBattery":false},"runId":"debug1","hypothesisId":"H5"}
﻿{"id":"log_1777649358000","timestamp":1777649358000,"location":"PlayerCamera.cpp:143","message":"Tick hit detection - component under cursor","data":{"component":"ModelComponent_0","hasTagCharge":false,"hasTagBattery":false},"runId":"debug1","hypothesisId":"H5"}
﻿{"id":"log_1777649358000","timestamp":1777649358000,"location":"PlayerCamera.cpp:143","message":"Tick hit detection - component under cursor","data":{"component":"ModelComponent_0","hasTagCharge":false,"hasTagBattery":false},"runId":"debug1","hypothesisId":"H5"}
﻿{"id":"log_1777649358000","timestamp":1777649358000,"location":"ComputerScreenActor.cpp:142","message":"Exit computer view - reset to GameOnly (H1: input-mode-focus-consumption - potential first-click swallow)","data":{"mode":"GameOnly","focusCleared":true},"runId":"debug1","hypothesisId":"H1"}
﻿{"id":"log_1777649358000","timestamp":1777649358000,"location":"PlayerCamera.cpp:143","message":"Tick hit detection - component under cursor","data":{"component":"ModelComponent_0","hasTagCharge":false,"hasTagBattery":false},"runId":"debug1","hypothesisId":"H5"}
﻿{"id":"log_1777649358000","timestamp":1777649358000,"location":"PlayerCamera.cpp:143","message":"Tick hit detection - component under cursor","data":{"component":"ModelComponent_0","hasTagCharge":false,"hasTagBattery":false},"runId":"debug1","hypothesisId":"H5"}
﻿{"id":"log_1777649358000","timestamp":1777649358000,"location":"PlayerCamera.cpp:143","message":"Tick hit detection - component under cursor","data":{"component":"ModelComponent_0","hasTagCharge":false,"hasTagBattery":false},"runId":"debug1","hypothesisId":"H5"}
﻿{"id":"log_1777649358000","timestamp":1777649358000,"location":"PlayerCamera.cpp:143","message":"Tick hit detection - component under cursor","data":{"component":"ModelComponent_0","hasTagCharge":false,"hasTagBattery":false},"runId":"debug1","hypothesisId":"H5"}
﻿{"id":"log_1777649358000","timestamp":1777649358000,"location":"PlayerCamera.cpp:143","message":"Tick hit detection - component under cursor","data":{"component":"ModelComponent_0","hasTagCharge":false,"hasTagBattery":false},"runId":"debug1","hypothesisId":"H5"}
﻿{"id":"log_1777649358000","timestamp":1777649358000,"location":"PlayerCamera.cpp:143","message":"Tick hit detection - component under cursor","data":{"component":"ModelComponent_0","hasTagCharge":false,"hasTagBattery":false},"runId":"debug1","hypothesisId":"H5"}
﻿{"id":"log_1777649358000","timestamp":1777649358000,"location":"PlayerCamera.cpp:143","message":"Tick hit detection - component under cursor","data":{"component":"ModelComponent_0","hasTagCharge":false,"hasTagBattery":false},"runId":"debug1","hypothesisId":"H5"}
﻿{"id":"log_1777649358000","timestamp":1777649358000,"location":"PlayerCamera.cpp:143","message":"Tick hit detection - component under cursor","data":{"component":"ModelComponent_0","hasTagCharge":false,"hasTagBattery":false},"runId":"debug1","hypothesisId":"H5"}
﻿{"id":"log_1777649358000","timestamp":1777649358000,"location":"PlayerCamera.cpp:143","message":"Tick hit detection - component under cursor","data":{"component":"ModelComponent_0","hasTagCharge":false,"hasTagBattery":false},"runId":"debug1","hypothesisId":"H5"}
﻿{"id":"log_1777649358000","timestamp":1777649358000,"location":"PlayerCamera.cpp:143","message":"Tick hit detection - component under cursor","data":{"component":"ModelComponent_0","hasTagCharge":false,"hasTagBattery":false},"runId":"debug1","hypothesisId":"H5"}
﻿{"id":"log_1777649358000","timestamp":1777649358000,"location":"PlayerCamera.cpp:143","message":"Tick hit detection - component under cursor","data":{"component":"ModelComponent_0","hasTagCharge":false,"hasTagBattery":false},"runId":"debug1","hypothesisId":"H5"}
﻿{"id":"log_1777649358000","timestamp":1777649358000,"location":"PlayerCamera.cpp:143","message":"Tick hit detection - component under cursor","data":{"component":"ModelComponent_0","hasTagCharge":false,"hasTagBattery":false},"runId":"debug1","hypothesisId":"H5"}
﻿{"id":"log_1777649358000","timestamp":1777649358000,"location":"PlayerCamera.cpp:143","message":"Tick hit detection - component under cursor","data":{"component":"ModelComponent_0","hasTagCharge":false,"hasTagBattery":false},"runId":"debug1","hypothesisId":"H5"}
﻿{"id":"log_1777649358000","timestamp":1777649358000,"location":"PlayerCamera.cpp:143","message":"Tick hit detection - component under cursor","data":{"component":"ModelComponent_0","hasTagCharge":false,"hasTagBattery":false},"runId":"debug1","hypothesisId":"H5"}
﻿{"id":"log_1777649359000","timestamp":1777649359000,"location":"PlayerCamera.cpp:143","message":"Tick hit detection - component under cursor","data":{"component":"ModelComponent_0","hasTagCharge":false,"hasTagBattery":false},"runId":"debug1","hypothesisId":"H5"}
﻿{"id":"log_1777649359000","timestamp":1777649359000,"location":"PlayerCamera.cpp:143","message":"Tick hit detection - component under cursor","data":{"component":"ModelComponent_0","hasTagCharge":false,"hasTagBattery":false},"runId":"debug1","hypothesisId":"H5"}
﻿{"id":"log_1777649359000","timestamp":1777649359000,"location":"PlayerCamera.cpp:143","message":"Tick hit detection - component under cursor","data":{"component":"ModelComponent_0","hasTagCharge":false,"hasTagBattery":false},"runId":"debug1","hypothesisId":"H5"}
﻿{"id":"log_1777649359000","timestamp":1777649359000,"location":"PlayerCamera.cpp:143","message":"Tick hit detection - component under cursor","data":{"component":"ModelComponent_0","hasTagCharge":false,"hasTagBattery":false},"runId":"debug1","hypothesisId":"H5"}
﻿{"id":"log_1777649359000","timestamp":1777649359000,"location":"PlayerCamera.cpp:143","message":"Tick hit detection - component under cursor","data":{"component":"ModelComponent_0","hasTagCharge":false,"hasTagBattery":false},"runId":"debug1","hypothesisId":"H5"}
﻿{"id":"log_1777649359000","timestamp":1777649359000,"location":"PlayerCamera.cpp:143","message":"Tick hit detection - component under cursor","data":{"component":"ModelComponent_0","hasTagCharge":false,"hasTagBattery":false},"runId":"debug1","hypothesisId":"H5"}
﻿{"id":"log_1777649359000","timestamp":1777649359000,"location":"PlayerCamera.cpp:143","message":"Tick hit detection - component under cursor","data":{"component":"ScreenMesh","hasTagCharge":false,"hasTagBattery":false},"runId":"debug1","hypothesisId":"H5"}
﻿{"id":"log_1777649359000","timestamp":1777649359000,"location":"PlayerCamera.cpp:143","message":"Tick hit detection - component under cursor","data":{"component":"ScreenWidget","hasTagCharge":false,"hasTagBattery":false},"runId":"debug1","hypothesisId":"H5"}
﻿{"id":"log_1777649359000","timestamp":1777649359000,"location":"PlayerCamera.cpp:143","message":"Tick hit detection - component under cursor","data":{"component":"ScreenWidget","hasTagCharge":false,"hasTagBattery":false},"runId":"debug1","hypothesisId":"H5"}
﻿{"id":"log_1777649359000","timestamp":1777649359000,"location":"PlayerCamera.cpp:143","message":"Tick hit detection - component under cursor","data":{"component":"ScreenWidget","hasTagCharge":false,"hasTagBattery":false},"runId":"debug1","hypothesisId":"H5"}
﻿{"id":"log_1777649359000","timestamp":1777649359000,"location":"PlayerCamera.cpp:143","message":"Tick hit detection - component under cursor","data":{"component":"ScreenWidget","hasTagCharge":false,"hasTagBattery":false},"runId":"debug1","hypothesisId":"H5"}
﻿{"id":"log_1777649359000","timestamp":1777649359000,"location":"PlayerCamera.cpp:143","message":"Tick hit detection - component under cursor","data":{"component":"ScreenWidget","hasTagCharge":false,"hasTagBattery":false},"runId":"debug1","hypothesisId":"H5"}
﻿{"id":"log_1777649359000","timestamp":1777649359000,"location":"PlayerCamera.cpp:143","message":"Tick hit detection - component under cursor","data":{"component":"ScreenMesh","hasTagCharge":false,"hasTagBattery":false},"runId":"debug1","hypothesisId":"H5"}
﻿{"id":"log_1777649359000","timestamp":1777649359000,"location":"PlayerCamera.cpp:143","message":"Tick hit detection - component under cursor","data":{"component":"ScreenMesh","hasTagCharge":false,"hasTagBattery":false},"runId":"debug1","hypothesisId":"H5"}
﻿{"id":"log_1777649359000","timestamp":1777649359000,"location":"PlayerCamera.cpp:143","message":"Tick hit detection - component under cursor","data":{"component":"ModelComponent_0","hasTagCharge":false,"hasTagBattery":false},"runId":"debug1","hypothesisId":"H5"}
﻿{"id":"log_1777649359000","timestamp":1777649359000,"location":"PlayerCamera.cpp:143","message":"Tick hit detection - component under cursor","data":{"component":"ModelComponent_0","hasTagCharge":false,"hasTagBattery":false},"runId":"debug1","hypothesisId":"H5"}
﻿{"id":"log_1777649359000","timestamp":1777649359000,"location":"PlayerCamera.cpp:143","message":"Tick hit detection - component under cursor","data":{"component":"ModelComponent_0","hasTagCharge":false,"hasTagBattery":false},"runId":"debug1","hypothesisId":"H5"}
﻿{"id":"log_1777649359000","timestamp":1777649359000,"location":"PlayerCamera.cpp:143","message":"Tick hit detection - component under cursor","data":{"component":"ModelComponent_0","hasTagCharge":false,"hasTagBattery":false},"runId":"debug1","hypothesisId":"H5"}
﻿{"id":"log_1777649359000","timestamp":1777649359000,"location":"PlayerCamera.cpp:143","message":"Tick hit detection - component under cursor","data":{"component":"ModelComponent_0","hasTagCharge":false,"hasTagBattery":false},"runId":"debug1","hypothesisId":"H5"}
﻿{"id":"log_1777649359000","timestamp":1777649359000,"location":"PlayerCamera.cpp:143","message":"Tick hit detection - component under cursor","data":{"component":"ModelComponent_0","hasTagCharge":false,"hasTagBattery":false},"runId":"debug1","hypothesisId":"H5"}
﻿{"id":"log_1777649359000","timestamp":1777649359000,"location":"PlayerCamera.cpp:143","message":"Tick hit detection - component under cursor","data":{"component":"ModelComponent_0","hasTagCharge":false,"hasTagBattery":false},"runId":"debug1","hypothesisId":"H5"}
﻿{"id":"log_1777649359000","timestamp":1777649359000,"location":"PlayerCamera.cpp:143","message":"Tick hit detection - component under cursor","data":{"component":"ModelComponent_0","hasTagCharge":false,"hasTagBattery":false},"runId":"debug1","hypothesisId":"H5"}
﻿{"id":"log_1777649359000","timestamp":1777649359000,"location":"PlayerCamera.cpp:143","message":"Tick hit detection - component under cursor","data":{"component":"ModelComponent_0","hasTagCharge":false,"hasTagBattery":false},"runId":"debug1","hypothesisId":"H5"}
﻿{"id":"log_1777649359000","timestamp":1777649359000,"location":"PlayerCamera.cpp:143","message":"Tick hit detection - component under cursor","data":{"component":"ModelComponent_0","hasTagCharge":false,"hasTagBattery":false},"runId":"debug1","hypothesisId":"H5"}
﻿{"id":"log_1777649359000","timestamp":1777649359000,"location":"PlayerCamera.cpp:143","message":"Tick hit detection - component under cursor","data":{"component":"ModelComponent_0","hasTagCharge":false,"hasTagBattery":false},"runId":"debug1","hypothesisId":"H5"}
﻿{"id":"log_1777649359000","timestamp":1777649359000,"location":"PlayerCamera.cpp:143","message":"Tick hit detection - component under cursor","data":{"component":"ModelComponent_0","hasTagCharge":false,"hasTagBattery":false},"runId":"debug1","hypothesisId":"H5"}
﻿{"id":"log_1777649359000","timestamp":1777649359000,"location":"PlayerCamera.cpp:143","message":"Tick hit detection - component under cursor","data":{"component":"ModelComponent_0","hasTagCharge":false,"hasTagBattery":false},"runId":"debug1","hypothesisId":"H5"}
﻿{"id":"log_1777649359000","timestamp":1777649359000,"location":"PlayerCamera.cpp:143","message":"Tick hit detection - component under cursor","data":{"component":"ModelComponent_0","hasTagCharge":false,"hasTagBattery":false},"runId":"debug1","hypothesisId":"H5"}
﻿{"id":"log_1777649359000","timestamp":1777649359000,"location":"PlayerCamera.cpp:143","message":"Tick hit detection - component under cursor","data":{"component":"ModelComponent_0","hasTagCharge":false,"hasTagBattery":false},"runId":"debug1","hypothesisId":"H5"}
﻿{"id":"log_1777649359000","timestamp":1777649359000,"location":"PlayerCamera.cpp:143","message":"Tick hit detection - component under cursor","data":{"component":"ModelComponent_0","hasTagCharge":false,"hasTagBattery":false},"runId":"debug1","hypothesisId":"H5"}
﻿{"id":"log_1777649359000","timestamp":1777649359000,"location":"PlayerCamera.cpp:143","message":"Tick hit detection - component under cursor","data":{"component":"ModelComponent_0","hasTagCharge":false,"hasTagBattery":false},"runId":"debug1","hypothesisId":"H5"}
﻿{"id":"log_1777649359000","timestamp":1777649359000,"location":"PlayerCamera.cpp:143","message":"Tick hit detection - component under cursor","data":{"component":"ModelComponent_0","hasTagCharge":false,"hasTagBattery":false},"runId":"debug1","hypothesisId":"H5"}
﻿{"id":"log_1777649359000","timestamp":1777649359000,"location":"PlayerCamera.cpp:143","message":"Tick hit detection - component under cursor","data":{"component":"ModelComponent_0","hasTagCharge":false,"hasTagBattery":false},"runId":"debug1","hypothesisId":"H5"}
﻿{"id":"log_1777649359000","timestamp":1777649359000,"location":"PlayerCamera.cpp:143","message":"Tick hit detection - component under cursor","data":{"component":"ModelComponent_0","hasTagCharge":false,"hasTagBattery":false},"runId":"debug1","hypothesisId":"H5"}
﻿{"id":"log_1777649359000","timestamp":1777649359000,"location":"PlayerCamera.cpp:143","message":"Tick hit detection - component under cursor","data":{"component":"ModelComponent_0","hasTagCharge":false,"hasTagBattery":false},"runId":"debug1","hypothesisId":"H5"}
﻿{"id":"log_1777649359000","timestamp":1777649359000,"location":"PlayerCamera.cpp:143","message":"Tick hit detection - component under cursor","data":{"component":"ModelComponent_0","hasTagCharge":false,"hasTagBattery":false},"runId":"debug1","hypothesisId":"H5"}
﻿{"id":"log_1777649359000","timestamp":1777649359000,"location":"PlayerCamera.cpp:143","message":"Tick hit detection - component under cursor","data":{"component":"ModelComponent_0","hasTagCharge":false,"hasTagBattery":false},"runId":"debug1","hypothesisId":"H5"}
﻿{"id":"log_1777649359000","timestamp":1777649359000,"location":"PlayerCamera.cpp:143","message":"Tick hit detection - component under cursor","data":{"component":"ModelComponent_0","hasTagCharge":false,"hasTagBattery":false},"runId":"debug1","hypothesisId":"H5"}
﻿{"id":"log_1777649359000","timestamp":1777649359000,"location":"PlayerCamera.cpp:143","message":"Tick hit detection - component under cursor","data":{"component":"ModelComponent_0","hasTagCharge":false,"hasTagBattery":false},"runId":"debug1","hypothesisId":"H5"}
﻿{"id":"log_1777649359000","timestamp":1777649359000,"location":"PlayerCamera.cpp:143","message":"Tick hit detection - component under cursor","data":{"component":"ModelComponent_0","hasTagCharge":false,"hasTagBattery":false},"runId":"debug1","hypothesisId":"H5"}
﻿{"id":"log_1777649359000","timestamp":1777649359000,"location":"PlayerCamera.cpp:143","message":"Tick hit detection - component under cursor","data":{"component":"ModelComponent_0","hasTagCharge":false,"hasTagBattery":false},"runId":"debug1","hypothesisId":"H5"}
﻿{"id":"log_1777649359000","timestamp":1777649359000,"location":"PlayerCamera.cpp:143","message":"Tick hit detection - component under cursor","data":{"component":"ModelComponent_0","hasTagCharge":false,"hasTagBattery":false},"runId":"debug1","hypothesisId":"H5"}
﻿{"id":"log_1777649359000","timestamp":1777649359000,"location":"PlayerCamera.cpp:143","message":"Tick hit detection - component under cursor","data":{"component":"ModelComponent_0","hasTagCharge":false,"hasTagBattery":false},"runId":"debug1","hypothesisId":"H5"}
﻿{"id":"log_1777649359000","timestamp":1777649359000,"location":"PlayerCamera.cpp:143","message":"Tick hit detection - component under cursor","data":{"component":"ModelComponent_0","hasTagCharge":false,"hasTagBattery":false},"runId":"debug1","hypothesisId":"H5"}
﻿{"id":"log_1777649359000","timestamp":1777649359000,"location":"PlayerCamera.cpp:143","message":"Tick hit detection - component under cursor","data":{"component":"ModelComponent_0","hasTagCharge":false,"hasTagBattery":false},"runId":"debug1","hypothesisId":"H5"}
﻿{"id":"log_1777649359000","timestamp":1777649359000,"location":"PlayerCamera.cpp:143","message":"Tick hit detection - component under cursor","data":{"component":"ModelComponent_0","hasTagCharge":false,"hasTagBattery":false},"runId":"debug1","hypothesisId":"H5"}
﻿{"id":"log_1777649359000","timestamp":1777649359000,"location":"PlayerCamera.cpp:143","message":"Tick hit detection - component under cursor","data":{"component":"ModelComponent_0","hasTagCharge":false,"hasTagBattery":false},"runId":"debug1","hypothesisId":"H5"}
﻿{"id":"log_1777649359000","timestamp":1777649359000,"location":"PlayerCamera.cpp:143","message":"Tick hit detection - component under cursor","data":{"component":"ModelComponent_0","hasTagCharge":false,"hasTagBattery":false},"runId":"debug1","hypothesisId":"H5"}
﻿{"id":"log_1777649359000","timestamp":1777649359000,"location":"PlayerCamera.cpp:143","message":"Tick hit detection - component under cursor","data":{"component":"ModelComponent_0","hasTagCharge":false,"hasTagBattery":false},"runId":"debug1","hypothesisId":"H5"}
﻿{"id":"log_1777649359000","timestamp":1777649359000,"location":"PlayerCamera.cpp:143","message":"Tick hit detection - component under cursor","data":{"component":"ModelComponent_0","hasTagCharge":false,"hasTagBattery":false},"runId":"debug1","hypothesisId":"H5"}
﻿{"id":"log_1777649359000","timestamp":1777649359000,"location":"PlayerCamera.cpp:143","message":"Tick hit detection - component under cursor","data":{"component":"ModelComponent_0","hasTagCharge":false,"hasTagBattery":false},"runId":"debug1","hypothesisId":"H5"}
﻿{"id":"log_1777649359000","timestamp":1777649359000,"location":"PlayerCamera.cpp:143","message":"Tick hit detection - component under cursor","data":{"component":"ModelComponent_0","hasTagCharge":false,"hasTagBattery":false},"runId":"debug1","hypothesisId":"H5"}
﻿{"id":"log_1777649359000","timestamp":1777649359000,"location":"PlayerCamera.cpp:143","message":"Tick hit detection - component under cursor","data":{"component":"ModelComponent_0","hasTagCharge":false,"hasTagBattery":false},"runId":"debug1","hypothesisId":"H5"}
﻿{"id":"log_1777649359000","timestamp":1777649359000,"location":"PlayerCamera.cpp:143","message":"Tick hit detection - component under cursor","data":{"component":"ModelComponent_0","hasTagCharge":false,"hasTagBattery":false},"runId":"debug1","hypothesisId":"H5"}
﻿{"id":"log_1777649359000","timestamp":1777649359000,"location":"PlayerCamera.cpp:143","message":"Tick hit detection - component under cursor","data":{"component":"ModelComponent_0","hasTagCharge":false,"hasTagBattery":false},"runId":"debug1","hypothesisId":"H5"}
﻿{"id":"log_1777649359000","timestamp":1777649359000,"location":"PlayerCamera.cpp:143","message":"Tick hit detection - component under cursor","data":{"component":"ModelComponent_0","hasTagCharge":false,"hasTagBattery":false},"runId":"debug1","hypothesisId":"H5"}
﻿{"id":"log_1777649359000","timestamp":1777649359000,"location":"PlayerCamera.cpp:143","message":"Tick hit detection - component under cursor","data":{"component":"ModelComponent_0","hasTagCharge":false,"hasTagBattery":false},"runId":"debug1","hypothesisId":"H5"}
﻿{"id":"log_1777649359000","timestamp":1777649359000,"location":"PlayerCamera.cpp:143","message":"Tick hit detection - component under cursor","data":{"component":"ModelComponent_0","hasTagCharge":false,"hasTagBattery":false},"runId":"debug1","hypothesisId":"H5"}
﻿{"id":"log_1777649359000","timestamp":1777649359000,"location":"PlayerCamera.cpp:143","message":"Tick hit detection - component under cursor","data":{"component":"ModelComponent_0","hasTagCharge":false,"hasTagBattery":false},"runId":"debug1","hypothesisId":"H5"}
﻿{"id":"log_1777649359000","timestamp":1777649359000,"location":"PlayerCamera.cpp:143","message":"Tick hit detection - component under cursor","data":{"component":"ModelComponent_0","hasTagCharge":false,"hasTagBattery":false},"runId":"debug1","hypothesisId":"H5"}
﻿{"id":"log_1777649360000","timestamp":1777649360000,"location":"PlayerCamera.cpp:143","message":"Tick hit detection - component under cursor","data":{"component":"ModelComponent_0","hasTagCharge":false,"hasTagBattery":false},"runId":"debug1","hypothesisId":"H5"}
﻿{"id":"log_1777649360000","timestamp":1777649360000,"location":"PlayerCamera.cpp:143","message":"Tick hit detection - component under cursor","data":{"component":"ModelComponent_0","hasTagCharge":false,"hasTagBattery":false},"runId":"debug1","hypothesisId":"H5"}
﻿{"id":"log_1777649360000","timestamp":1777649360000,"location":"PlayerCamera.cpp:143","message":"Tick hit detection - component under cursor","data":{"component":"ModelComponent_0","hasTagCharge":false,"hasTagBattery":false},"runId":"debug1","hypothesisId":"H5"}
﻿{"id":"log_1777649360000","timestamp":1777649360000,"location":"PlayerCamera.cpp:143","message":"Tick hit detection - component under cursor","data":{"component":"ModelComponent_0","hasTagCharge":false,"hasTagBattery":false},"runId":"debug1","hypothesisId":"H5"}
﻿{"id":"log_1777649360000","timestamp":1777649360000,"location":"PlayerCamera.cpp:143","message":"Tick hit detection - component under cursor","data":{"component":"ModelComponent_0","hasTagCharge":false,"hasTagBattery":false},"runId":"debug1","hypothesisId":"H5"}
﻿{"id":"log_1777649360000","timestamp":1777649360000,"location":"PlayerCamera.cpp:143","message":"Tick hit detection - component under cursor","data":{"component":"ModelComponent_0","hasTagCharge":false,"hasTagBattery":false},"runId":"debug1","hypothesisId":"H5"}
﻿{"id":"log_1777649360000","timestamp":1777649360000,"location":"PlayerCamera.cpp:143","message":"Tick hit detection - component under cursor","data":{"component":"ModelComponent_0","hasTagCharge":false,"hasTagBattery":false},"runId":"debug1","hypothesisId":"H5"}
﻿{"id":"log_1777649360000","timestamp":1777649360000,"location":"PlayerCamera.cpp:143","message":"Tick hit detection - component under cursor","data":{"component":"ModelComponent_0","hasTagCharge":false,"hasTagBattery":false},"runId":"debug1","hypothesisId":"H5"}
﻿{"id":"log_1777649360000","timestamp":1777649360000,"location":"PlayerCamera.cpp:143","message":"Tick hit detection - component under cursor","data":{"component":"ModelComponent_0","hasTagCharge":false,"hasTagBattery":false},"runId":"debug1","hypothesisId":"H5"}
﻿{"id":"log_1777649360000","timestamp":1777649360000,"location":"PlayerCamera.cpp:143","message":"Tick hit detection - component under cursor","data":{"component":"ModelComponent_0","hasTagCharge":false,"hasTagBattery":false},"runId":"debug1","hypothesisId":"H5"}
﻿{"id":"log_1777649360000","timestamp":1777649360000,"location":"PlayerCamera.cpp:143","message":"Tick hit detection - component under cursor","data":{"component":"ModelComponent_0","hasTagCharge":false,"hasTagBattery":false},"runId":"debug1","hypothesisId":"H5"}
﻿{"id":"log_1777649360000","timestamp":1777649360000,"location":"PlayerCamera.cpp:143","message":"Tick hit detection - component under cursor","data":{"component":"ModelComponent_0","hasTagCharge":false,"hasTagBattery":false},"runId":"debug1","hypothesisId":"H5"}
﻿{"id":"log_1777649360000","timestamp":1777649360000,"location":"PlayerCamera.cpp:143","message":"Tick hit detection - component under cursor","data":{"component":"ModelComponent_0","hasTagCharge":false,"hasTagBattery":false},"runId":"debug1","hypothesisId":"H5"}
﻿{"id":"log_1777649360000","timestamp":1777649360000,"location":"PlayerCamera.cpp:143","message":"Tick hit detection - component under cursor","data":{"component":"ModelComponent_0","hasTagCharge":false,"hasTagBattery":false},"runId":"debug1","hypothesisId":"H5"}
﻿{"id":"log_1777649360000","timestamp":1777649360000,"location":"PlayerCamera.cpp:143","message":"Tick hit detection - component under cursor","data":{"component":"ModelComponent_0","hasTagCharge":false,"hasTagBattery":false},"runId":"debug1","hypothesisId":"H5"}
﻿{"id":"log_1777649360000","timestamp":1777649360000,"location":"PlayerCamera.cpp:143","message":"Tick hit detection - component under cursor","data":{"component":"ModelComponent_0","hasTagCharge":false,"hasTagBattery":false},"runId":"debug1","hypothesisId":"H5"}
﻿{"id":"log_1777649360000","timestamp":1777649360000,"location":"PlayerCamera.cpp:143","message":"Tick hit detection - component under cursor","data":{"component":"ModelComponent_0","hasTagCharge":false,"hasTagBattery":false},"runId":"debug1","hypothesisId":"H5"}
﻿{"id":"log_1777649360000","timestamp":1777649360000,"location":"PlayerCamera.cpp:143","message":"Tick hit detection - component under cursor","data":{"component":"ModelComponent_0","hasTagCharge":false,"hasTagBattery":false},"runId":"debug1","hypothesisId":"H5"}
﻿{"id":"log_1777649499000","timestamp":1777649499000,"location":"PlayerCamera.cpp:44","message":"InputMode setup completed (H1: input-mode-focus-consumption, H2: enhanced-input-conflict)","data":{"showCursor":true,"enableClickEvents":true,"mode":"GameOnly"},"runId":"debug1","hypothesisId":"H1"}
﻿{"id":"log_1777649499000","timestamp":1777649499000,"location":"PlayerCamera.cpp:143","message":"Tick hit detection - NO component under cursor (H5)","data":{"hitComp":null},"runId":"debug1","hypothesisId":"H5"}
﻿{"id":"log_1777649499000","timestamp":1777649499000,"location":"PlayerCamera.cpp:143","message":"Tick hit detection - component under cursor","data":{"component":"ModelComponent_0","hasTagCharge":false,"hasTagBattery":false},"runId":"debug1","hypothesisId":"H5"}
﻿{"id":"log_1777649499000","timestamp":1777649499000,"location":"PlayerCamera.cpp:143","message":"Tick hit detection - component under cursor","data":{"component":"ModelComponent_0","hasTagCharge":false,"hasTagBattery":false},"runId":"debug1","hypothesisId":"H5"}
﻿{"id":"log_1777649499000","timestamp":1777649499000,"location":"PlayerCamera.cpp:143","message":"Tick hit detection - component under cursor","data":{"component":"ModelComponent_0","hasTagCharge":false,"hasTagBattery":false},"runId":"debug1","hypothesisId":"H5"}
﻿{"id":"log_1777649499000","timestamp":1777649499000,"location":"PlayerCamera.cpp:143","message":"Tick hit detection - component under cursor","data":{"component":"ModelComponent_0","hasTagCharge":false,"hasTagBattery":false},"runId":"debug1","hypothesisId":"H5"}
﻿{"id":"log_1777649499000","timestamp":1777649499000,"location":"PlayerCamera.cpp:143","message":"Tick hit detection - component under cursor","data":{"component":"ModelComponent_0","hasTagCharge":false,"hasTagBattery":false},"runId":"debug1","hypothesisId":"H5"}
﻿{"id":"log_1777649499000","timestamp":1777649499000,"location":"PlayerCamera.cpp:143","message":"Tick hit detection - component under cursor","data":{"component":"ModelComponent_0","hasTagCharge":false,"hasTagBattery":false},"runId":"debug1","hypothesisId":"H5"}
﻿{"id":"log_1777649499000","timestamp":1777649499000,"location":"PlayerCamera.cpp:143","message":"Tick hit detection - component under cursor","data":{"component":"ModelComponent_0","hasTagCharge":false,"hasTagBattery":false},"runId":"debug1","hypothesisId":"H5"}
﻿{"id":"log_1777649499000","timestamp":1777649499000,"location":"PlayerCamera.cpp:143","message":"Tick hit detection - component under cursor","data":{"component":"ModelComponent_0","hasTagCharge":false,"hasTagBattery":false},"runId":"debug1","hypothesisId":"H5"}
﻿{"id":"log_1777649499000","timestamp":1777649499000,"location":"PlayerCamera.cpp:143","message":"Tick hit detection - component under cursor","data":{"component":"ModelComponent_0","hasTagCharge":false,"hasTagBattery":false},"runId":"debug1","hypothesisId":"H5"}
﻿{"id":"log_1777649499000","timestamp":1777649499000,"location":"PlayerCamera.cpp:143","message":"Tick hit detection - component under cursor","data":{"component":"ModelComponent_0","hasTagCharge":false,"hasTagBattery":false},"runId":"debug1","hypothesisId":"H5"}
﻿{"id":"log_1777649499000","timestamp":1777649499000,"location":"PlayerCamera.cpp:143","message":"Tick hit detection - component under cursor","data":{"component":"ModelComponent_0","hasTagCharge":false,"hasTagBattery":false},"runId":"debug1","hypothesisId":"H5"}
﻿{"id":"log_1777649499000","timestamp":1777649499000,"location":"PlayerCamera.cpp:143","message":"Tick hit detection - component under cursor","data":{"component":"ModelComponent_0","hasTagCharge":false,"hasTagBattery":false},"runId":"debug1","hypothesisId":"H5"}
﻿{"id":"log_1777649499000","timestamp":1777649499000,"location":"PlayerCamera.cpp:143","message":"Tick hit detection - component under cursor","data":{"component":"ModelComponent_0","hasTagCharge":false,"hasTagBattery":false},"runId":"debug1","hypothesisId":"H5"}
﻿{"id":"log_1777649499000","timestamp":1777649499000,"location":"PlayerCamera.cpp:143","message":"Tick hit detection - component under cursor","data":{"component":"ModelComponent_0","hasTagCharge":false,"hasTagBattery":false},"runId":"debug1","hypothesisId":"H5"}
﻿{"id":"log_1777649499000","timestamp":1777649499000,"location":"PlayerCamera.cpp:143","message":"Tick hit detection - component under cursor","data":{"component":"ModelComponent_0","hasTagCharge":false,"hasTagBattery":false},"runId":"debug1","hypothesisId":"H5"}
﻿{"id":"log_1777649499000","timestamp":1777649499000,"location":"PlayerCamera.cpp:143","message":"Tick hit detection - component under cursor","data":{"component":"ModelComponent_0","hasTagCharge":false,"hasTagBattery":false},"runId":"debug1","hypothesisId":"H5"}
﻿{"id":"log_1777649499000","timestamp":1777649499000,"location":"PlayerCamera.cpp:143","message":"Tick hit detection - component under cursor","data":{"component":"ModelComponent_0","hasTagCharge":false,"hasTagBattery":false},"runId":"debug1","hypothesisId":"H5"}
﻿{"id":"log_1777649499000","timestamp":1777649499000,"location":"PlayerCamera.cpp:143","message":"Tick hit detection - component under cursor","data":{"component":"ModelComponent_0","hasTagCharge":false,"hasTagBattery":false},"runId":"debug1","hypothesisId":"H5"}
﻿{"id":"log_1777649499000","timestamp":1777649499000,"location":"PlayerCamera.cpp:143","message":"Tick hit detection - component under cursor","data":{"component":"ModelComponent_0","hasTagCharge":false,"hasTagBattery":false},"runId":"debug1","hypothesisId":"H5"}
﻿{"id":"log_1777649499000","timestamp":1777649499000,"location":"PlayerCamera.cpp:143","message":"Tick hit detection - component under cursor","data":{"component":"ModelComponent_0","hasTagCharge":false,"hasTagBattery":false},"runId":"debug1","hypothesisId":"H5"}
﻿{"id":"log_1777649499000","timestamp":1777649499000,"location":"PlayerCamera.cpp:143","message":"Tick hit detection - component under cursor","data":{"component":"ModelComponent_0","hasTagCharge":false,"hasTagBattery":false},"runId":"debug1","hypothesisId":"H5"}
﻿{"id":"log_1777649499000","timestamp":1777649499000,"location":"PlayerCamera.cpp:143","message":"Tick hit detection - component under cursor","data":{"component":"ModelComponent_0","hasTagCharge":false,"hasTagBattery":false},"runId":"debug1","hypothesisId":"H5"}
﻿{"id":"log_1777649499000","timestamp":1777649499000,"location":"PlayerCamera.cpp:143","message":"Tick hit detection - component under cursor","data":{"component":"ModelComponent_0","hasTagCharge":false,"hasTagBattery":false},"runId":"debug1","hypothesisId":"H5"}
﻿{"id":"log_1777649499000","timestamp":1777649499000,"location":"PlayerCamera.cpp:143","message":"Tick hit detection - component under cursor","data":{"component":"ModelComponent_0","hasTagCharge":false,"hasTagBattery":false},"runId":"debug1","hypothesisId":"H5"}
﻿{"id":"log_1777649499000","timestamp":1777649499000,"location":"PlayerCamera.cpp:143","message":"Tick hit detection - component under cursor","data":{"component":"ModelComponent_0","hasTagCharge":false,"hasTagBattery":false},"runId":"debug1","hypothesisId":"H5"}
﻿{"id":"log_1777649499000","timestamp":1777649499000,"location":"PlayerCamera.cpp:143","message":"Tick hit detection - component under cursor","data":{"component":"ModelComponent_0","hasTagCharge":false,"hasTagBattery":false},"runId":"debug1","hypothesisId":"H5"}
﻿{"id":"log_1777649499000","timestamp":1777649499000,"location":"PlayerCamera.cpp:143","message":"Tick hit detection - component under cursor","data":{"component":"ModelComponent_0","hasTagCharge":false,"hasTagBattery":false},"runId":"debug1","hypothesisId":"H5"}
﻿{"id":"log_1777649499000","timestamp":1777649499000,"location":"PlayerCamera.cpp:143","message":"Tick hit detection - component under cursor","data":{"component":"ModelComponent_0","hasTagCharge":false,"hasTagBattery":false},"runId":"debug1","hypothesisId":"H5"}
﻿{"id":"log_1777649499000","timestamp":1777649499000,"location":"PlayerCamera.cpp:143","message":"Tick hit detection - component under cursor","data":{"component":"ModelComponent_0","hasTagCharge":false,"hasTagBattery":false},"runId":"debug1","hypothesisId":"H5"}
﻿{"id":"log_1777649499000","timestamp":1777649499000,"location":"PlayerCamera.cpp:143","message":"Tick hit detection - component under cursor","data":{"component":"ModelComponent_0","hasTagCharge":false,"hasTagBattery":false},"runId":"debug1","hypothesisId":"H5"}
﻿{"id":"log_1777649499000","timestamp":1777649499000,"location":"PlayerCamera.cpp:143","message":"Tick hit detection - component under cursor","data":{"component":"ModelComponent_0","hasTagCharge":false,"hasTagBattery":false},"runId":"debug1","hypothesisId":"H5"}
﻿{"id":"log_1777649499000","timestamp":1777649499000,"location":"PlayerCamera.cpp:143","message":"Tick hit detection - component under cursor","data":{"component":"ModelComponent_0","hasTagCharge":false,"hasTagBattery":false},"runId":"debug1","hypothesisId":"H5"}
﻿{"id":"log_1777649499000","timestamp":1777649499000,"location":"PlayerCamera.cpp:143","message":"Tick hit detection - component under cursor","data":{"component":"ModelComponent_0","hasTagCharge":false,"hasTagBattery":false},"runId":"debug1","hypothesisId":"H5"}
﻿{"id":"log_1777649499000","timestamp":1777649499000,"location":"PlayerCamera.cpp:143","message":"Tick hit detection - component under cursor","data":{"component":"ModelComponent_0","hasTagCharge":false,"hasTagBattery":false},"runId":"debug1","hypothesisId":"H5"}
﻿{"id":"log_1777649499000","timestamp":1777649499000,"location":"PlayerCamera.cpp:143","message":"Tick hit detection - component under cursor","data":{"component":"ModelComponent_0","hasTagCharge":false,"hasTagBattery":false},"runId":"debug1","hypothesisId":"H5"}
﻿{"id":"log_1777649499000","timestamp":1777649499000,"location":"PlayerCamera.cpp:143","message":"Tick hit detection - component under cursor","data":{"component":"ModelComponent_0","hasTagCharge":false,"hasTagBattery":false},"runId":"debug1","hypothesisId":"H5"}
﻿{"id":"log_1777649499000","timestamp":1777649499000,"location":"PlayerCamera.cpp:143","message":"Tick hit detection - component under cursor","data":{"component":"ModelComponent_0","hasTagCharge":false,"hasTagBattery":false},"runId":"debug1","hypothesisId":"H5"}
﻿{"id":"log_1777649499000","timestamp":1777649499000,"location":"PlayerCamera.cpp:143","message":"Tick hit detection - component under cursor","data":{"component":"ModelComponent_0","hasTagCharge":false,"hasTagBattery":false},"runId":"debug1","hypothesisId":"H5"}
﻿{"id":"log_1777649499000","timestamp":1777649499000,"location":"PlayerCamera.cpp:143","message":"Tick hit detection - component under cursor","data":{"component":"ModelComponent_0","hasTagCharge":false,"hasTagBattery":false},"runId":"debug1","hypothesisId":"H5"}
﻿{"id":"log_1777649499000","timestamp":1777649499000,"location":"PlayerCamera.cpp:143","message":"Tick hit detection - component under cursor","data":{"component":"ModelComponent_0","hasTagCharge":false,"hasTagBattery":false},"runId":"debug1","hypothesisId":"H5"}
﻿{"id":"log_1777649499000","timestamp":1777649499000,"location":"PlayerCamera.cpp:143","message":"Tick hit detection - component under cursor","data":{"component":"ModelComponent_0","hasTagCharge":false,"hasTagBattery":false},"runId":"debug1","hypothesisId":"H5"}
﻿{"id":"log_1777649499000","timestamp":1777649499000,"location":"PlayerCamera.cpp:143","message":"Tick hit detection - component under cursor","data":{"component":"LightTrigger","hasTagCharge":false,"hasTagBattery":false},"runId":"debug1","hypothesisId":"H5"}
﻿{"id":"log_1777649499000","timestamp":1777649499000,"location":"PlayerCamera.cpp:143","message":"Tick hit detection - component under cursor","data":{"component":"LightTrigger","hasTagCharge":false,"hasTagBattery":false},"runId":"debug1","hypothesisId":"H5"}
﻿{"id":"log_1777649499000","timestamp":1777649499000,"location":"PlayerCamera.cpp:143","message":"Tick hit detection - component under cursor","data":{"component":"LightTrigger","hasTagCharge":false,"hasTagBattery":false},"runId":"debug1","hypothesisId":"H5"}
﻿{"id":"log_1777649499000","timestamp":1777649499000,"location":"PlayerCamera.cpp:143","message":"Tick hit detection - component under cursor","data":{"component":"LightTrigger","hasTagCharge":false,"hasTagBattery":false},"runId":"debug1","hypothesisId":"H5"}
﻿{"id":"log_1777649499000","timestamp":1777649499000,"location":"PlayerCamera.cpp:143","message":"Tick hit detection - component under cursor","data":{"component":"LightTrigger","hasTagCharge":false,"hasTagBattery":false},"runId":"debug1","hypothesisId":"H5"}
﻿{"id":"log_1777649499000","timestamp":1777649499000,"location":"PlayerCamera.cpp:143","message":"Tick hit detection - component under cursor","data":{"component":"LightTrigger","hasTagCharge":false,"hasTagBattery":false},"runId":"debug1","hypothesisId":"H5"}
﻿{"id":"log_1777649499000","timestamp":1777649499000,"location":"PlayerCamera.cpp:143","message":"Tick hit detection - component under cursor","data":{"component":"LightTrigger","hasTagCharge":false,"hasTagBattery":false},"runId":"debug1","hypothesisId":"H5"}
﻿{"id":"log_1777649499000","timestamp":1777649499000,"location":"PlayerCamera.cpp:143","message":"Tick hit detection - component under cursor","data":{"component":"LightTrigger","hasTagCharge":false,"hasTagBattery":false},"runId":"debug1","hypothesisId":"H5"}
﻿{"id":"log_1777649499000","timestamp":1777649499000,"location":"PlayerCamera.cpp:143","message":"Tick hit detection - component under cursor","data":{"component":"LightTrigger","hasTagCharge":false,"hasTagBattery":false},"runId":"debug1","hypothesisId":"H5"}
﻿{"id":"log_1777649500000","timestamp":1777649500000,"location":"PlayerCamera.cpp:143","message":"Tick hit detection - component under cursor","data":{"component":"LightTrigger","hasTagCharge":false,"hasTagBattery":false},"runId":"debug1","hypothesisId":"H5"}
﻿{"id":"log_1777649500000","timestamp":1777649500000,"location":"PlayerCamera.cpp:143","message":"Tick hit detection - component under cursor","data":{"component":"LightTrigger","hasTagCharge":false,"hasTagBattery":false},"runId":"debug1","hypothesisId":"H5"}
﻿{"id":"log_1777649500000","timestamp":1777649500000,"location":"PlayerCamera.cpp:143","message":"Tick hit detection - component under cursor","data":{"component":"LightTrigger","hasTagCharge":false,"hasTagBattery":false},"runId":"debug1","hypothesisId":"H5"}
﻿{"id":"log_1777649500000","timestamp":1777649500000,"location":"PlayerCamera.cpp:143","message":"Tick hit detection - component under cursor","data":{"component":"LightTrigger","hasTagCharge":false,"hasTagBattery":false},"runId":"debug1","hypothesisId":"H5"}
﻿{"id":"log_1777649500000","timestamp":1777649500000,"location":"PlayerCamera.cpp:143","message":"Tick hit detection - component under cursor","data":{"component":"LightTrigger","hasTagCharge":false,"hasTagBattery":false},"runId":"debug1","hypothesisId":"H5"}
﻿{"id":"log_1777649500000","timestamp":1777649500000,"location":"PlayerCamera.cpp:143","message":"Tick hit detection - component under cursor","data":{"component":"LightTrigger","hasTagCharge":false,"hasTagBattery":false},"runId":"debug1","hypothesisId":"H5"}
﻿{"id":"log_1777649500000","timestamp":1777649500000,"location":"PlayerCamera.cpp:143","message":"Tick hit detection - component under cursor","data":{"component":"LightTrigger","hasTagCharge":false,"hasTagBattery":false},"runId":"debug1","hypothesisId":"H5"}
﻿{"id":"log_1777649500000","timestamp":1777649500000,"location":"LightTrigger.cpp:27","message":"OnButtonClicked triggered (hypothesis H4: widget-hit-test-leak)","data":{"touched":"true","key":"LeftMouseButton"},"runId":"debug1","hypothesisId":"H4"}
﻿{"id":"log_1777649500000","timestamp":1777649500000,"location":"PlayerCamera.cpp:190","message":"InteractInput triggered via EnhancedInput (hypothesis H2: enhanced-input-conflict)","data":{"action":"Started"},"runId":"debug1","hypothesisId":"H2"}
﻿{"id":"log_1777649500000","timestamp":1777649500000,"location":"PlayerCamera.cpp:143","message":"Tick hit detection - component under cursor","data":{"component":"LightTrigger","hasTagCharge":false,"hasTagBattery":false},"runId":"debug1","hypothesisId":"H5"}
﻿{"id":"log_1777649500000","timestamp":1777649500000,"location":"PlayerCamera.cpp:143","message":"Tick hit detection - component under cursor","data":{"component":"LightTrigger","hasTagCharge":false,"hasTagBattery":false},"runId":"debug1","hypothesisId":"H5"}
﻿{"id":"log_1777649500000","timestamp":1777649500000,"location":"PlayerCamera.cpp:143","message":"Tick hit detection - component under cursor","data":{"component":"LightTrigger","hasTagCharge":false,"hasTagBattery":false},"runId":"debug1","hypothesisId":"H5"}
﻿{"id":"log_1777649500000","timestamp":1777649500000,"location":"PlayerCamera.cpp:143","message":"Tick hit detection - component under cursor","data":{"component":"LightTrigger","hasTagCharge":false,"hasTagBattery":false},"runId":"debug1","hypothesisId":"H5"}
﻿{"id":"log_1777649500000","timestamp":1777649500000,"location":"PlayerCamera.cpp:143","message":"Tick hit detection - component under cursor","data":{"component":"LightTrigger","hasTagCharge":false,"hasTagBattery":false},"runId":"debug1","hypothesisId":"H5"}
﻿{"id":"log_1777649500000","timestamp":1777649500000,"location":"PlayerCamera.cpp:143","message":"Tick hit detection - component under cursor","data":{"component":"LightTrigger","hasTagCharge":false,"hasTagBattery":false},"runId":"debug1","hypothesisId":"H5"}
﻿{"id":"log_1777649500000","timestamp":1777649500000,"location":"PlayerCamera.cpp:143","message":"Tick hit detection - component under cursor","data":{"component":"LightTrigger","hasTagCharge":false,"hasTagBattery":false},"runId":"debug1","hypothesisId":"H5"}
﻿{"id":"log_1777649500000","timestamp":1777649500000,"location":"PlayerCamera.cpp:143","message":"Tick hit detection - component under cursor","data":{"component":"LightTrigger","hasTagCharge":false,"hasTagBattery":false},"runId":"debug1","hypothesisId":"H5"}
﻿{"id":"log_1777649500000","timestamp":1777649500000,"location":"PlayerCamera.cpp:143","message":"Tick hit detection - component under cursor","data":{"component":"LightTrigger","hasTagCharge":false,"hasTagBattery":false},"runId":"debug1","hypothesisId":"H5"}
﻿{"id":"log_1777649500000","timestamp":1777649500000,"location":"PlayerCamera.cpp:143","message":"Tick hit detection - component under cursor","data":{"component":"LightTrigger","hasTagCharge":false,"hasTagBattery":false},"runId":"debug1","hypothesisId":"H5"}
﻿{"id":"log_1777649500000","timestamp":1777649500000,"location":"LightTrigger.cpp:27","message":"OnButtonClicked triggered (hypothesis H4: widget-hit-test-leak)","data":{"touched":"true","key":"LeftMouseButton"},"runId":"debug1","hypothesisId":"H4"}
﻿{"id":"log_1777649500000","timestamp":1777649500000,"location":"PlayerCamera.cpp:190","message":"InteractInput triggered via EnhancedInput (hypothesis H2: enhanced-input-conflict)","data":{"action":"Started"},"runId":"debug1","hypothesisId":"H2"}
﻿{"id":"log_1777649500000","timestamp":1777649500000,"location":"PlayerCamera.cpp:143","message":"Tick hit detection - component under cursor","data":{"component":"LightTrigger","hasTagCharge":false,"hasTagBattery":false},"runId":"debug1","hypothesisId":"H5"}
﻿{"id":"log_1777649500000","timestamp":1777649500000,"location":"PlayerCamera.cpp:143","message":"Tick hit detection - component under cursor","data":{"component":"LightTrigger","hasTagCharge":false,"hasTagBattery":false},"runId":"debug1","hypothesisId":"H5"}
﻿{"id":"log_1777649500000","timestamp":1777649500000,"location":"PlayerCamera.cpp:143","message":"Tick hit detection - component under cursor","data":{"component":"LightTrigger","hasTagCharge":false,"hasTagBattery":false},"runId":"debug1","hypothesisId":"H5"}
﻿{"id":"log_1777649500000","timestamp":1777649500000,"location":"PlayerCamera.cpp:143","message":"Tick hit detection - component under cursor","data":{"component":"LightTrigger","hasTagCharge":false,"hasTagBattery":false},"runId":"debug1","hypothesisId":"H5"}
﻿{"id":"log_1777649500000","timestamp":1777649500000,"location":"PlayerCamera.cpp:143","message":"Tick hit detection - component under cursor","data":{"component":"LightTrigger","hasTagCharge":false,"hasTagBattery":false},"runId":"debug1","hypothesisId":"H5"}
﻿{"id":"log_1777649500000","timestamp":1777649500000,"location":"PlayerCamera.cpp:143","message":"Tick hit detection - component under cursor","data":{"component":"LightTrigger","hasTagCharge":false,"hasTagBattery":false},"runId":"debug1","hypothesisId":"H5"}
﻿{"id":"log_1777649500000","timestamp":1777649500000,"location":"PlayerCamera.cpp:143","message":"Tick hit detection - component under cursor","data":{"component":"LightTrigger","hasTagCharge":false,"hasTagBattery":false},"runId":"debug1","hypothesisId":"H5"}
﻿{"id":"log_1777649500000","timestamp":1777649500000,"location":"PlayerCamera.cpp:143","message":"Tick hit detection - component under cursor","data":{"component":"LightTrigger","hasTagCharge":false,"hasTagBattery":false},"runId":"debug1","hypothesisId":"H5"}
﻿{"id":"log_1777649500000","timestamp":1777649500000,"location":"PlayerCamera.cpp:143","message":"Tick hit detection - component under cursor","data":{"component":"LightTrigger","hasTagCharge":false,"hasTagBattery":false},"runId":"debug1","hypothesisId":"H5"}
﻿{"id":"log_1777649500000","timestamp":1777649500000,"location":"PlayerCamera.cpp:143","message":"Tick hit detection - component under cursor","data":{"component":"LightTrigger","hasTagCharge":false,"hasTagBattery":false},"runId":"debug1","hypothesisId":"H5"}
﻿{"id":"log_1777649500000","timestamp":1777649500000,"location":"PlayerCamera.cpp:143","message":"Tick hit detection - component under cursor","data":{"component":"LightTrigger","hasTagCharge":false,"hasTagBattery":false},"runId":"debug1","hypothesisId":"H5"}
﻿{"id":"log_1777649500000","timestamp":1777649500000,"location":"PlayerCamera.cpp:143","message":"Tick hit detection - component under cursor","data":{"component":"LightTrigger","hasTagCharge":false,"hasTagBattery":false},"runId":"debug1","hypothesisId":"H5"}
﻿{"id":"log_1777649500000","timestamp":1777649500000,"location":"PlayerCamera.cpp:143","message":"Tick hit detection - component under cursor","data":{"component":"LightTrigger","hasTagCharge":false,"hasTagBattery":false},"runId":"debug1","hypothesisId":"H5"}
﻿{"id":"log_1777649500000","timestamp":1777649500000,"location":"PlayerCamera.cpp:143","message":"Tick hit detection - component under cursor","data":{"component":"LightTrigger","hasTagCharge":false,"hasTagBattery":false},"runId":"debug1","hypothesisId":"H5"}
﻿{"id":"log_1777649500000","timestamp":1777649500000,"location":"PlayerCamera.cpp:143","message":"Tick hit detection - component under cursor","data":{"component":"LightTrigger","hasTagCharge":false,"hasTagBattery":false},"runId":"debug1","hypothesisId":"H5"}
﻿{"id":"log_1777649500000","timestamp":1777649500000,"location":"PlayerCamera.cpp:143","message":"Tick hit detection - component under cursor","data":{"component":"LightTrigger","hasTagCharge":false,"hasTagBattery":false},"runId":"debug1","hypothesisId":"H5"}
﻿{"id":"log_1777649500000","timestamp":1777649500000,"location":"PlayerCamera.cpp:143","message":"Tick hit detection - component under cursor","data":{"component":"LightTrigger","hasTagCharge":false,"hasTagBattery":false},"runId":"debug1","hypothesisId":"H5"}
﻿{"id":"log_1777649500000","timestamp":1777649500000,"location":"PlayerCamera.cpp:143","message":"Tick hit detection - component under cursor","data":{"component":"LightTrigger","hasTagCharge":false,"hasTagBattery":false},"runId":"debug1","hypothesisId":"H5"}
﻿{"id":"log_1777649500000","timestamp":1777649500000,"location":"PlayerCamera.cpp:143","message":"Tick hit detection - component under cursor","data":{"component":"LightTrigger","hasTagCharge":false,"hasTagBattery":false},"runId":"debug1","hypothesisId":"H5"}
﻿{"id":"log_1777649500000","timestamp":1777649500000,"location":"PlayerCamera.cpp:143","message":"Tick hit detection - component under cursor","data":{"component":"LightTrigger","hasTagCharge":false,"hasTagBattery":false},"runId":"debug1","hypothesisId":"H5"}
﻿{"id":"log_1777649500000","timestamp":1777649500000,"location":"PlayerCamera.cpp:143","message":"Tick hit detection - component under cursor","data":{"component":"LightTrigger","hasTagCharge":false,"hasTagBattery":false},"runId":"debug1","hypothesisId":"H5"}
﻿{"id":"log_1777649500000","timestamp":1777649500000,"location":"PlayerCamera.cpp:143","message":"Tick hit detection - component under cursor","data":{"component":"LightTrigger","hasTagCharge":false,"hasTagBattery":false},"runId":"debug1","hypothesisId":"H5"}
﻿{"id":"log_1777649500000","timestamp":1777649500000,"location":"PlayerCamera.cpp:143","message":"Tick hit detection - component under cursor","data":{"component":"LightTrigger","hasTagCharge":false,"hasTagBattery":false},"runId":"debug1","hypothesisId":"H5"}
﻿{"id":"log_1777649500000","timestamp":1777649500000,"location":"PlayerCamera.cpp:143","message":"Tick hit detection - component under cursor","data":{"component":"LightTrigger","hasTagCharge":false,"hasTagBattery":false},"runId":"debug1","hypothesisId":"H5"}
﻿{"id":"log_1777649500000","timestamp":1777649500000,"location":"PlayerCamera.cpp:143","message":"Tick hit detection - component under cursor","data":{"component":"LightTrigger","hasTagCharge":false,"hasTagBattery":false},"runId":"debug1","hypothesisId":"H5"}
﻿{"id":"log_1777649500000","timestamp":1777649500000,"location":"PlayerCamera.cpp:143","message":"Tick hit detection - component under cursor","data":{"component":"LightTrigger","hasTagCharge":false,"hasTagBattery":false},"runId":"debug1","hypothesisId":"H5"}
﻿{"id":"log_1777649500000","timestamp":1777649500000,"location":"PlayerCamera.cpp:143","message":"Tick hit detection - component under cursor","data":{"component":"LightTrigger","hasTagCharge":false,"hasTagBattery":false},"runId":"debug1","hypothesisId":"H5"}
﻿{"id":"log_1777649500000","timestamp":1777649500000,"location":"PlayerCamera.cpp:143","message":"Tick hit detection - component under cursor","data":{"component":"LightTrigger","hasTagCharge":false,"hasTagBattery":false},"runId":"debug1","hypothesisId":"H5"}
﻿{"id":"log_1777649500000","timestamp":1777649500000,"location":"PlayerCamera.cpp:143","message":"Tick hit detection - component under cursor","data":{"component":"LightTrigger","hasTagCharge":false,"hasTagBattery":false},"runId":"debug1","hypothesisId":"H5"}
﻿{"id":"log_1777649500000","timestamp":1777649500000,"location":"PlayerCamera.cpp:143","message":"Tick hit detection - component under cursor","data":{"component":"LightTrigger","hasTagCharge":false,"hasTagBattery":false},"runId":"debug1","hypothesisId":"H5"}
﻿{"id":"log_1777649500000","timestamp":1777649500000,"location":"PlayerCamera.cpp:143","message":"Tick hit detection - component under cursor","data":{"component":"LightTrigger","hasTagCharge":false,"hasTagBattery":false},"runId":"debug1","hypothesisId":"H5"}
﻿{"id":"log_1777649500000","timestamp":1777649500000,"location":"PlayerCamera.cpp:143","message":"Tick hit detection - component under cursor","data":{"component":"LightTrigger","hasTagCharge":false,"hasTagBattery":false},"runId":"debug1","hypothesisId":"H5"}
﻿{"id":"log_1777649500000","timestamp":1777649500000,"location":"PlayerCamera.cpp:143","message":"Tick hit detection - component under cursor","data":{"component":"LightTrigger","hasTagCharge":false,"hasTagBattery":false},"runId":"debug1","hypothesisId":"H5"}
﻿{"id":"log_1777649500000","timestamp":1777649500000,"location":"PlayerCamera.cpp:143","message":"Tick hit detection - component under cursor","data":{"component":"LightTrigger","hasTagCharge":false,"hasTagBattery":false},"runId":"debug1","hypothesisId":"H5"}
﻿{"id":"log_1777649500000","timestamp":1777649500000,"location":"PlayerCamera.cpp:143","message":"Tick hit detection - component under cursor","data":{"component":"LightTrigger","hasTagCharge":false,"hasTagBattery":false},"runId":"debug1","hypothesisId":"H5"}
﻿{"id":"log_1777649500000","timestamp":1777649500000,"location":"PlayerCamera.cpp:143","message":"Tick hit detection - component under cursor","data":{"component":"LightTrigger","hasTagCharge":false,"hasTagBattery":false},"runId":"debug1","hypothesisId":"H5"}
﻿{"id":"log_1777649500000","timestamp":1777649500000,"location":"PlayerCamera.cpp:143","message":"Tick hit detection - component under cursor","data":{"component":"LightTrigger","hasTagCharge":false,"hasTagBattery":false},"runId":"debug1","hypothesisId":"H5"}
﻿{"id":"log_1777649500000","timestamp":1777649500000,"location":"PlayerCamera.cpp:143","message":"Tick hit detection - component under cursor","data":{"component":"LightTrigger","hasTagCharge":false,"hasTagBattery":false},"runId":"debug1","hypothesisId":"H5"}
﻿{"id":"log_1777649500000","timestamp":1777649500000,"location":"PlayerCamera.cpp:143","message":"Tick hit detection - component under cursor","data":{"component":"LightTrigger","hasTagCharge":false,"hasTagBattery":false},"runId":"debug1","hypothesisId":"H5"}
﻿{"id":"log_1777649500000","timestamp":1777649500000,"location":"PlayerCamera.cpp:143","message":"Tick hit detection - component under cursor","data":{"component":"LightTrigger","hasTagCharge":false,"hasTagBattery":false},"runId":"debug1","hypothesisId":"H5"}
﻿{"id":"log_1777649500000","timestamp":1777649500000,"location":"PlayerCamera.cpp:143","message":"Tick hit detection - component under cursor","data":{"component":"LightTrigger","hasTagCharge":false,"hasTagBattery":false},"runId":"debug1","hypothesisId":"H5"}
﻿{"id":"log_1777649500000","timestamp":1777649500000,"location":"PlayerCamera.cpp:143","message":"Tick hit detection - component under cursor","data":{"component":"LightTrigger","hasTagCharge":false,"hasTagBattery":false},"runId":"debug1","hypothesisId":"H5"}
﻿{"id":"log_1777649500000","timestamp":1777649500000,"location":"PlayerCamera.cpp:143","message":"Tick hit detection - component under cursor","data":{"component":"LightTrigger","hasTagCharge":false,"hasTagBattery":false},"runId":"debug1","hypothesisId":"H5"}
﻿{"id":"log_1777649501000","timestamp":1777649501000,"location":"PlayerCamera.cpp:143","message":"Tick hit detection - component under cursor","data":{"component":"LightTrigger","hasTagCharge":false,"hasTagBattery":false},"runId":"debug1","hypothesisId":"H5"}
﻿{"id":"log_1777649501000","timestamp":1777649501000,"location":"PlayerCamera.cpp:143","message":"Tick hit detection - component under cursor","data":{"component":"LightTrigger","hasTagCharge":false,"hasTagBattery":false},"runId":"debug1","hypothesisId":"H5"}
﻿{"id":"log_1777649501000","timestamp":1777649501000,"location":"PlayerCamera.cpp:143","message":"Tick hit detection - component under cursor","data":{"component":"LightTrigger","hasTagCharge":false,"hasTagBattery":false},"runId":"debug1","hypothesisId":"H5"}
﻿{"id":"log_1777649501000","timestamp":1777649501000,"location":"PlayerCamera.cpp:143","message":"Tick hit detection - component under cursor","data":{"component":"LightTrigger","hasTagCharge":false,"hasTagBattery":false},"runId":"debug1","hypothesisId":"H5"}
﻿{"id":"log_1777649501000","timestamp":1777649501000,"location":"PlayerCamera.cpp:143","message":"Tick hit detection - component under cursor","data":{"component":"LightTrigger","hasTagCharge":false,"hasTagBattery":false},"runId":"debug1","hypothesisId":"H5"}
﻿{"id":"log_1777649501000","timestamp":1777649501000,"location":"PlayerCamera.cpp:143","message":"Tick hit detection - component under cursor","data":{"component":"LightTrigger","hasTagCharge":false,"hasTagBattery":false},"runId":"debug1","hypothesisId":"H5"}
﻿{"id":"log_1777649501000","timestamp":1777649501000,"location":"PlayerCamera.cpp:143","message":"Tick hit detection - component under cursor","data":{"component":"LightTrigger","hasTagCharge":false,"hasTagBattery":false},"runId":"debug1","hypothesisId":"H5"}
﻿{"id":"log_1777649501000","timestamp":1777649501000,"location":"PlayerCamera.cpp:143","message":"Tick hit detection - component under cursor","data":{"component":"LightTrigger","hasTagCharge":false,"hasTagBattery":false},"runId":"debug1","hypothesisId":"H5"}
﻿{"id":"log_1777649501000","timestamp":1777649501000,"location":"PlayerCamera.cpp:143","message":"Tick hit detection - component under cursor","data":{"component":"LightTrigger","hasTagCharge":false,"hasTagBattery":false},"runId":"debug1","hypothesisId":"H5"}
﻿{"id":"log_1777649501000","timestamp":1777649501000,"location":"PlayerCamera.cpp:143","message":"Tick hit detection - component under cursor","data":{"component":"LightTrigger","hasTagCharge":false,"hasTagBattery":false},"runId":"debug1","hypothesisId":"H5"}
﻿{"id":"log_1777649501000","timestamp":1777649501000,"location":"PlayerCamera.cpp:143","message":"Tick hit detection - component under cursor","data":{"component":"LightTrigger","hasTagCharge":false,"hasTagBattery":false},"runId":"debug1","hypothesisId":"H5"}
﻿{"id":"log_1777649501000","timestamp":1777649501000,"location":"PlayerCamera.cpp:143","message":"Tick hit detection - component under cursor","data":{"component":"LightTrigger","hasTagCharge":false,"hasTagBattery":false},"runId":"debug1","hypothesisId":"H5"}
﻿{"id":"log_1777649501000","timestamp":1777649501000,"location":"PlayerCamera.cpp:143","message":"Tick hit detection - component under cursor","data":{"component":"LightTrigger","hasTagCharge":false,"hasTagBattery":false},"runId":"debug1","hypothesisId":"H5"}
﻿{"id":"log_1777649501000","timestamp":1777649501000,"location":"PlayerCamera.cpp:143","message":"Tick hit detection - component under cursor","data":{"component":"LightTrigger","hasTagCharge":false,"hasTagBattery":false},"runId":"debug1","hypothesisId":"H5"}
﻿{"id":"log_1777649501000","timestamp":1777649501000,"location":"PlayerCamera.cpp:143","message":"Tick hit detection - component under cursor","data":{"component":"LightTrigger","hasTagCharge":false,"hasTagBattery":false},"runId":"debug1","hypothesisId":"H5"}
﻿{"id":"log_1777649501000","timestamp":1777649501000,"location":"PlayerCamera.cpp:143","message":"Tick hit detection - component under cursor","data":{"component":"LightTrigger","hasTagCharge":false,"hasTagBattery":false},"runId":"debug1","hypothesisId":"H5"}
﻿{"id":"log_1777649501000","timestamp":1777649501000,"location":"PlayerCamera.cpp:143","message":"Tick hit detection - component under cursor","data":{"component":"ModelComponent_0","hasTagCharge":false,"hasTagBattery":false},"runId":"debug1","hypothesisId":"H5"}
﻿{"id":"log_1777649501000","timestamp":1777649501000,"location":"PlayerCamera.cpp:143","message":"Tick hit detection - component under cursor","data":{"component":"ModelComponent_0","hasTagCharge":false,"hasTagBattery":false},"runId":"debug1","hypothesisId":"H5"}
﻿{"id":"log_1777649501000","timestamp":1777649501000,"location":"PlayerCamera.cpp:143","message":"Tick hit detection - component under cursor","data":{"component":"ModelComponent_0","hasTagCharge":false,"hasTagBattery":false},"runId":"debug1","hypothesisId":"H5"}
﻿{"id":"log_1777649501000","timestamp":1777649501000,"location":"PlayerCamera.cpp:143","message":"Tick hit detection - component under cursor","data":{"component":"ModelComponent_0","hasTagCharge":false,"hasTagBattery":false},"runId":"debug1","hypothesisId":"H5"}
﻿{"id":"log_1777649501000","timestamp":1777649501000,"location":"PlayerCamera.cpp:143","message":"Tick hit detection - component under cursor","data":{"component":"MonsterBase","hasTagCharge":false,"hasTagBattery":false},"runId":"debug1","hypothesisId":"H5"}
﻿{"id":"log_1777649501000","timestamp":1777649501000,"location":"PlayerCamera.cpp:143","message":"Tick hit detection - component under cursor","data":{"component":"MonsterBase","hasTagCharge":false,"hasTagBattery":false},"runId":"debug1","hypothesisId":"H5"}
﻿{"id":"log_1777649501000","timestamp":1777649501000,"location":"PlayerCamera.cpp:143","message":"Tick hit detection - component under cursor","data":{"component":"ModelComponent_0","hasTagCharge":false,"hasTagBattery":false},"runId":"debug1","hypothesisId":"H5"}
﻿{"id":"log_1777649501000","timestamp":1777649501000,"location":"PlayerCamera.cpp:143","message":"Tick hit detection - component under cursor","data":{"component":"ModelComponent_0","hasTagCharge":false,"hasTagBattery":false},"runId":"debug1","hypothesisId":"H5"}
﻿{"id":"log_1777649501000","timestamp":1777649501000,"location":"PlayerCamera.cpp:143","message":"Tick hit detection - component under cursor","data":{"component":"ModelComponent_0","hasTagCharge":false,"hasTagBattery":false},"runId":"debug1","hypothesisId":"H5"}
﻿{"id":"log_1777649501000","timestamp":1777649501000,"location":"PlayerCamera.cpp:143","message":"Tick hit detection - component under cursor","data":{"component":"ModelComponent_0","hasTagCharge":false,"hasTagBattery":false},"runId":"debug1","hypothesisId":"H5"}
﻿{"id":"log_1777649501000","timestamp":1777649501000,"location":"PlayerCamera.cpp:143","message":"Tick hit detection - component under cursor","data":{"component":"ModelComponent_0","hasTagCharge":false,"hasTagBattery":false},"runId":"debug1","hypothesisId":"H5"}
﻿{"id":"log_1777649501000","timestamp":1777649501000,"location":"PlayerCamera.cpp:143","message":"Tick hit detection - component under cursor","data":{"component":"ModelComponent_0","hasTagCharge":false,"hasTagBattery":false},"runId":"debug1","hypothesisId":"H5"}
﻿{"id":"log_1777649501000","timestamp":1777649501000,"location":"PlayerCamera.cpp:143","message":"Tick hit detection - component under cursor","data":{"component":"ModelComponent_0","hasTagCharge":false,"hasTagBattery":false},"runId":"debug1","hypothesisId":"H5"}
﻿{"id":"log_1777649501000","timestamp":1777649501000,"location":"PlayerCamera.cpp:143","message":"Tick hit detection - component under cursor","data":{"component":"ModelComponent_0","hasTagCharge":false,"hasTagBattery":false},"runId":"debug1","hypothesisId":"H5"}
﻿{"id":"log_1777649501000","timestamp":1777649501000,"location":"PlayerCamera.cpp:143","message":"Tick hit detection - component under cursor","data":{"component":"ModelComponent_0","hasTagCharge":false,"hasTagBattery":false},"runId":"debug1","hypothesisId":"H5"}
﻿{"id":"log_1777649501000","timestamp":1777649501000,"location":"PlayerCamera.cpp:143","message":"Tick hit detection - component under cursor","data":{"component":"ModelComponent_0","hasTagCharge":false,"hasTagBattery":false},"runId":"debug1","hypothesisId":"H5"}
﻿{"id":"log_1777649501000","timestamp":1777649501000,"location":"PlayerCamera.cpp:143","message":"Tick hit detection - component under cursor","data":{"component":"ModelComponent_0","hasTagCharge":false,"hasTagBattery":false},"runId":"debug1","hypothesisId":"H5"}
﻿{"id":"log_1777649501000","timestamp":1777649501000,"location":"PlayerCamera.cpp:143","message":"Tick hit detection - component under cursor","data":{"component":"ModelComponent_0","hasTagCharge":false,"hasTagBattery":false},"runId":"debug1","hypothesisId":"H5"}
﻿{"id":"log_1777649501000","timestamp":1777649501000,"location":"PlayerCamera.cpp:143","message":"Tick hit detection - component under cursor","data":{"component":"ModelComponent_0","hasTagCharge":false,"hasTagBattery":false},"runId":"debug1","hypothesisId":"H5"}
﻿{"id":"log_1777649501000","timestamp":1777649501000,"location":"PlayerCamera.cpp:143","message":"Tick hit detection - component under cursor","data":{"component":"ModelComponent_0","hasTagCharge":false,"hasTagBattery":false},"runId":"debug1","hypothesisId":"H5"}
﻿{"id":"log_1777649501000","timestamp":1777649501000,"location":"PlayerCamera.cpp:143","message":"Tick hit detection - component under cursor","data":{"component":"ModelComponent_0","hasTagCharge":false,"hasTagBattery":false},"runId":"debug1","hypothesisId":"H5"}
﻿{"id":"log_1777649501000","timestamp":1777649501000,"location":"PlayerCamera.cpp:143","message":"Tick hit detection - component under cursor","data":{"component":"ModelComponent_0","hasTagCharge":false,"hasTagBattery":false},"runId":"debug1","hypothesisId":"H5"}
﻿{"id":"log_1777649501000","timestamp":1777649501000,"location":"PlayerCamera.cpp:143","message":"Tick hit detection - component under cursor","data":{"component":"ModelComponent_0","hasTagCharge":false,"hasTagBattery":false},"runId":"debug1","hypothesisId":"H5"}
﻿{"id":"log_1777649501000","timestamp":1777649501000,"location":"PlayerCamera.cpp:143","message":"Tick hit detection - component under cursor","data":{"component":"ModelComponent_0","hasTagCharge":false,"hasTagBattery":false},"runId":"debug1","hypothesisId":"H5"}
﻿{"id":"log_1777649501000","timestamp":1777649501000,"location":"PlayerCamera.cpp:143","message":"Tick hit detection - component under cursor","data":{"component":"ModelComponent_0","hasTagCharge":false,"hasTagBattery":false},"runId":"debug1","hypothesisId":"H5"}
﻿{"id":"log_1777649501000","timestamp":1777649501000,"location":"PlayerCamera.cpp:143","message":"Tick hit detection - component under cursor","data":{"component":"ModelComponent_0","hasTagCharge":false,"hasTagBattery":false},"runId":"debug1","hypothesisId":"H5"}
﻿{"id":"log_1777649501000","timestamp":1777649501000,"location":"PlayerCamera.cpp:143","message":"Tick hit detection - component under cursor","data":{"component":"ModelComponent_0","hasTagCharge":false,"hasTagBattery":false},"runId":"debug1","hypothesisId":"H5"}
﻿{"id":"log_1777649501000","timestamp":1777649501000,"location":"PlayerCamera.cpp:143","message":"Tick hit detection - component under cursor","data":{"component":"ModelComponent_0","hasTagCharge":false,"hasTagBattery":false},"runId":"debug1","hypothesisId":"H5"}
﻿{"id":"log_1777649501000","timestamp":1777649501000,"location":"PlayerCamera.cpp:143","message":"Tick hit detection - component under cursor","data":{"component":"ModelComponent_0","hasTagCharge":false,"hasTagBattery":false},"runId":"debug1","hypothesisId":"H5"}
﻿{"id":"log_1777649501000","timestamp":1777649501000,"location":"PlayerCamera.cpp:143","message":"Tick hit detection - component under cursor","data":{"component":"ModelComponent_0","hasTagCharge":false,"hasTagBattery":false},"runId":"debug1","hypothesisId":"H5"}
﻿{"id":"log_1777649501000","timestamp":1777649501000,"location":"PlayerCamera.cpp:143","message":"Tick hit detection - component under cursor","data":{"component":"ModelComponent_0","hasTagCharge":false,"hasTagBattery":false},"runId":"debug1","hypothesisId":"H5"}
﻿{"id":"log_1777649501000","timestamp":1777649501000,"location":"PlayerCamera.cpp:143","message":"Tick hit detection - component under cursor","data":{"component":"LightTrigger","hasTagCharge":false,"hasTagBattery":false},"runId":"debug1","hypothesisId":"H5"}
﻿{"id":"log_1777649501000","timestamp":1777649501000,"location":"PlayerCamera.cpp:143","message":"Tick hit detection - component under cursor","data":{"component":"LightTrigger","hasTagCharge":false,"hasTagBattery":false},"runId":"debug1","hypothesisId":"H5"}
﻿{"id":"log_1777649501000","timestamp":1777649501000,"location":"PlayerCamera.cpp:143","message":"Tick hit detection - component under cursor","data":{"component":"LightTrigger","hasTagCharge":false,"hasTagBattery":false},"runId":"debug1","hypothesisId":"H5"}
﻿{"id":"log_1777649501000","timestamp":1777649501000,"location":"PlayerCamera.cpp:143","message":"Tick hit detection - component under cursor","data":{"component":"LightTrigger","hasTagCharge":false,"hasTagBattery":false},"runId":"debug1","hypothesisId":"H5"}
﻿{"id":"log_1777649501000","timestamp":1777649501000,"location":"PlayerCamera.cpp:143","message":"Tick hit detection - component under cursor","data":{"component":"LightTrigger","hasTagCharge":false,"hasTagBattery":false},"runId":"debug1","hypothesisId":"H5"}
﻿{"id":"log_1777649501000","timestamp":1777649501000,"location":"PlayerCamera.cpp:143","message":"Tick hit detection - component under cursor","data":{"component":"LightTrigger","hasTagCharge":false,"hasTagBattery":false},"runId":"debug1","hypothesisId":"H5"}
﻿{"id":"log_1777649501000","timestamp":1777649501000,"location":"PlayerCamera.cpp:143","message":"Tick hit detection - component under cursor","data":{"component":"LightTrigger","hasTagCharge":false,"hasTagBattery":false},"runId":"debug1","hypothesisId":"H5"}
﻿{"id":"log_1777649501000","timestamp":1777649501000,"location":"PlayerCamera.cpp:143","message":"Tick hit detection - component under cursor","data":{"component":"LightTrigger","hasTagCharge":false,"hasTagBattery":false},"runId":"debug1","hypothesisId":"H5"}
﻿{"id":"log_1777649501000","timestamp":1777649501000,"location":"PlayerCamera.cpp:143","message":"Tick hit detection - component under cursor","data":{"component":"LightTrigger","hasTagCharge":false,"hasTagBattery":false},"runId":"debug1","hypothesisId":"H5"}
﻿{"id":"log_1777649501000","timestamp":1777649501000,"location":"PlayerCamera.cpp:143","message":"Tick hit detection - component under cursor","data":{"component":"LightTrigger","hasTagCharge":false,"hasTagBattery":false},"runId":"debug1","hypothesisId":"H5"}
﻿{"id":"log_1777649501000","timestamp":1777649501000,"location":"PlayerCamera.cpp:143","message":"Tick hit detection - component under cursor","data":{"component":"LightTrigger","hasTagCharge":false,"hasTagBattery":false},"runId":"debug1","hypothesisId":"H5"}
﻿{"id":"log_1777649501000","timestamp":1777649501000,"location":"PlayerCamera.cpp:143","message":"Tick hit detection - component under cursor","data":{"component":"LightTrigger","hasTagCharge":false,"hasTagBattery":false},"runId":"debug1","hypothesisId":"H5"}
﻿{"id":"log_1777649501000","timestamp":1777649501000,"location":"PlayerCamera.cpp:143","message":"Tick hit detection - component under cursor","data":{"component":"LightTrigger","hasTagCharge":false,"hasTagBattery":false},"runId":"debug1","hypothesisId":"H5"}
﻿{"id":"log_1777649502000","timestamp":1777649502000,"location":"PlayerCamera.cpp:143","message":"Tick hit detection - component under cursor","data":{"component":"LightTrigger","hasTagCharge":false,"hasTagBattery":false},"runId":"debug1","hypothesisId":"H5"}
﻿{"id":"log_1777649502000","timestamp":1777649502000,"location":"PlayerCamera.cpp:143","message":"Tick hit detection - component under cursor","data":{"component":"LightTrigger","hasTagCharge":false,"hasTagBattery":false},"runId":"debug1","hypothesisId":"H5"}
﻿{"id":"log_1777649502000","timestamp":1777649502000,"location":"PlayerCamera.cpp:143","message":"Tick hit detection - component under cursor","data":{"component":"LightTrigger","hasTagCharge":false,"hasTagBattery":false},"runId":"debug1","hypothesisId":"H5"}
﻿{"id":"log_1777649502000","timestamp":1777649502000,"location":"PlayerCamera.cpp:143","message":"Tick hit detection - component under cursor","data":{"component":"LightTrigger","hasTagCharge":false,"hasTagBattery":false},"runId":"debug1","hypothesisId":"H5"}
﻿{"id":"log_1777649502000","timestamp":1777649502000,"location":"PlayerCamera.cpp:143","message":"Tick hit detection - component under cursor","data":{"component":"LightTrigger","hasTagCharge":false,"hasTagBattery":false},"runId":"debug1","hypothesisId":"H5"}
﻿{"id":"log_1777649502000","timestamp":1777649502000,"location":"PlayerCamera.cpp:143","message":"Tick hit detection - component under cursor","data":{"component":"LightTrigger","hasTagCharge":false,"hasTagBattery":false},"runId":"debug1","hypothesisId":"H5"}
﻿{"id":"log_1777649502000","timestamp":1777649502000,"location":"PlayerCamera.cpp:143","message":"Tick hit detection - component under cursor","data":{"component":"LightTrigger","hasTagCharge":false,"hasTagBattery":false},"runId":"debug1","hypothesisId":"H5"}
﻿{"id":"log_1777649502000","timestamp":1777649502000,"location":"PlayerCamera.cpp:143","message":"Tick hit detection - component under cursor","data":{"component":"LightTrigger","hasTagCharge":false,"hasTagBattery":false},"runId":"debug1","hypothesisId":"H5"}
﻿{"id":"log_1777649502000","timestamp":1777649502000,"location":"PlayerCamera.cpp:143","message":"Tick hit detection - component under cursor","data":{"component":"LightTrigger","hasTagCharge":false,"hasTagBattery":false},"runId":"debug1","hypothesisId":"H5"}
﻿{"id":"log_1777649502000","timestamp":1777649502000,"location":"PlayerCamera.cpp:143","message":"Tick hit detection - component under cursor","data":{"component":"LightTrigger","hasTagCharge":false,"hasTagBattery":false},"runId":"debug1","hypothesisId":"H5"}
﻿{"id":"log_1777649502000","timestamp":1777649502000,"location":"PlayerCamera.cpp:143","message":"Tick hit detection - component under cursor","data":{"component":"LightTrigger","hasTagCharge":false,"hasTagBattery":false},"runId":"debug1","hypothesisId":"H5"}
﻿{"id":"log_1777649502000","timestamp":1777649502000,"location":"PlayerCamera.cpp:143","message":"Tick hit detection - component under cursor","data":{"component":"LightTrigger","hasTagCharge":false,"hasTagBattery":false},"runId":"debug1","hypothesisId":"H5"}
﻿{"id":"log_1777649502000","timestamp":1777649502000,"location":"PlayerCamera.cpp:143","message":"Tick hit detection - component under cursor","data":{"component":"LightTrigger","hasTagCharge":false,"hasTagBattery":false},"runId":"debug1","hypothesisId":"H5"}
﻿{"id":"log_1777649502000","timestamp":1777649502000,"location":"PlayerCamera.cpp:143","message":"Tick hit detection - component under cursor","data":{"component":"LightTrigger","hasTagCharge":false,"hasTagBattery":false},"runId":"debug1","hypothesisId":"H5"}
﻿{"id":"log_1777649502000","timestamp":1777649502000,"location":"PlayerCamera.cpp:143","message":"Tick hit detection - component under cursor","data":{"component":"LightTrigger","hasTagCharge":false,"hasTagBattery":false},"runId":"debug1","hypothesisId":"H5"}
﻿{"id":"log_1777649502000","timestamp":1777649502000,"location":"PlayerCamera.cpp:143","message":"Tick hit detection - component under cursor","data":{"component":"LightTrigger","hasTagCharge":false,"hasTagBattery":false},"runId":"debug1","hypothesisId":"H5"}
﻿{"id":"log_1777649502000","timestamp":1777649502000,"location":"PlayerCamera.cpp:143","message":"Tick hit detection - component under cursor","data":{"component":"LightTrigger","hasTagCharge":false,"hasTagBattery":false},"runId":"debug1","hypothesisId":"H5"}
﻿{"id":"log_1777649502000","timestamp":1777649502000,"location":"PlayerCamera.cpp:143","message":"Tick hit detection - component under cursor","data":{"component":"LightTrigger","hasTagCharge":false,"hasTagBattery":false},"runId":"debug1","hypothesisId":"H5"}
﻿{"id":"log_1777649502000","timestamp":1777649502000,"location":"PlayerCamera.cpp:143","message":"Tick hit detection - component under cursor","data":{"component":"LightTrigger","hasTagCharge":false,"hasTagBattery":false},"runId":"debug1","hypothesisId":"H5"}
﻿{"id":"log_1777649502000","timestamp":1777649502000,"location":"PlayerCamera.cpp:143","message":"Tick hit detection - component under cursor","data":{"component":"LightTrigger","hasTagCharge":false,"hasTagBattery":false},"runId":"debug1","hypothesisId":"H5"}
﻿{"id":"log_1777649502000","timestamp":1777649502000,"location":"PlayerCamera.cpp:143","message":"Tick hit detection - component under cursor","data":{"component":"LightTrigger","hasTagCharge":false,"hasTagBattery":false},"runId":"debug1","hypothesisId":"H5"}
﻿{"id":"log_1777649502000","timestamp":1777649502000,"location":"PlayerCamera.cpp:143","message":"Tick hit detection - component under cursor","data":{"component":"LightTrigger","hasTagCharge":false,"hasTagBattery":false},"runId":"debug1","hypothesisId":"H5"}
﻿{"id":"log_1777649502000","timestamp":1777649502000,"location":"PlayerCamera.cpp:143","message":"Tick hit detection - component under cursor","data":{"component":"LightTrigger","hasTagCharge":false,"hasTagBattery":false},"runId":"debug1","hypothesisId":"H5"}
﻿{"id":"log_1777649502000","timestamp":1777649502000,"location":"PlayerCamera.cpp:143","message":"Tick hit detection - component under cursor","data":{"component":"LightTrigger","hasTagCharge":false,"hasTagBattery":false},"runId":"debug1","hypothesisId":"H5"}
﻿{"id":"log_1777649502000","timestamp":1777649502000,"location":"PlayerCamera.cpp:143","message":"Tick hit detection - component under cursor","data":{"component":"LightTrigger","hasTagCharge":false,"hasTagBattery":false},"runId":"debug1","hypothesisId":"H5"}
﻿{"id":"log_1777649502000","timestamp":1777649502000,"location":"PlayerCamera.cpp:143","message":"Tick hit detection - component under cursor","data":{"component":"LightTrigger","hasTagCharge":false,"hasTagBattery":false},"runId":"debug1","hypothesisId":"H5"}
﻿{"id":"log_1777649502000","timestamp":1777649502000,"location":"LightTrigger.cpp:27","message":"OnButtonClicked triggered (hypothesis H4: widget-hit-test-leak)","data":{"touched":"true","key":"LeftMouseButton"},"runId":"debug1","hypothesisId":"H4"}
﻿{"id":"log_1777649502000","timestamp":1777649502000,"location":"PlayerCamera.cpp:190","message":"InteractInput triggered via EnhancedInput (hypothesis H2: enhanced-input-conflict)","data":{"action":"Started"},"runId":"debug1","hypothesisId":"H2"}
﻿{"id":"log_1777649502000","timestamp":1777649502000,"location":"PlayerCamera.cpp:143","message":"Tick hit detection - component under cursor","data":{"component":"LightTrigger","hasTagCharge":false,"hasTagBattery":false},"runId":"debug1","hypothesisId":"H5"}
﻿{"id":"log_1777649502000","timestamp":1777649502000,"location":"PlayerCamera.cpp:143","message":"Tick hit detection - component under cursor","data":{"component":"LightTrigger","hasTagCharge":false,"hasTagBattery":false},"runId":"debug1","hypothesisId":"H5"}
﻿{"id":"log_1777649502000","timestamp":1777649502000,"location":"PlayerCamera.cpp:143","message":"Tick hit detection - component under cursor","data":{"component":"LightTrigger","hasTagCharge":false,"hasTagBattery":false},"runId":"debug1","hypothesisId":"H5"}
﻿{"id":"log_1777649502000","timestamp":1777649502000,"location":"PlayerCamera.cpp:143","message":"Tick hit detection - component under cursor","data":{"component":"LightTrigger","hasTagCharge":false,"hasTagBattery":false},"runId":"debug1","hypothesisId":"H5"}
﻿{"id":"log_1777649502000","timestamp":1777649502000,"location":"PlayerCamera.cpp:143","message":"Tick hit detection - component under cursor","data":{"component":"LightTrigger","hasTagCharge":false,"hasTagBattery":false},"runId":"debug1","hypothesisId":"H5"}
﻿{"id":"log_1777649502000","timestamp":1777649502000,"location":"PlayerCamera.cpp:143","message":"Tick hit detection - component under cursor","data":{"component":"LightTrigger","hasTagCharge":false,"hasTagBattery":false},"runId":"debug1","hypothesisId":"H5"}
﻿{"id":"log_1777649502000","timestamp":1777649502000,"location":"PlayerCamera.cpp:143","message":"Tick hit detection - component under cursor","data":{"component":"LightTrigger","hasTagCharge":false,"hasTagBattery":false},"runId":"debug1","hypothesisId":"H5"}
﻿{"id":"log_1777649502000","timestamp":1777649502000,"location":"PlayerCamera.cpp:143","message":"Tick hit detection - component under cursor","data":{"component":"LightTrigger","hasTagCharge":false,"hasTagBattery":false},"runId":"debug1","hypothesisId":"H5"}
﻿{"id":"log_1777649502000","timestamp":1777649502000,"location":"PlayerCamera.cpp:143","message":"Tick hit detection - component under cursor","data":{"component":"LightTrigger","hasTagCharge":false,"hasTagBattery":false},"runId":"debug1","hypothesisId":"H5"}
﻿{"id":"log_1777649502000","timestamp":1777649502000,"location":"PlayerCamera.cpp:143","message":"Tick hit detection - component under cursor","data":{"component":"LightTrigger","hasTagCharge":false,"hasTagBattery":false},"runId":"debug1","hypothesisId":"H5"}
﻿{"id":"log_1777649502000","timestamp":1777649502000,"location":"PlayerCamera.cpp:143","message":"Tick hit detection - component under cursor","data":{"component":"LightTrigger","hasTagCharge":false,"hasTagBattery":false},"runId":"debug1","hypothesisId":"H5"}
﻿{"id":"log_1777649502000","timestamp":1777649502000,"location":"PlayerCamera.cpp:143","message":"Tick hit detection - component under cursor","data":{"component":"LightTrigger","hasTagCharge":false,"hasTagBattery":false},"runId":"debug1","hypothesisId":"H5"}
﻿{"id":"log_1777649502000","timestamp":1777649502000,"location":"PlayerCamera.cpp:143","message":"Tick hit detection - component under cursor","data":{"component":"LightTrigger","hasTagCharge":false,"hasTagBattery":false},"runId":"debug1","hypothesisId":"H5"}
﻿{"id":"log_1777649502000","timestamp":1777649502000,"location":"PlayerCamera.cpp:143","message":"Tick hit detection - component under cursor","data":{"component":"LightTrigger","hasTagCharge":false,"hasTagBattery":false},"runId":"debug1","hypothesisId":"H5"}
﻿{"id":"log_1777649502000","timestamp":1777649502000,"location":"PlayerCamera.cpp:143","message":"Tick hit detection - component under cursor","data":{"component":"LightTrigger","hasTagCharge":false,"hasTagBattery":false},"runId":"debug1","hypothesisId":"H5"}
﻿{"id":"log_1777649502000","timestamp":1777649502000,"location":"PlayerCamera.cpp:143","message":"Tick hit detection - component under cursor","data":{"component":"LightTrigger","hasTagCharge":false,"hasTagBattery":false},"runId":"debug1","hypothesisId":"H5"}
﻿{"id":"log_1777649502000","timestamp":1777649502000,"location":"PlayerCamera.cpp:143","message":"Tick hit detection - component under cursor","data":{"component":"LightTrigger","hasTagCharge":false,"hasTagBattery":false},"runId":"debug1","hypothesisId":"H5"}
﻿{"id":"log_1777649502000","timestamp":1777649502000,"location":"PlayerCamera.cpp:143","message":"Tick hit detection - component under cursor","data":{"component":"LightTrigger","hasTagCharge":false,"hasTagBattery":false},"runId":"debug1","hypothesisId":"H5"}
﻿{"id":"log_1777649502000","timestamp":1777649502000,"location":"PlayerCamera.cpp:143","message":"Tick hit detection - component under cursor","data":{"component":"LightTrigger","hasTagCharge":false,"hasTagBattery":false},"runId":"debug1","hypothesisId":"H5"}
﻿{"id":"log_1777649502000","timestamp":1777649502000,"location":"PlayerCamera.cpp:143","message":"Tick hit detection - component under cursor","data":{"component":"LightTrigger","hasTagCharge":false,"hasTagBattery":false},"runId":"debug1","hypothesisId":"H5"}
﻿{"id":"log_1777649502000","timestamp":1777649502000,"location":"PlayerCamera.cpp:143","message":"Tick hit detection - component under cursor","data":{"component":"LightTrigger","hasTagCharge":false,"hasTagBattery":false},"runId":"debug1","hypothesisId":"H5"}
﻿{"id":"log_1777649502000","timestamp":1777649502000,"location":"PlayerCamera.cpp:143","message":"Tick hit detection - component under cursor","data":{"component":"LightTrigger","hasTagCharge":false,"hasTagBattery":false},"runId":"debug1","hypothesisId":"H5"}
﻿{"id":"log_1777649502000","timestamp":1777649502000,"location":"PlayerCamera.cpp:143","message":"Tick hit detection - component under cursor","data":{"component":"LightTrigger","hasTagCharge":false,"hasTagBattery":false},"runId":"debug1","hypothesisId":"H5"}
﻿{"id":"log_1777649502000","timestamp":1777649502000,"location":"PlayerCamera.cpp:143","message":"Tick hit detection - component under cursor","data":{"component":"LightTrigger","hasTagCharge":false,"hasTagBattery":false},"runId":"debug1","hypothesisId":"H5"}
﻿{"id":"log_1777649502000","timestamp":1777649502000,"location":"PlayerCamera.cpp:143","message":"Tick hit detection - component under cursor","data":{"component":"LightTrigger","hasTagCharge":false,"hasTagBattery":false},"runId":"debug1","hypothesisId":"H5"}
﻿{"id":"log_1777649502000","timestamp":1777649502000,"location":"PlayerCamera.cpp:143","message":"Tick hit detection - component under cursor","data":{"component":"ModelComponent_0","hasTagCharge":false,"hasTagBattery":false},"runId":"debug1","hypothesisId":"H5"}
﻿{"id":"log_1777649502000","timestamp":1777649502000,"location":"PlayerCamera.cpp:143","message":"Tick hit detection - component under cursor","data":{"component":"ModelComponent_0","hasTagCharge":false,"hasTagBattery":false},"runId":"debug1","hypothesisId":"H5"}
﻿{"id":"log_1777649502000","timestamp":1777649502000,"location":"PlayerCamera.cpp:143","message":"Tick hit detection - component under cursor","data":{"component":"ModelComponent_0","hasTagCharge":false,"hasTagBattery":false},"runId":"debug1","hypothesisId":"H5"}
﻿{"id":"log_1777649502000","timestamp":1777649502000,"location":"PlayerCamera.cpp:143","message":"Tick hit detection - component under cursor","data":{"component":"ModelComponent_0","hasTagCharge":false,"hasTagBattery":false},"runId":"debug1","hypothesisId":"H5"}
﻿{"id":"log_1777649502000","timestamp":1777649502000,"location":"PlayerCamera.cpp:143","message":"Tick hit detection - component under cursor","data":{"component":"ModelComponent_0","hasTagCharge":false,"hasTagBattery":false},"runId":"debug1","hypothesisId":"H5"}
﻿{"id":"log_1777649502000","timestamp":1777649502000,"location":"PlayerCamera.cpp:143","message":"Tick hit detection - component under cursor","data":{"component":"ModelComponent_0","hasTagCharge":false,"hasTagBattery":false},"runId":"debug1","hypothesisId":"H5"}
﻿{"id":"log_1777649502000","timestamp":1777649502000,"location":"PlayerCamera.cpp:143","message":"Tick hit detection - NO component under cursor (H5)","data":{"hitComp":null},"runId":"debug1","hypothesisId":"H5"}
﻿{"id":"log_1777649502000","timestamp":1777649502000,"location":"PlayerCamera.cpp:143","message":"Tick hit detection - component under cursor","data":{"component":"ModelComponent_0","hasTagCharge":false,"hasTagBattery":false},"runId":"debug1","hypothesisId":"H5"}
﻿{"id":"log_1777649502000","timestamp":1777649502000,"location":"PlayerCamera.cpp:143","message":"Tick hit detection - component under cursor","data":{"component":"Box","hasTagCharge":true,"hasTagBattery":false},"runId":"debug1","hypothesisId":"H5"}
﻿{"id":"log_1777649503000","timestamp":1777649503000,"location":"PlayerCamera.cpp:143","message":"Tick hit detection - component under cursor","data":{"component":"Box","hasTagCharge":true,"hasTagBattery":false},"runId":"debug1","hypothesisId":"H5"}
﻿{"id":"log_1777649503000","timestamp":1777649503000,"location":"PlayerCamera.cpp:143","message":"Tick hit detection - component under cursor","data":{"component":"Box","hasTagCharge":true,"hasTagBattery":false},"runId":"debug1","hypothesisId":"H5"}
﻿{"id":"log_1777649503000","timestamp":1777649503000,"location":"PlayerCamera.cpp:143","message":"Tick hit detection - component under cursor","data":{"component":"Box","hasTagCharge":true,"hasTagBattery":false},"runId":"debug1","hypothesisId":"H5"}
﻿{"id":"log_1777649503000","timestamp":1777649503000,"location":"PlayerCamera.cpp:143","message":"Tick hit detection - component under cursor","data":{"component":"Box","hasTagCharge":true,"hasTagBattery":false},"runId":"debug1","hypothesisId":"H5"}
﻿{"id":"log_1777649503000","timestamp":1777649503000,"location":"PlayerCamera.cpp:143","message":"Tick hit detection - component under cursor","data":{"component":"Box","hasTagCharge":true,"hasTagBattery":false},"runId":"debug1","hypothesisId":"H5"}
﻿{"id":"log_1777649503000","timestamp":1777649503000,"location":"PlayerCamera.cpp:143","message":"Tick hit detection - component under cursor","data":{"component":"ModelComponent_0","hasTagCharge":false,"hasTagBattery":false},"runId":"debug1","hypothesisId":"H5"}
﻿{"id":"log_1777649503000","timestamp":1777649503000,"location":"PlayerCamera.cpp:143","message":"Tick hit detection - component under cursor","data":{"component":"ModelComponent_0","hasTagCharge":false,"hasTagBattery":false},"runId":"debug1","hypothesisId":"H5"}
﻿{"id":"log_1777649503000","timestamp":1777649503000,"location":"PlayerCamera.cpp:143","message":"Tick hit detection - component under cursor","data":{"component":"ModelComponent_0","hasTagCharge":false,"hasTagBattery":false},"runId":"debug1","hypothesisId":"H5"}
﻿{"id":"log_1777649503000","timestamp":1777649503000,"location":"PlayerCamera.cpp:143","message":"Tick hit detection - component under cursor","data":{"component":"ModelComponent_0","hasTagCharge":false,"hasTagBattery":false},"runId":"debug1","hypothesisId":"H5"}
﻿{"id":"log_1777649503000","timestamp":1777649503000,"location":"PlayerCamera.cpp:143","message":"Tick hit detection - component under cursor","data":{"component":"ModelComponent_0","hasTagCharge":false,"hasTagBattery":false},"runId":"debug1","hypothesisId":"H5"}
﻿{"id":"log_1777649503000","timestamp":1777649503000,"location":"PlayerCamera.cpp:143","message":"Tick hit detection - component under cursor","data":{"component":"ModelComponent_0","hasTagCharge":false,"hasTagBattery":false},"runId":"debug1","hypothesisId":"H5"}
﻿{"id":"log_1777649503000","timestamp":1777649503000,"location":"PlayerCamera.cpp:143","message":"Tick hit detection - component under cursor","data":{"component":"ModelComponent_0","hasTagCharge":false,"hasTagBattery":false},"runId":"debug1","hypothesisId":"H5"}
﻿{"id":"log_1777649503000","timestamp":1777649503000,"location":"PlayerCamera.cpp:143","message":"Tick hit detection - component under cursor","data":{"component":"ModelComponent_0","hasTagCharge":false,"hasTagBattery":false},"runId":"debug1","hypothesisId":"H5"}
﻿{"id":"log_1777649503000","timestamp":1777649503000,"location":"PlayerCamera.cpp:143","message":"Tick hit detection - component under cursor","data":{"component":"ModelComponent_0","hasTagCharge":false,"hasTagBattery":false},"runId":"debug1","hypothesisId":"H5"}
﻿{"id":"log_1777649503000","timestamp":1777649503000,"location":"PlayerCamera.cpp:143","message":"Tick hit detection - component under cursor","data":{"component":"ModelComponent_0","hasTagCharge":false,"hasTagBattery":false},"runId":"debug1","hypothesisId":"H5"}
﻿{"id":"log_1777649503000","timestamp":1777649503000,"location":"PlayerCamera.cpp:143","message":"Tick hit detection - component under cursor","data":{"component":"ModelComponent_0","hasTagCharge":false,"hasTagBattery":false},"runId":"debug1","hypothesisId":"H5"}
﻿{"id":"log_1777649503000","timestamp":1777649503000,"location":"PlayerCamera.cpp:143","message":"Tick hit detection - component under cursor","data":{"component":"ModelComponent_0","hasTagCharge":false,"hasTagBattery":false},"runId":"debug1","hypothesisId":"H5"}
﻿{"id":"log_1777649503000","timestamp":1777649503000,"location":"PlayerCamera.cpp:143","message":"Tick hit detection - component under cursor","data":{"component":"ModelComponent_0","hasTagCharge":false,"hasTagBattery":false},"runId":"debug1","hypothesisId":"H5"}
﻿{"id":"log_1777649503000","timestamp":1777649503000,"location":"PlayerCamera.cpp:143","message":"Tick hit detection - component under cursor","data":{"component":"ModelComponent_0","hasTagCharge":false,"hasTagBattery":false},"runId":"debug1","hypothesisId":"H5"}
﻿{"id":"log_1777649503000","timestamp":1777649503000,"location":"PlayerCamera.cpp:143","message":"Tick hit detection - component under cursor","data":{"component":"ModelComponent_0","hasTagCharge":false,"hasTagBattery":false},"runId":"debug1","hypothesisId":"H5"}
﻿{"id":"log_1777649503000","timestamp":1777649503000,"location":"PlayerCamera.cpp:143","message":"Tick hit detection - component under cursor","data":{"component":"ModelComponent_0","hasTagCharge":false,"hasTagBattery":false},"runId":"debug1","hypothesisId":"H5"}
﻿{"id":"log_1777649503000","timestamp":1777649503000,"location":"PlayerCamera.cpp:143","message":"Tick hit detection - component under cursor","data":{"component":"ModelComponent_0","hasTagCharge":false,"hasTagBattery":false},"runId":"debug1","hypothesisId":"H5"}
﻿{"id":"log_1777649503000","timestamp":1777649503000,"location":"PlayerCamera.cpp:143","message":"Tick hit detection - component under cursor","data":{"component":"ModelComponent_0","hasTagCharge":false,"hasTagBattery":false},"runId":"debug1","hypothesisId":"H5"}
﻿{"id":"log_1777649503000","timestamp":1777649503000,"location":"PlayerCamera.cpp:143","message":"Tick hit detection - component under cursor","data":{"component":"ModelComponent_0","hasTagCharge":false,"hasTagBattery":false},"runId":"debug1","hypothesisId":"H5"}
﻿{"id":"log_1777649503000","timestamp":1777649503000,"location":"PlayerCamera.cpp:143","message":"Tick hit detection - component under cursor","data":{"component":"ModelComponent_0","hasTagCharge":false,"hasTagBattery":false},"runId":"debug1","hypothesisId":"H5"}
﻿{"id":"log_1777649503000","timestamp":1777649503000,"location":"PlayerCamera.cpp:143","message":"Tick hit detection - component under cursor","data":{"component":"ModelComponent_0","hasTagCharge":false,"hasTagBattery":false},"runId":"debug1","hypothesisId":"H5"}
﻿{"id":"log_1777649503000","timestamp":1777649503000,"location":"PlayerCamera.cpp:143","message":"Tick hit detection - component under cursor","data":{"component":"ModelComponent_0","hasTagCharge":false,"hasTagBattery":false},"runId":"debug1","hypothesisId":"H5"}
﻿{"id":"log_1777649503000","timestamp":1777649503000,"location":"PlayerCamera.cpp:143","message":"Tick hit detection - component under cursor","data":{"component":"ModelComponent_0","hasTagCharge":false,"hasTagBattery":false},"runId":"debug1","hypothesisId":"H5"}
﻿{"id":"log_1777649503000","timestamp":1777649503000,"location":"PlayerCamera.cpp:143","message":"Tick hit detection - component under cursor","data":{"component":"ModelComponent_0","hasTagCharge":false,"hasTagBattery":false},"runId":"debug1","hypothesisId":"H5"}
﻿{"id":"log_1777649503000","timestamp":1777649503000,"location":"PlayerCamera.cpp:143","message":"Tick hit detection - component under cursor","data":{"component":"ModelComponent_0","hasTagCharge":false,"hasTagBattery":false},"runId":"debug1","hypothesisId":"H5"}
﻿{"id":"log_1777649503000","timestamp":1777649503000,"location":"PlayerCamera.cpp:143","message":"Tick hit detection - component under cursor","data":{"component":"ModelComponent_0","hasTagCharge":false,"hasTagBattery":false},"runId":"debug1","hypothesisId":"H5"}
﻿{"id":"log_1777649503000","timestamp":1777649503000,"location":"PlayerCamera.cpp:143","message":"Tick hit detection - component under cursor","data":{"component":"ModelComponent_0","hasTagCharge":false,"hasTagBattery":false},"runId":"debug1","hypothesisId":"H5"}
﻿{"id":"log_1777649503000","timestamp":1777649503000,"location":"PlayerCamera.cpp:143","message":"Tick hit detection - component under cursor","data":{"component":"ModelComponent_0","hasTagCharge":false,"hasTagBattery":false},"runId":"debug1","hypothesisId":"H5"}
﻿{"id":"log_1777649503000","timestamp":1777649503000,"location":"PlayerCamera.cpp:143","message":"Tick hit detection - component under cursor","data":{"component":"ModelComponent_0","hasTagCharge":false,"hasTagBattery":false},"runId":"debug1","hypothesisId":"H5"}
﻿{"id":"log_1777649503000","timestamp":1777649503000,"location":"PlayerCamera.cpp:143","message":"Tick hit detection - component under cursor","data":{"component":"ModelComponent_0","hasTagCharge":false,"hasTagBattery":false},"runId":"debug1","hypothesisId":"H5"}
﻿{"id":"log_1777649503000","timestamp":1777649503000,"location":"PlayerCamera.cpp:143","message":"Tick hit detection - component under cursor","data":{"component":"ModelComponent_0","hasTagCharge":false,"hasTagBattery":false},"runId":"debug1","hypothesisId":"H5"}
﻿{"id":"log_1777649503000","timestamp":1777649503000,"location":"PlayerCamera.cpp:143","message":"Tick hit detection - component under cursor","data":{"component":"ModelComponent_0","hasTagCharge":false,"hasTagBattery":false},"runId":"debug1","hypothesisId":"H5"}
﻿{"id":"log_1777649503000","timestamp":1777649503000,"location":"PlayerCamera.cpp:143","message":"Tick hit detection - component under cursor","data":{"component":"ModelComponent_0","hasTagCharge":false,"hasTagBattery":false},"runId":"debug1","hypothesisId":"H5"}
﻿{"id":"log_1777649503000","timestamp":1777649503000,"location":"PlayerCamera.cpp:143","message":"Tick hit detection - component under cursor","data":{"component":"ModelComponent_0","hasTagCharge":false,"hasTagBattery":false},"runId":"debug1","hypothesisId":"H5"}
﻿{"id":"log_1777649503000","timestamp":1777649503000,"location":"PlayerCamera.cpp:143","message":"Tick hit detection - component under cursor","data":{"component":"ModelComponent_0","hasTagCharge":false,"hasTagBattery":false},"runId":"debug1","hypothesisId":"H5"}
﻿{"id":"log_1777649503000","timestamp":1777649503000,"location":"PlayerCamera.cpp:143","message":"Tick hit detection - component under cursor","data":{"component":"ModelComponent_0","hasTagCharge":false,"hasTagBattery":false},"runId":"debug1","hypothesisId":"H5"}
﻿{"id":"log_1777649503000","timestamp":1777649503000,"location":"PlayerCamera.cpp:143","message":"Tick hit detection - component under cursor","data":{"component":"BatteryBase","hasTagCharge":false,"hasTagBattery":true},"runId":"debug1","hypothesisId":"H5"}
﻿{"id":"log_1777649503000","timestamp":1777649503000,"location":"PlayerCamera.cpp:143","message":"Tick hit detection - component under cursor","data":{"component":"BatteryBase","hasTagCharge":false,"hasTagBattery":true},"runId":"debug1","hypothesisId":"H5"}
﻿{"id":"log_1777649503000","timestamp":1777649503000,"location":"PlayerCamera.cpp:143","message":"Tick hit detection - component under cursor","data":{"component":"BatteryBase","hasTagCharge":false,"hasTagBattery":true},"runId":"debug1","hypothesisId":"H5"}
﻿{"id":"log_1777649503000","timestamp":1777649503000,"location":"PlayerCamera.cpp:143","message":"Tick hit detection - component under cursor","data":{"component":"BatteryBase","hasTagCharge":false,"hasTagBattery":true},"runId":"debug1","hypothesisId":"H5"}
﻿{"id":"log_1777649503000","timestamp":1777649503000,"location":"PlayerCamera.cpp:143","message":"Tick hit detection - component under cursor","data":{"component":"BatteryBase","hasTagCharge":false,"hasTagBattery":true},"runId":"debug1","hypothesisId":"H5"}
﻿{"id":"log_1777649503000","timestamp":1777649503000,"location":"PlayerCamera.cpp:143","message":"Tick hit detection - component under cursor","data":{"component":"BatteryBase","hasTagCharge":false,"hasTagBattery":true},"runId":"debug1","hypothesisId":"H5"}
﻿{"id":"log_1777649503000","timestamp":1777649503000,"location":"PlayerCamera.cpp:143","message":"Tick hit detection - component under cursor","data":{"component":"BatteryBase","hasTagCharge":false,"hasTagBattery":true},"runId":"debug1","hypothesisId":"H5"}
﻿{"id":"log_1777649503000","timestamp":1777649503000,"location":"PlayerCamera.cpp:143","message":"Tick hit detection - component under cursor","data":{"component":"BatteryBase","hasTagCharge":false,"hasTagBattery":true},"runId":"debug1","hypothesisId":"H5"}
﻿{"id":"log_1777649503000","timestamp":1777649503000,"location":"PlayerCamera.cpp:143","message":"Tick hit detection - component under cursor","data":{"component":"BatteryBase","hasTagCharge":false,"hasTagBattery":true},"runId":"debug1","hypothesisId":"H5"}
﻿{"id":"log_1777649503000","timestamp":1777649503000,"location":"PlayerCamera.cpp:143","message":"Tick hit detection - component under cursor","data":{"component":"BatteryBase","hasTagCharge":false,"hasTagBattery":true},"runId":"debug1","hypothesisId":"H5"}
﻿{"id":"log_1777649503000","timestamp":1777649503000,"location":"PlayerCamera.cpp:143","message":"Tick hit detection - component under cursor","data":{"component":"BatteryBase","hasTagCharge":false,"hasTagBattery":true},"runId":"debug1","hypothesisId":"H5"}
﻿{"id":"log_1777649503000","timestamp":1777649503000,"location":"PlayerCamera.cpp:143","message":"Tick hit detection - component under cursor","data":{"component":"BatteryBase","hasTagCharge":false,"hasTagBattery":true},"runId":"debug1","hypothesisId":"H5"}
﻿{"id":"log_1777649503000","timestamp":1777649503000,"location":"PlayerCamera.cpp:143","message":"Tick hit detection - component under cursor","data":{"component":"BatteryBase","hasTagCharge":false,"hasTagBattery":true},"runId":"debug1","hypothesisId":"H5"}
﻿{"id":"log_1777649503000","timestamp":1777649503000,"location":"PlayerCamera.cpp:143","message":"Tick hit detection - component under cursor","data":{"component":"BatteryBase","hasTagCharge":false,"hasTagBattery":true},"runId":"debug1","hypothesisId":"H5"}
﻿{"id":"log_1777649503000","timestamp":1777649503000,"location":"PlayerCamera.cpp:143","message":"Tick hit detection - component under cursor","data":{"component":"BatteryBase","hasTagCharge":false,"hasTagBattery":true},"runId":"debug1","hypothesisId":"H5"}
﻿{"id":"log_1777649503000","timestamp":1777649503000,"location":"PlayerCamera.cpp:143","message":"Tick hit detection - component under cursor","data":{"component":"BatteryBase","hasTagCharge":false,"hasTagBattery":true},"runId":"debug1","hypothesisId":"H5"}
﻿{"id":"log_1777649503000","timestamp":1777649503000,"location":"PlayerCamera.cpp:143","message":"Tick hit detection - component under cursor","data":{"component":"BatteryBase","hasTagCharge":false,"hasTagBattery":true},"runId":"debug1","hypothesisId":"H5"}
﻿{"id":"log_1777649503000","timestamp":1777649503000,"location":"PlayerCamera.cpp:143","message":"Tick hit detection - component under cursor","data":{"component":"BatteryBase","hasTagCharge":false,"hasTagBattery":true},"runId":"debug1","hypothesisId":"H5"}
﻿{"id":"log_1777649503000","timestamp":1777649503000,"location":"PlayerCamera.cpp:143","message":"Tick hit detection - component under cursor","data":{"component":"BatteryBase","hasTagCharge":false,"hasTagBattery":true},"runId":"debug1","hypothesisId":"H5"}
﻿{"id":"log_1777649504000","timestamp":1777649504000,"location":"PlayerCamera.cpp:143","message":"Tick hit detection - component under cursor","data":{"component":"BatteryBase","hasTagCharge":false,"hasTagBattery":true},"runId":"debug1","hypothesisId":"H5"}
﻿{"id":"log_1777649504000","timestamp":1777649504000,"location":"PlayerCamera.cpp:143","message":"Tick hit detection - component under cursor","data":{"component":"BatteryBase","hasTagCharge":false,"hasTagBattery":true},"runId":"debug1","hypothesisId":"H5"}
﻿{"id":"log_1777649504000","timestamp":1777649504000,"location":"PlayerCamera.cpp:143","message":"Tick hit detection - component under cursor","data":{"component":"BatteryBase","hasTagCharge":false,"hasTagBattery":true},"runId":"debug1","hypothesisId":"H5"}
﻿{"id":"log_1777649504000","timestamp":1777649504000,"location":"PlayerCamera.cpp:143","message":"Tick hit detection - component under cursor","data":{"component":"BatteryBase","hasTagCharge":false,"hasTagBattery":true},"runId":"debug1","hypothesisId":"H5"}
﻿{"id":"log_1777649504000","timestamp":1777649504000,"location":"PlayerCamera.cpp:143","message":"Tick hit detection - component under cursor","data":{"component":"BatteryBase","hasTagCharge":false,"hasTagBattery":true},"runId":"debug1","hypothesisId":"H5"}
﻿{"id":"log_1777649504000","timestamp":1777649504000,"location":"PlayerCamera.cpp:143","message":"Tick hit detection - component under cursor","data":{"component":"BatteryBase","hasTagCharge":false,"hasTagBattery":true},"runId":"debug1","hypothesisId":"H5"}
﻿{"id":"log_1777649504000","timestamp":1777649504000,"location":"PlayerCamera.cpp:143","message":"Tick hit detection - component under cursor","data":{"component":"BatteryBase","hasTagCharge":false,"hasTagBattery":true},"runId":"debug1","hypothesisId":"H5"}
﻿{"id":"log_1777649504000","timestamp":1777649504000,"location":"PlayerCamera.cpp:143","message":"Tick hit detection - component under cursor","data":{"component":"BatteryBase","hasTagCharge":false,"hasTagBattery":true},"runId":"debug1","hypothesisId":"H5"}
﻿{"id":"log_1777649504000","timestamp":1777649504000,"location":"PlayerCamera.cpp:143","message":"Tick hit detection - component under cursor","data":{"component":"BatteryBase","hasTagCharge":false,"hasTagBattery":true},"runId":"debug1","hypothesisId":"H5"}
﻿{"id":"log_1777649504000","timestamp":1777649504000,"location":"PlayerCamera.cpp:143","message":"Tick hit detection - component under cursor","data":{"component":"BatteryBase","hasTagCharge":false,"hasTagBattery":true},"runId":"debug1","hypothesisId":"H5"}
﻿{"id":"log_1777649504000","timestamp":1777649504000,"location":"PlayerCamera.cpp:143","message":"Tick hit detection - component under cursor","data":{"component":"BatteryBase","hasTagCharge":false,"hasTagBattery":true},"runId":"debug1","hypothesisId":"H5"}
﻿{"id":"log_1777649504000","timestamp":1777649504000,"location":"PlayerCamera.cpp:143","message":"Tick hit detection - component under cursor","data":{"component":"BatteryBase","hasTagCharge":false,"hasTagBattery":true},"runId":"debug1","hypothesisId":"H5"}
﻿{"id":"log_1777649504000","timestamp":1777649504000,"location":"PlayerCamera.cpp:143","message":"Tick hit detection - component under cursor","data":{"component":"BatteryBase","hasTagCharge":false,"hasTagBattery":true},"runId":"debug1","hypothesisId":"H5"}
﻿{"id":"log_1777649504000","timestamp":1777649504000,"location":"PlayerCamera.cpp:143","message":"Tick hit detection - component under cursor","data":{"component":"BatteryBase","hasTagCharge":false,"hasTagBattery":true},"runId":"debug1","hypothesisId":"H5"}
﻿{"id":"log_1777649504000","timestamp":1777649504000,"location":"PlayerCamera.cpp:143","message":"Tick hit detection - component under cursor","data":{"component":"BatteryBase","hasTagCharge":false,"hasTagBattery":true},"runId":"debug1","hypothesisId":"H5"}
﻿{"id":"log_1777649504000","timestamp":1777649504000,"location":"PlayerCamera.cpp:143","message":"Tick hit detection - component under cursor","data":{"component":"BatteryBase","hasTagCharge":false,"hasTagBattery":true},"runId":"debug1","hypothesisId":"H5"}
﻿{"id":"log_1777649504000","timestamp":1777649504000,"location":"PlayerCamera.cpp:143","message":"Tick hit detection - component under cursor","data":{"component":"BatteryBase","hasTagCharge":false,"hasTagBattery":true},"runId":"debug1","hypothesisId":"H5"}
﻿{"id":"log_1777649504000","timestamp":1777649504000,"location":"PlayerCamera.cpp:143","message":"Tick hit detection - component under cursor","data":{"component":"BatteryBase","hasTagCharge":false,"hasTagBattery":true},"runId":"debug1","hypothesisId":"H5"}
﻿{"id":"log_1777649504000","timestamp":1777649504000,"location":"PlayerCamera.cpp:143","message":"Tick hit detection - component under cursor","data":{"component":"BatteryBase","hasTagCharge":false,"hasTagBattery":true},"runId":"debug1","hypothesisId":"H5"}
﻿{"id":"log_1777649504000","timestamp":1777649504000,"location":"PlayerCamera.cpp:143","message":"Tick hit detection - component under cursor","data":{"component":"BatteryBase","hasTagCharge":false,"hasTagBattery":true},"runId":"debug1","hypothesisId":"H5"}
﻿{"id":"log_1777649504000","timestamp":1777649504000,"location":"PlayerCamera.cpp:143","message":"Tick hit detection - component under cursor","data":{"component":"BatteryBase","hasTagCharge":false,"hasTagBattery":true},"runId":"debug1","hypothesisId":"H5"}
﻿{"id":"log_1777649504000","timestamp":1777649504000,"location":"PlayerCamera.cpp:143","message":"Tick hit detection - component under cursor","data":{"component":"BatteryBase","hasTagCharge":false,"hasTagBattery":true},"runId":"debug1","hypothesisId":"H5"}
﻿{"id":"log_1777649504000","timestamp":1777649504000,"location":"PlayerCamera.cpp:143","message":"Tick hit detection - component under cursor","data":{"component":"BatteryBase","hasTagCharge":false,"hasTagBattery":true},"runId":"debug1","hypothesisId":"H5"}
﻿{"id":"log_1777649504000","timestamp":1777649504000,"location":"PlayerCamera.cpp:143","message":"Tick hit detection - component under cursor","data":{"component":"BatteryBase","hasTagCharge":false,"hasTagBattery":true},"runId":"debug1","hypothesisId":"H5"}
﻿{"id":"log_1777649504000","timestamp":1777649504000,"location":"PlayerCamera.cpp:143","message":"Tick hit detection - component under cursor","data":{"component":"BatteryBase","hasTagCharge":false,"hasTagBattery":true},"runId":"debug1","hypothesisId":"H5"}
﻿{"id":"log_1777649504000","timestamp":1777649504000,"location":"PlayerCamera.cpp:143","message":"Tick hit detection - component under cursor","data":{"component":"BatteryBase","hasTagCharge":false,"hasTagBattery":true},"runId":"debug1","hypothesisId":"H5"}
﻿{"id":"log_1777649504000","timestamp":1777649504000,"location":"PlayerCamera.cpp:143","message":"Tick hit detection - component under cursor","data":{"component":"BatteryBase","hasTagCharge":false,"hasTagBattery":true},"runId":"debug1","hypothesisId":"H5"}
﻿{"id":"log_1777649504000","timestamp":1777649504000,"location":"PlayerCamera.cpp:143","message":"Tick hit detection - component under cursor","data":{"component":"BatteryBase","hasTagCharge":false,"hasTagBattery":true},"runId":"debug1","hypothesisId":"H5"}
﻿{"id":"log_1777649504000","timestamp":1777649504000,"location":"PlayerCamera.cpp:143","message":"Tick hit detection - component under cursor","data":{"component":"BatteryBase","hasTagCharge":false,"hasTagBattery":true},"runId":"debug1","hypothesisId":"H5"}
﻿{"id":"log_1777649504000","timestamp":1777649504000,"location":"PlayerCamera.cpp:143","message":"Tick hit detection - component under cursor","data":{"component":"BatteryBase","hasTagCharge":false,"hasTagBattery":true},"runId":"debug1","hypothesisId":"H5"}
﻿{"id":"log_1777649504000","timestamp":1777649504000,"location":"PlayerCamera.cpp:143","message":"Tick hit detection - component under cursor","data":{"component":"BatteryBase","hasTagCharge":false,"hasTagBattery":true},"runId":"debug1","hypothesisId":"H5"}
﻿{"id":"log_1777649504000","timestamp":1777649504000,"location":"PlayerCamera.cpp:143","message":"Tick hit detection - component under cursor","data":{"component":"BatteryBase","hasTagCharge":false,"hasTagBattery":true},"runId":"debug1","hypothesisId":"H5"}
﻿{"id":"log_1777649504000","timestamp":1777649504000,"location":"PlayerCamera.cpp:143","message":"Tick hit detection - component under cursor","data":{"component":"BatteryBase","hasTagCharge":false,"hasTagBattery":true},"runId":"debug1","hypothesisId":"H5"}
﻿{"id":"log_1777649504000","timestamp":1777649504000,"location":"PlayerCamera.cpp:143","message":"Tick hit detection - component under cursor","data":{"component":"BatteryBase","hasTagCharge":false,"hasTagBattery":true},"runId":"debug1","hypothesisId":"H5"}
﻿{"id":"log_1777649504000","timestamp":1777649504000,"location":"PlayerCamera.cpp:143","message":"Tick hit detection - component under cursor","data":{"component":"BatteryBase","hasTagCharge":false,"hasTagBattery":true},"runId":"debug1","hypothesisId":"H5"}
﻿{"id":"log_1777649504000","timestamp":1777649504000,"location":"PlayerCamera.cpp:143","message":"Tick hit detection - component under cursor","data":{"component":"BatteryBase","hasTagCharge":false,"hasTagBattery":true},"runId":"debug1","hypothesisId":"H5"}
﻿{"id":"log_1777649504000","timestamp":1777649504000,"location":"PlayerCamera.cpp:143","message":"Tick hit detection - component under cursor","data":{"component":"BatteryBase","hasTagCharge":false,"hasTagBattery":true},"runId":"debug1","hypothesisId":"H5"}
﻿{"id":"log_1777649504000","timestamp":1777649504000,"location":"PlayerCamera.cpp:143","message":"Tick hit detection - component under cursor","data":{"component":"BatteryBase","hasTagCharge":false,"hasTagBattery":true},"runId":"debug1","hypothesisId":"H5"}
﻿{"id":"log_1777649504000","timestamp":1777649504000,"location":"PlayerCamera.cpp:143","message":"Tick hit detection - component under cursor","data":{"component":"BatteryBase","hasTagCharge":false,"hasTagBattery":true},"runId":"debug1","hypothesisId":"H5"}
﻿{"id":"log_1777649504000","timestamp":1777649504000,"location":"PlayerCamera.cpp:143","message":"Tick hit detection - component under cursor","data":{"component":"BatteryBase","hasTagCharge":false,"hasTagBattery":true},"runId":"debug1","hypothesisId":"H5"}
﻿{"id":"log_1777649504000","timestamp":1777649504000,"location":"PlayerCamera.cpp:143","message":"Tick hit detection - component under cursor","data":{"component":"BatteryBase","hasTagCharge":false,"hasTagBattery":true},"runId":"debug1","hypothesisId":"H5"}
﻿{"id":"log_1777649504000","timestamp":1777649504000,"location":"PlayerCamera.cpp:143","message":"Tick hit detection - component under cursor","data":{"component":"BatteryBase","hasTagCharge":false,"hasTagBattery":true},"runId":"debug1","hypothesisId":"H5"}
﻿{"id":"log_1777649504000","timestamp":1777649504000,"location":"PlayerCamera.cpp:143","message":"Tick hit detection - component under cursor","data":{"component":"BatteryBase","hasTagCharge":false,"hasTagBattery":true},"runId":"debug1","hypothesisId":"H5"}
﻿{"id":"log_1777649504000","timestamp":1777649504000,"location":"PlayerCamera.cpp:143","message":"Tick hit detection - component under cursor","data":{"component":"BatteryBase","hasTagCharge":false,"hasTagBattery":true},"runId":"debug1","hypothesisId":"H5"}
﻿{"id":"log_1777649504000","timestamp":1777649504000,"location":"PlayerCamera.cpp:143","message":"Tick hit detection - component under cursor","data":{"component":"BatteryBase","hasTagCharge":false,"hasTagBattery":true},"runId":"debug1","hypothesisId":"H5"}
﻿{"id":"log_1777649504000","timestamp":1777649504000,"location":"PlayerCamera.cpp:143","message":"Tick hit detection - component under cursor","data":{"component":"BatteryBase","hasTagCharge":false,"hasTagBattery":true},"runId":"debug1","hypothesisId":"H5"}
﻿{"id":"log_1777649504000","timestamp":1777649504000,"location":"PlayerCamera.cpp:143","message":"Tick hit detection - component under cursor","data":{"component":"BatteryBase","hasTagCharge":false,"hasTagBattery":true},"runId":"debug1","hypothesisId":"H5"}
﻿{"id":"log_1777649504000","timestamp":1777649504000,"location":"PlayerCamera.cpp:143","message":"Tick hit detection - component under cursor","data":{"component":"BatteryBase","hasTagCharge":false,"hasTagBattery":true},"runId":"debug1","hypothesisId":"H5"}
﻿{"id":"log_1777649504000","timestamp":1777649504000,"location":"PlayerCamera.cpp:143","message":"Tick hit detection - component under cursor","data":{"component":"BatteryBase","hasTagCharge":false,"hasTagBattery":true},"runId":"debug1","hypothesisId":"H5"}
﻿{"id":"log_1777649504000","timestamp":1777649504000,"location":"PlayerCamera.cpp:143","message":"Tick hit detection - component under cursor","data":{"component":"BatteryBase","hasTagCharge":false,"hasTagBattery":true},"runId":"debug1","hypothesisId":"H5"}
﻿{"id":"log_1777649504000","timestamp":1777649504000,"location":"PlayerCamera.cpp:143","message":"Tick hit detection - component under cursor","data":{"component":"BatteryBase","hasTagCharge":false,"hasTagBattery":true},"runId":"debug1","hypothesisId":"H5"}
﻿{"id":"log_1777649504000","timestamp":1777649504000,"location":"PlayerCamera.cpp:143","message":"Tick hit detection - component under cursor","data":{"component":"BatteryBase","hasTagCharge":false,"hasTagBattery":true},"runId":"debug1","hypothesisId":"H5"}
﻿{"id":"log_1777649504000","timestamp":1777649504000,"location":"PlayerCamera.cpp:143","message":"Tick hit detection - component under cursor","data":{"component":"BatteryBase","hasTagCharge":false,"hasTagBattery":true},"runId":"debug1","hypothesisId":"H5"}
﻿{"id":"log_1777649504000","timestamp":1777649504000,"location":"PlayerCamera.cpp:143","message":"Tick hit detection - component under cursor","data":{"component":"BatteryBase","hasTagCharge":false,"hasTagBattery":true},"runId":"debug1","hypothesisId":"H5"}
﻿{"id":"log_1777649504000","timestamp":1777649504000,"location":"PlayerCamera.cpp:143","message":"Tick hit detection - component under cursor","data":{"component":"BatteryBase","hasTagCharge":false,"hasTagBattery":true},"runId":"debug1","hypothesisId":"H5"}
﻿{"id":"log_1777649504000","timestamp":1777649504000,"location":"PlayerCamera.cpp:143","message":"Tick hit detection - component under cursor","data":{"component":"BatteryBase","hasTagCharge":false,"hasTagBattery":true},"runId":"debug1","hypothesisId":"H5"}
﻿{"id":"log_1777649504000","timestamp":1777649504000,"location":"PlayerCamera.cpp:143","message":"Tick hit detection - component under cursor","data":{"component":"BatteryBase","hasTagCharge":false,"hasTagBattery":true},"runId":"debug1","hypothesisId":"H5"}
﻿{"id":"log_1777649504000","timestamp":1777649504000,"location":"PlayerCamera.cpp:143","message":"Tick hit detection - component under cursor","data":{"component":"BatteryBase","hasTagCharge":false,"hasTagBattery":true},"runId":"debug1","hypothesisId":"H5"}
﻿{"id":"log_1777649504000","timestamp":1777649504000,"location":"PlayerCamera.cpp:143","message":"Tick hit detection - component under cursor","data":{"component":"BatteryBase","hasTagCharge":false,"hasTagBattery":true},"runId":"debug1","hypothesisId":"H5"}
﻿{"id":"log_1777649504000","timestamp":1777649504000,"location":"PlayerCamera.cpp:143","message":"Tick hit detection - component under cursor","data":{"component":"BatteryBase","hasTagCharge":false,"hasTagBattery":true},"runId":"debug1","hypothesisId":"H5"}
﻿{"id":"log_1777649505000","timestamp":1777649505000,"location":"PlayerCamera.cpp:143","message":"Tick hit detection - component under cursor","data":{"component":"BatteryBase","hasTagCharge":false,"hasTagBattery":true},"runId":"debug1","hypothesisId":"H5"}
﻿{"id":"log_1777649505000","timestamp":1777649505000,"location":"PlayerCamera.cpp:143","message":"Tick hit detection - component under cursor","data":{"component":"BatteryBase","hasTagCharge":false,"hasTagBattery":true},"runId":"debug1","hypothesisId":"H5"}
﻿{"id":"log_1777649505000","timestamp":1777649505000,"location":"PlayerCamera.cpp:143","message":"Tick hit detection - component under cursor","data":{"component":"BatteryBase","hasTagCharge":false,"hasTagBattery":true},"runId":"debug1","hypothesisId":"H5"}
﻿{"id":"log_1777649505000","timestamp":1777649505000,"location":"PlayerCamera.cpp:143","message":"Tick hit detection - component under cursor","data":{"component":"BatteryBase","hasTagCharge":false,"hasTagBattery":true},"runId":"debug1","hypothesisId":"H5"}
﻿{"id":"log_1777649505000","timestamp":1777649505000,"location":"PlayerCamera.cpp:143","message":"Tick hit detection - component under cursor","data":{"component":"BatteryBase","hasTagCharge":false,"hasTagBattery":true},"runId":"debug1","hypothesisId":"H5"}
﻿{"id":"log_1777649505000","timestamp":1777649505000,"location":"PlayerCamera.cpp:143","message":"Tick hit detection - component under cursor","data":{"component":"BatteryBase","hasTagCharge":false,"hasTagBattery":true},"runId":"debug1","hypothesisId":"H5"}
﻿{"id":"log_1777649505000","timestamp":1777649505000,"location":"PlayerCamera.cpp:143","message":"Tick hit detection - component under cursor","data":{"component":"BatteryBase","hasTagCharge":false,"hasTagBattery":true},"runId":"debug1","hypothesisId":"H5"}
﻿{"id":"log_1777649505000","timestamp":1777649505000,"location":"PlayerCamera.cpp:143","message":"Tick hit detection - component under cursor","data":{"component":"BatteryBase","hasTagCharge":false,"hasTagBattery":true},"runId":"debug1","hypothesisId":"H5"}
﻿{"id":"log_1777649505000","timestamp":1777649505000,"location":"PlayerCamera.cpp:143","message":"Tick hit detection - component under cursor","data":{"component":"BatteryBase","hasTagCharge":false,"hasTagBattery":true},"runId":"debug1","hypothesisId":"H5"}
﻿{"id":"log_1777649505000","timestamp":1777649505000,"location":"PlayerCamera.cpp:143","message":"Tick hit detection - component under cursor","data":{"component":"BatteryBase","hasTagCharge":false,"hasTagBattery":true},"runId":"debug1","hypothesisId":"H5"}
﻿{"id":"log_1777649505000","timestamp":1777649505000,"location":"PlayerCamera.cpp:143","message":"Tick hit detection - component under cursor","data":{"component":"BatteryBase","hasTagCharge":false,"hasTagBattery":true},"runId":"debug1","hypothesisId":"H5"}
﻿{"id":"log_1777649505000","timestamp":1777649505000,"location":"PlayerCamera.cpp:143","message":"Tick hit detection - component under cursor","data":{"component":"BatteryBase","hasTagCharge":false,"hasTagBattery":true},"runId":"debug1","hypothesisId":"H5"}
﻿{"id":"log_1777649505000","timestamp":1777649505000,"location":"PlayerCamera.cpp:143","message":"Tick hit detection - component under cursor","data":{"component":"BatteryBase","hasTagCharge":false,"hasTagBattery":true},"runId":"debug1","hypothesisId":"H5"}
﻿{"id":"log_1777649505000","timestamp":1777649505000,"location":"PlayerCamera.cpp:143","message":"Tick hit detection - component under cursor","data":{"component":"BatteryBase","hasTagCharge":false,"hasTagBattery":true},"runId":"debug1","hypothesisId":"H5"}
﻿{"id":"log_1777649505000","timestamp":1777649505000,"location":"PlayerCamera.cpp:143","message":"Tick hit detection - component under cursor","data":{"component":"BatteryBase","hasTagCharge":false,"hasTagBattery":true},"runId":"debug1","hypothesisId":"H5"}
﻿{"id":"log_1777649505000","timestamp":1777649505000,"location":"PlayerCamera.cpp:143","message":"Tick hit detection - component under cursor","data":{"component":"BatteryBase","hasTagCharge":false,"hasTagBattery":true},"runId":"debug1","hypothesisId":"H5"}
﻿{"id":"log_1777649505000","timestamp":1777649505000,"location":"PlayerCamera.cpp:143","message":"Tick hit detection - component under cursor","data":{"component":"BatteryBase","hasTagCharge":false,"hasTagBattery":true},"runId":"debug1","hypothesisId":"H5"}
﻿{"id":"log_1777649505000","timestamp":1777649505000,"location":"PlayerCamera.cpp:143","message":"Tick hit detection - component under cursor","data":{"component":"BatteryBase","hasTagCharge":false,"hasTagBattery":true},"runId":"debug1","hypothesisId":"H5"}
﻿{"id":"log_1777649505000","timestamp":1777649505000,"location":"PlayerCamera.cpp:143","message":"Tick hit detection - component under cursor","data":{"component":"BatteryBase","hasTagCharge":false,"hasTagBattery":true},"runId":"debug1","hypothesisId":"H5"}
﻿{"id":"log_1777649505000","timestamp":1777649505000,"location":"PlayerCamera.cpp:143","message":"Tick hit detection - component under cursor","data":{"component":"BatteryBase","hasTagCharge":false,"hasTagBattery":true},"runId":"debug1","hypothesisId":"H5"}
﻿{"id":"log_1777649505000","timestamp":1777649505000,"location":"PlayerCamera.cpp:143","message":"Tick hit detection - component under cursor","data":{"component":"BatteryBase","hasTagCharge":false,"hasTagBattery":true},"runId":"debug1","hypothesisId":"H5"}
﻿{"id":"log_1777649505000","timestamp":1777649505000,"location":"PlayerCamera.cpp:143","message":"Tick hit detection - component under cursor","data":{"component":"BatteryBase","hasTagCharge":false,"hasTagBattery":true},"runId":"debug1","hypothesisId":"H5"}
﻿{"id":"log_1777649505000","timestamp":1777649505000,"location":"PlayerCamera.cpp:143","message":"Tick hit detection - component under cursor","data":{"component":"BatteryBase","hasTagCharge":false,"hasTagBattery":true},"runId":"debug1","hypothesisId":"H5"}
﻿{"id":"log_1777649505000","timestamp":1777649505000,"location":"PlayerCamera.cpp:143","message":"Tick hit detection - component under cursor","data":{"component":"BatteryBase","hasTagCharge":false,"hasTagBattery":true},"runId":"debug1","hypothesisId":"H5"}
﻿{"id":"log_1777649505000","timestamp":1777649505000,"location":"PlayerCamera.cpp:143","message":"Tick hit detection - component under cursor","data":{"component":"BatteryBase","hasTagCharge":false,"hasTagBattery":true},"runId":"debug1","hypothesisId":"H5"}
﻿{"id":"log_1777649505000","timestamp":1777649505000,"location":"PlayerCamera.cpp:143","message":"Tick hit detection - component under cursor","data":{"component":"BatteryBase","hasTagCharge":false,"hasTagBattery":true},"runId":"debug1","hypothesisId":"H5"}
﻿{"id":"log_1777649505000","timestamp":1777649505000,"location":"PlayerCamera.cpp:143","message":"Tick hit detection - component under cursor","data":{"component":"BatteryBase","hasTagCharge":false,"hasTagBattery":true},"runId":"debug1","hypothesisId":"H5"}
﻿{"id":"log_1777649505000","timestamp":1777649505000,"location":"PlayerCamera.cpp:143","message":"Tick hit detection - component under cursor","data":{"component":"BatteryBase","hasTagCharge":false,"hasTagBattery":true},"runId":"debug1","hypothesisId":"H5"}
﻿{"id":"log_1777649505000","timestamp":1777649505000,"location":"PlayerCamera.cpp:143","message":"Tick hit detection - component under cursor","data":{"component":"BatteryBase","hasTagCharge":false,"hasTagBattery":true},"runId":"debug1","hypothesisId":"H5"}
﻿{"id":"log_1777649505000","timestamp":1777649505000,"location":"PlayerCamera.cpp:143","message":"Tick hit detection - component under cursor","data":{"component":"BatteryBase","hasTagCharge":false,"hasTagBattery":true},"runId":"debug1","hypothesisId":"H5"}
﻿{"id":"log_1777649505000","timestamp":1777649505000,"location":"PlayerCamera.cpp:143","message":"Tick hit detection - component under cursor","data":{"component":"BatteryBase","hasTagCharge":false,"hasTagBattery":true},"runId":"debug1","hypothesisId":"H5"}
﻿{"id":"log_1777649505000","timestamp":1777649505000,"location":"PlayerCamera.cpp:143","message":"Tick hit detection - component under cursor","data":{"component":"BatteryBase","hasTagCharge":false,"hasTagBattery":true},"runId":"debug1","hypothesisId":"H5"}
﻿{"id":"log_1777649505000","timestamp":1777649505000,"location":"PlayerCamera.cpp:143","message":"Tick hit detection - component under cursor","data":{"component":"BatteryBase","hasTagCharge":false,"hasTagBattery":true},"runId":"debug1","hypothesisId":"H5"}
﻿{"id":"log_1777649505000","timestamp":1777649505000,"location":"PlayerCamera.cpp:143","message":"Tick hit detection - component under cursor","data":{"component":"BatteryBase","hasTagCharge":false,"hasTagBattery":true},"runId":"debug1","hypothesisId":"H5"}
﻿{"id":"log_1777649505000","timestamp":1777649505000,"location":"PlayerCamera.cpp:143","message":"Tick hit detection - component under cursor","data":{"component":"BatteryBase","hasTagCharge":false,"hasTagBattery":true},"runId":"debug1","hypothesisId":"H5"}
﻿{"id":"log_1777649505000","timestamp":1777649505000,"location":"PlayerCamera.cpp:143","message":"Tick hit detection - component under cursor","data":{"component":"BatteryBase","hasTagCharge":false,"hasTagBattery":true},"runId":"debug1","hypothesisId":"H5"}
﻿{"id":"log_1777649505000","timestamp":1777649505000,"location":"PlayerCamera.cpp:143","message":"Tick hit detection - component under cursor","data":{"component":"BatteryBase","hasTagCharge":false,"hasTagBattery":true},"runId":"debug1","hypothesisId":"H5"}
﻿{"id":"log_1777649505000","timestamp":1777649505000,"location":"PlayerCamera.cpp:143","message":"Tick hit detection - component under cursor","data":{"component":"BatteryBase","hasTagCharge":false,"hasTagBattery":true},"runId":"debug1","hypothesisId":"H5"}
﻿{"id":"log_1777649505000","timestamp":1777649505000,"location":"PlayerCamera.cpp:143","message":"Tick hit detection - component under cursor","data":{"component":"BatteryBase","hasTagCharge":false,"hasTagBattery":true},"runId":"debug1","hypothesisId":"H5"}
﻿{"id":"log_1777649505000","timestamp":1777649505000,"location":"PlayerCamera.cpp:143","message":"Tick hit detection - component under cursor","data":{"component":"BatteryBase","hasTagCharge":false,"hasTagBattery":true},"runId":"debug1","hypothesisId":"H5"}
﻿{"id":"log_1777649505000","timestamp":1777649505000,"location":"PlayerCamera.cpp:143","message":"Tick hit detection - component under cursor","data":{"component":"BatteryBase","hasTagCharge":false,"hasTagBattery":true},"runId":"debug1","hypothesisId":"H5"}
﻿{"id":"log_1777649505000","timestamp":1777649505000,"location":"PlayerCamera.cpp:143","message":"Tick hit detection - component under cursor","data":{"component":"BatteryBase","hasTagCharge":false,"hasTagBattery":true},"runId":"debug1","hypothesisId":"H5"}
﻿{"id":"log_1777649505000","timestamp":1777649505000,"location":"PlayerCamera.cpp:143","message":"Tick hit detection - component under cursor","data":{"component":"BatteryBase","hasTagCharge":false,"hasTagBattery":true},"runId":"debug1","hypothesisId":"H5"}
﻿{"id":"log_1777649505000","timestamp":1777649505000,"location":"PlayerCamera.cpp:143","message":"Tick hit detection - component under cursor","data":{"component":"BatteryBase","hasTagCharge":false,"hasTagBattery":true},"runId":"debug1","hypothesisId":"H5"}
﻿{"id":"log_1777649505000","timestamp":1777649505000,"location":"PlayerCamera.cpp:143","message":"Tick hit detection - component under cursor","data":{"component":"BatteryBase","hasTagCharge":false,"hasTagBattery":true},"runId":"debug1","hypothesisId":"H5"}
﻿{"id":"log_1777649505000","timestamp":1777649505000,"location":"PlayerCamera.cpp:143","message":"Tick hit detection - component under cursor","data":{"component":"BatteryBase","hasTagCharge":false,"hasTagBattery":true},"runId":"debug1","hypothesisId":"H5"}
﻿{"id":"log_1777649505000","timestamp":1777649505000,"location":"PlayerCamera.cpp:143","message":"Tick hit detection - component under cursor","data":{"component":"BatteryBase","hasTagCharge":false,"hasTagBattery":true},"runId":"debug1","hypothesisId":"H5"}
﻿{"id":"log_1777649505000","timestamp":1777649505000,"location":"PlayerCamera.cpp:143","message":"Tick hit detection - component under cursor","data":{"component":"BatteryBase","hasTagCharge":false,"hasTagBattery":true},"runId":"debug1","hypothesisId":"H5"}
﻿{"id":"log_1777649505000","timestamp":1777649505000,"location":"PlayerCamera.cpp:143","message":"Tick hit detection - component under cursor","data":{"component":"BatteryBase","hasTagCharge":false,"hasTagBattery":true},"runId":"debug1","hypothesisId":"H5"}
﻿{"id":"log_1777649505000","timestamp":1777649505000,"location":"PlayerCamera.cpp:143","message":"Tick hit detection - component under cursor","data":{"component":"BatteryBase","hasTagCharge":false,"hasTagBattery":true},"runId":"debug1","hypothesisId":"H5"}
﻿{"id":"log_1777649505000","timestamp":1777649505000,"location":"PlayerCamera.cpp:143","message":"Tick hit detection - component under cursor","data":{"component":"BatteryBase","hasTagCharge":false,"hasTagBattery":true},"runId":"debug1","hypothesisId":"H5"}
﻿{"id":"log_1777649505000","timestamp":1777649505000,"location":"PlayerCamera.cpp:143","message":"Tick hit detection - component under cursor","data":{"component":"BatteryBase","hasTagCharge":false,"hasTagBattery":true},"runId":"debug1","hypothesisId":"H5"}
﻿{"id":"log_1777649505000","timestamp":1777649505000,"location":"PlayerCamera.cpp:143","message":"Tick hit detection - component under cursor","data":{"component":"BatteryBase","hasTagCharge":false,"hasTagBattery":true},"runId":"debug1","hypothesisId":"H5"}
﻿{"id":"log_1777649505000","timestamp":1777649505000,"location":"PlayerCamera.cpp:143","message":"Tick hit detection - component under cursor","data":{"component":"BatteryBase","hasTagCharge":false,"hasTagBattery":true},"runId":"debug1","hypothesisId":"H5"}
﻿{"id":"log_1777649505000","timestamp":1777649505000,"location":"PlayerCamera.cpp:143","message":"Tick hit detection - component under cursor","data":{"component":"BatteryBase","hasTagCharge":false,"hasTagBattery":true},"runId":"debug1","hypothesisId":"H5"}
﻿{"id":"log_1777649505000","timestamp":1777649505000,"location":"PlayerCamera.cpp:143","message":"Tick hit detection - component under cursor","data":{"component":"BatteryBase","hasTagCharge":false,"hasTagBattery":true},"runId":"debug1","hypothesisId":"H5"}
﻿{"id":"log_1777649505000","timestamp":1777649505000,"location":"PlayerCamera.cpp:143","message":"Tick hit detection - component under cursor","data":{"component":"BatteryBase","hasTagCharge":false,"hasTagBattery":true},"runId":"debug1","hypothesisId":"H5"}
﻿{"id":"log_1777649505000","timestamp":1777649505000,"location":"PlayerCamera.cpp:143","message":"Tick hit detection - component under cursor","data":{"component":"BatteryBase","hasTagCharge":false,"hasTagBattery":true},"runId":"debug1","hypothesisId":"H5"}
﻿{"id":"log_1777649505000","timestamp":1777649505000,"location":"PlayerCamera.cpp:143","message":"Tick hit detection - component under cursor","data":{"component":"BatteryBase","hasTagCharge":false,"hasTagBattery":true},"runId":"debug1","hypothesisId":"H5"}
﻿{"id":"log_1777649505000","timestamp":1777649505000,"location":"PlayerCamera.cpp:143","message":"Tick hit detection - component under cursor","data":{"component":"BatteryBase","hasTagCharge":false,"hasTagBattery":true},"runId":"debug1","hypothesisId":"H5"}
﻿{"id":"log_1777649506000","timestamp":1777649506000,"location":"PlayerCamera.cpp:143","message":"Tick hit detection - component under cursor","data":{"component":"BatteryBase","hasTagCharge":false,"hasTagBattery":true},"runId":"debug1","hypothesisId":"H5"}
﻿{"id":"log_1777649506000","timestamp":1777649506000,"location":"PlayerCamera.cpp:143","message":"Tick hit detection - component under cursor","data":{"component":"BatteryBase","hasTagCharge":false,"hasTagBattery":true},"runId":"debug1","hypothesisId":"H5"}
﻿{"id":"log_1777649506000","timestamp":1777649506000,"location":"PlayerCamera.cpp:143","message":"Tick hit detection - component under cursor","data":{"component":"BatteryBase","hasTagCharge":false,"hasTagBattery":true},"runId":"debug1","hypothesisId":"H5"}
﻿{"id":"log_1777649506000","timestamp":1777649506000,"location":"PlayerCamera.cpp:143","message":"Tick hit detection - component under cursor","data":{"component":"BatteryBase","hasTagCharge":false,"hasTagBattery":true},"runId":"debug1","hypothesisId":"H5"}
﻿{"id":"log_1777649506000","timestamp":1777649506000,"location":"PlayerCamera.cpp:143","message":"Tick hit detection - component under cursor","data":{"component":"BatteryBase","hasTagCharge":false,"hasTagBattery":true},"runId":"debug1","hypothesisId":"H5"}
﻿{"id":"log_1777649506000","timestamp":1777649506000,"location":"PlayerCamera.cpp:143","message":"Tick hit detection - component under cursor","data":{"component":"BatteryBase","hasTagCharge":false,"hasTagBattery":true},"runId":"debug1","hypothesisId":"H5"}
﻿{"id":"log_1777649506000","timestamp":1777649506000,"location":"PlayerCamera.cpp:143","message":"Tick hit detection - component under cursor","data":{"component":"BatteryBase","hasTagCharge":false,"hasTagBattery":true},"runId":"debug1","hypothesisId":"H5"}
﻿{"id":"log_1777649506000","timestamp":1777649506000,"location":"PlayerCamera.cpp:143","message":"Tick hit detection - component under cursor","data":{"component":"BatteryBase","hasTagCharge":false,"hasTagBattery":true},"runId":"debug1","hypothesisId":"H5"}
﻿{"id":"log_1777649506000","timestamp":1777649506000,"location":"PlayerCamera.cpp:143","message":"Tick hit detection - component under cursor","data":{"component":"BatteryBase","hasTagCharge":false,"hasTagBattery":true},"runId":"debug1","hypothesisId":"H5"}
﻿{"id":"log_1777649506000","timestamp":1777649506000,"location":"PlayerCamera.cpp:143","message":"Tick hit detection - component under cursor","data":{"component":"BatteryBase","hasTagCharge":false,"hasTagBattery":true},"runId":"debug1","hypothesisId":"H5"}
﻿{"id":"log_1777649506000","timestamp":1777649506000,"location":"PlayerCamera.cpp:143","message":"Tick hit detection - component under cursor","data":{"component":"BatteryBase","hasTagCharge":false,"hasTagBattery":true},"runId":"debug1","hypothesisId":"H5"}
﻿{"id":"log_1777649506000","timestamp":1777649506000,"location":"PlayerCamera.cpp:143","message":"Tick hit detection - component under cursor","data":{"component":"BatteryBase","hasTagCharge":false,"hasTagBattery":true},"runId":"debug1","hypothesisId":"H5"}
﻿{"id":"log_1777649506000","timestamp":1777649506000,"location":"PlayerCamera.cpp:143","message":"Tick hit detection - component under cursor","data":{"component":"BatteryBase","hasTagCharge":false,"hasTagBattery":true},"runId":"debug1","hypothesisId":"H5"}
﻿{"id":"log_1777649506000","timestamp":1777649506000,"location":"PlayerCamera.cpp:143","message":"Tick hit detection - component under cursor","data":{"component":"BatteryBase","hasTagCharge":false,"hasTagBattery":true},"runId":"debug1","hypothesisId":"H5"}
﻿{"id":"log_1777649506000","timestamp":1777649506000,"location":"PlayerCamera.cpp:143","message":"Tick hit detection - component under cursor","data":{"component":"BatteryBase","hasTagCharge":false,"hasTagBattery":true},"runId":"debug1","hypothesisId":"H5"}
﻿{"id":"log_1777649506000","timestamp":1777649506000,"location":"PlayerCamera.cpp:143","message":"Tick hit detection - component under cursor","data":{"component":"BatteryBase","hasTagCharge":false,"hasTagBattery":true},"runId":"debug1","hypothesisId":"H5"}
﻿{"id":"log_1777649506000","timestamp":1777649506000,"location":"PlayerCamera.cpp:143","message":"Tick hit detection - component under cursor","data":{"component":"BatteryBase","hasTagCharge":false,"hasTagBattery":true},"runId":"debug1","hypothesisId":"H5"}
﻿{"id":"log_1777649506000","timestamp":1777649506000,"location":"PlayerCamera.cpp:143","message":"Tick hit detection - component under cursor","data":{"component":"BatteryBase","hasTagCharge":false,"hasTagBattery":true},"runId":"debug1","hypothesisId":"H5"}
﻿{"id":"log_1777649506000","timestamp":1777649506000,"location":"PlayerCamera.cpp:190","message":"InteractInput triggered via EnhancedInput (hypothesis H2: enhanced-input-conflict)","data":{"action":"Started"},"runId":"debug1","hypothesisId":"H2"}
﻿{"id":"log_1777649506000","timestamp":1777649506000,"location":"PlayerCamera.cpp:143","message":"Tick hit detection - component under cursor","data":{"component":"BatterySlot_0","hasTagCharge":false,"hasTagBattery":false},"runId":"debug1","hypothesisId":"H5"}
﻿{"id":"log_1777649506000","timestamp":1777649506000,"location":"PlayerCamera.cpp:143","message":"Tick hit detection - component under cursor","data":{"component":"BatterySlot_0","hasTagCharge":false,"hasTagBattery":false},"runId":"debug1","hypothesisId":"H5"}
﻿{"id":"log_1777649506000","timestamp":1777649506000,"location":"PlayerCamera.cpp:143","message":"Tick hit detection - component under cursor","data":{"component":"BatterySlot_0","hasTagCharge":false,"hasTagBattery":false},"runId":"debug1","hypothesisId":"H5"}
﻿{"id":"log_1777649506000","timestamp":1777649506000,"location":"PlayerCamera.cpp:143","message":"Tick hit detection - component under cursor","data":{"component":"BatterySlot_0","hasTagCharge":false,"hasTagBattery":false},"runId":"debug1","hypothesisId":"H5"}
﻿{"id":"log_1777649506000","timestamp":1777649506000,"location":"PlayerCamera.cpp:143","message":"Tick hit detection - component under cursor","data":{"component":"BatterySlot_0","hasTagCharge":false,"hasTagBattery":false},"runId":"debug1","hypothesisId":"H5"}
﻿{"id":"log_1777649506000","timestamp":1777649506000,"location":"PlayerCamera.cpp:143","message":"Tick hit detection - component under cursor","data":{"component":"BatterySlot_0","hasTagCharge":false,"hasTagBattery":false},"runId":"debug1","hypothesisId":"H5"}
﻿{"id":"log_1777649506000","timestamp":1777649506000,"location":"PlayerCamera.cpp:143","message":"Tick hit detection - component under cursor","data":{"component":"BatterySlot_0","hasTagCharge":false,"hasTagBattery":false},"runId":"debug1","hypothesisId":"H5"}
﻿{"id":"log_1777649506000","timestamp":1777649506000,"location":"PlayerCamera.cpp:143","message":"Tick hit detection - component under cursor","data":{"component":"BatterySlot_0","hasTagCharge":false,"hasTagBattery":false},"runId":"debug1","hypothesisId":"H5"}
﻿{"id":"log_1777649506000","timestamp":1777649506000,"location":"PlayerCamera.cpp:143","message":"Tick hit detection - component under cursor","data":{"component":"BatterySlot_0","hasTagCharge":false,"hasTagBattery":false},"runId":"debug1","hypothesisId":"H5"}
﻿{"id":"log_1777649506000","timestamp":1777649506000,"location":"PlayerCamera.cpp:143","message":"Tick hit detection - component under cursor","data":{"component":"BatterySlot_0","hasTagCharge":false,"hasTagBattery":false},"runId":"debug1","hypothesisId":"H5"}
﻿{"id":"log_1777649506000","timestamp":1777649506000,"location":"PlayerCamera.cpp:143","message":"Tick hit detection - component under cursor","data":{"component":"BatterySlot_0","hasTagCharge":false,"hasTagBattery":false},"runId":"debug1","hypothesisId":"H5"}
﻿{"id":"log_1777649506000","timestamp":1777649506000,"location":"PlayerCamera.cpp:143","message":"Tick hit detection - component under cursor","data":{"component":"BatterySlot_0","hasTagCharge":false,"hasTagBattery":false},"runId":"debug1","hypothesisId":"H5"}
﻿{"id":"log_1777649506000","timestamp":1777649506000,"location":"PlayerCamera.cpp:143","message":"Tick hit detection - component under cursor","data":{"component":"BatterySlot_0","hasTagCharge":false,"hasTagBattery":false},"runId":"debug1","hypothesisId":"H5"}
﻿{"id":"log_1777649506000","timestamp":1777649506000,"location":"PlayerCamera.cpp:143","message":"Tick hit detection - component under cursor","data":{"component":"BatterySlot_0","hasTagCharge":false,"hasTagBattery":false},"runId":"debug1","hypothesisId":"H5"}
﻿{"id":"log_1777649506000","timestamp":1777649506000,"location":"PlayerCamera.cpp:143","message":"Tick hit detection - component under cursor","data":{"component":"BatterySlot_0","hasTagCharge":false,"hasTagBattery":false},"runId":"debug1","hypothesisId":"H5"}
﻿{"id":"log_1777649506000","timestamp":1777649506000,"location":"PlayerCamera.cpp:143","message":"Tick hit detection - component under cursor","data":{"component":"BatterySlot_0","hasTagCharge":false,"hasTagBattery":false},"runId":"debug1","hypothesisId":"H5"}
﻿{"id":"log_1777649506000","timestamp":1777649506000,"location":"PlayerCamera.cpp:143","message":"Tick hit detection - component under cursor","data":{"component":"BatterySlot_0","hasTagCharge":false,"hasTagBattery":false},"runId":"debug1","hypothesisId":"H5"}
﻿{"id":"log_1777649506000","timestamp":1777649506000,"location":"PlayerCamera.cpp:143","message":"Tick hit detection - component under cursor","data":{"component":"BatterySlot_0","hasTagCharge":false,"hasTagBattery":false},"runId":"debug1","hypothesisId":"H5"}
﻿{"id":"log_1777649506000","timestamp":1777649506000,"location":"PlayerCamera.cpp:143","message":"Tick hit detection - component under cursor","data":{"component":"BatterySlot_0","hasTagCharge":false,"hasTagBattery":false},"runId":"debug1","hypothesisId":"H5"}
﻿{"id":"log_1777649506000","timestamp":1777649506000,"location":"PlayerCamera.cpp:143","message":"Tick hit detection - component under cursor","data":{"component":"BatterySlot_0","hasTagCharge":false,"hasTagBattery":false},"runId":"debug1","hypothesisId":"H5"}
﻿{"id":"log_1777649506000","timestamp":1777649506000,"location":"PlayerCamera.cpp:143","message":"Tick hit detection - component under cursor","data":{"component":"BatterySlot_0","hasTagCharge":false,"hasTagBattery":false},"runId":"debug1","hypothesisId":"H5"}
﻿{"id":"log_1777649506000","timestamp":1777649506000,"location":"PlayerCamera.cpp:143","message":"Tick hit detection - component under cursor","data":{"component":"BatterySlot_0","hasTagCharge":false,"hasTagBattery":false},"runId":"debug1","hypothesisId":"H5"}
﻿{"id":"log_1777649506000","timestamp":1777649506000,"location":"PlayerCamera.cpp:143","message":"Tick hit detection - component under cursor","data":{"component":"BatterySlot_0","hasTagCharge":false,"hasTagBattery":false},"runId":"debug1","hypothesisId":"H5"}
﻿{"id":"log_1777649506000","timestamp":1777649506000,"location":"PlayerCamera.cpp:143","message":"Tick hit detection - component under cursor","data":{"component":"BatterySlot_0","hasTagCharge":false,"hasTagBattery":false},"runId":"debug1","hypothesisId":"H5"}
﻿{"id":"log_1777649506000","timestamp":1777649506000,"location":"PlayerCamera.cpp:143","message":"Tick hit detection - component under cursor","data":{"component":"BatterySlot_0","hasTagCharge":false,"hasTagBattery":false},"runId":"debug1","hypothesisId":"H5"}
﻿{"id":"log_1777649506000","timestamp":1777649506000,"location":"PlayerCamera.cpp:143","message":"Tick hit detection - component under cursor","data":{"component":"BatterySlot_0","hasTagCharge":false,"hasTagBattery":false},"runId":"debug1","hypothesisId":"H5"}
﻿{"id":"log_1777649506000","timestamp":1777649506000,"location":"PlayerCamera.cpp:143","message":"Tick hit detection - component under cursor","data":{"component":"BatterySlot_0","hasTagCharge":false,"hasTagBattery":false},"runId":"debug1","hypothesisId":"H5"}
﻿{"id":"log_1777649506000","timestamp":1777649506000,"location":"PlayerCamera.cpp:143","message":"Tick hit detection - component under cursor","data":{"component":"BatterySlot_0","hasTagCharge":false,"hasTagBattery":false},"runId":"debug1","hypothesisId":"H5"}
﻿{"id":"log_1777649506000","timestamp":1777649506000,"location":"PlayerCamera.cpp:143","message":"Tick hit detection - component under cursor","data":{"component":"BatterySlot_0","hasTagCharge":false,"hasTagBattery":false},"runId":"debug1","hypothesisId":"H5"}
﻿{"id":"log_1777649506000","timestamp":1777649506000,"location":"PlayerCamera.cpp:143","message":"Tick hit detection - component under cursor","data":{"component":"BatterySlot_0","hasTagCharge":false,"hasTagBattery":false},"runId":"debug1","hypothesisId":"H5"}
﻿{"id":"log_1777649506000","timestamp":1777649506000,"location":"PlayerCamera.cpp:143","message":"Tick hit detection - component under cursor","data":{"component":"BatterySlot_0","hasTagCharge":false,"hasTagBattery":false},"runId":"debug1","hypothesisId":"H5"}
﻿{"id":"log_1777649506000","timestamp":1777649506000,"location":"PlayerCamera.cpp:143","message":"Tick hit detection - component under cursor","data":{"component":"BatterySlot_0","hasTagCharge":false,"hasTagBattery":false},"runId":"debug1","hypothesisId":"H5"}
﻿{"id":"log_1777649506000","timestamp":1777649506000,"location":"PlayerCamera.cpp:143","message":"Tick hit detection - component under cursor","data":{"component":"BatterySlot_0","hasTagCharge":false,"hasTagBattery":false},"runId":"debug1","hypothesisId":"H5"}
﻿{"id":"log_1777649506000","timestamp":1777649506000,"location":"PlayerCamera.cpp:143","message":"Tick hit detection - component under cursor","data":{"component":"BatterySlot_0","hasTagCharge":false,"hasTagBattery":false},"runId":"debug1","hypothesisId":"H5"}
﻿{"id":"log_1777649506000","timestamp":1777649506000,"location":"PlayerCamera.cpp:143","message":"Tick hit detection - component under cursor","data":{"component":"BatterySlot_0","hasTagCharge":false,"hasTagBattery":false},"runId":"debug1","hypothesisId":"H5"}
﻿{"id":"log_1777649506000","timestamp":1777649506000,"location":"PlayerCamera.cpp:143","message":"Tick hit detection - component under cursor","data":{"component":"BatterySlot_0","hasTagCharge":false,"hasTagBattery":false},"runId":"debug1","hypothesisId":"H5"}
﻿{"id":"log_1777649506000","timestamp":1777649506000,"location":"PlayerCamera.cpp:143","message":"Tick hit detection - component under cursor","data":{"component":"BatterySlot_0","hasTagCharge":false,"hasTagBattery":false},"runId":"debug1","hypothesisId":"H5"}
﻿{"id":"log_1777649506000","timestamp":1777649506000,"location":"PlayerCamera.cpp:143","message":"Tick hit detection - component under cursor","data":{"component":"BatterySlot_0","hasTagCharge":false,"hasTagBattery":false},"runId":"debug1","hypothesisId":"H5"}
﻿{"id":"log_1777649506000","timestamp":1777649506000,"location":"PlayerCamera.cpp:143","message":"Tick hit detection - component under cursor","data":{"component":"BatterySlot_0","hasTagCharge":false,"hasTagBattery":false},"runId":"debug1","hypothesisId":"H5"}
﻿{"id":"log_1777649506000","timestamp":1777649506000,"location":"PlayerCamera.cpp:143","message":"Tick hit detection - component under cursor","data":{"component":"BatterySlot_0","hasTagCharge":false,"hasTagBattery":false},"runId":"debug1","hypothesisId":"H5"}
﻿{"id":"log_1777649506000","timestamp":1777649506000,"location":"PlayerCamera.cpp:143","message":"Tick hit detection - component under cursor","data":{"component":"BatterySlot_0","hasTagCharge":false,"hasTagBattery":false},"runId":"debug1","hypothesisId":"H5"}
﻿{"id":"log_1777649506000","timestamp":1777649506000,"location":"PlayerCamera.cpp:143","message":"Tick hit detection - component under cursor","data":{"component":"BatterySlot_0","hasTagCharge":false,"hasTagBattery":false},"runId":"debug1","hypothesisId":"H5"}
﻿{"id":"log_1777649507000","timestamp":1777649507000,"location":"PlayerCamera.cpp:143","message":"Tick hit detection - component under cursor","data":{"component":"BatterySlot_0","hasTagCharge":false,"hasTagBattery":false},"runId":"debug1","hypothesisId":"H5"}
﻿{"id":"log_1777649507000","timestamp":1777649507000,"location":"PlayerCamera.cpp:143","message":"Tick hit detection - component under cursor","data":{"component":"BatterySlot_0","hasTagCharge":false,"hasTagBattery":false},"runId":"debug1","hypothesisId":"H5"}
﻿{"id":"log_1777649507000","timestamp":1777649507000,"location":"PlayerCamera.cpp:143","message":"Tick hit detection - component under cursor","data":{"component":"BatterySlot_0","hasTagCharge":false,"hasTagBattery":false},"runId":"debug1","hypothesisId":"H5"}
﻿{"id":"log_1777649507000","timestamp":1777649507000,"location":"PlayerCamera.cpp:143","message":"Tick hit detection - component under cursor","data":{"component":"BatterySlot_0","hasTagCharge":false,"hasTagBattery":false},"runId":"debug1","hypothesisId":"H5"}
﻿{"id":"log_1777649507000","timestamp":1777649507000,"location":"PlayerCamera.cpp:143","message":"Tick hit detection - component under cursor","data":{"component":"BatterySlot_0","hasTagCharge":false,"hasTagBattery":false},"runId":"debug1","hypothesisId":"H5"}
﻿{"id":"log_1777649507000","timestamp":1777649507000,"location":"PlayerCamera.cpp:143","message":"Tick hit detection - component under cursor","data":{"component":"BatterySlot_0","hasTagCharge":false,"hasTagBattery":false},"runId":"debug1","hypothesisId":"H5"}
﻿{"id":"log_1777649507000","timestamp":1777649507000,"location":"PlayerCamera.cpp:143","message":"Tick hit detection - component under cursor","data":{"component":"BatterySlot_0","hasTagCharge":false,"hasTagBattery":false},"runId":"debug1","hypothesisId":"H5"}
﻿{"id":"log_1777649507000","timestamp":1777649507000,"location":"PlayerCamera.cpp:143","message":"Tick hit detection - component under cursor","data":{"component":"BatterySlot_0","hasTagCharge":false,"hasTagBattery":false},"runId":"debug1","hypothesisId":"H5"}
﻿{"id":"log_1777649507000","timestamp":1777649507000,"location":"PlayerCamera.cpp:143","message":"Tick hit detection - component under cursor","data":{"component":"BatterySlot_0","hasTagCharge":false,"hasTagBattery":false},"runId":"debug1","hypothesisId":"H5"}
﻿{"id":"log_1777649507000","timestamp":1777649507000,"location":"PlayerCamera.cpp:143","message":"Tick hit detection - component under cursor","data":{"component":"BatterySlot_0","hasTagCharge":false,"hasTagBattery":false},"runId":"debug1","hypothesisId":"H5"}
﻿{"id":"log_1777649507000","timestamp":1777649507000,"location":"PlayerCamera.cpp:143","message":"Tick hit detection - component under cursor","data":{"component":"BatterySlot_0","hasTagCharge":false,"hasTagBattery":false},"runId":"debug1","hypothesisId":"H5"}
﻿{"id":"log_1777649507000","timestamp":1777649507000,"location":"PlayerCamera.cpp:143","message":"Tick hit detection - component under cursor","data":{"component":"BatterySlot_0","hasTagCharge":false,"hasTagBattery":false},"runId":"debug1","hypothesisId":"H5"}
﻿{"id":"log_1777649507000","timestamp":1777649507000,"location":"PlayerCamera.cpp:143","message":"Tick hit detection - component under cursor","data":{"component":"BatterySlot_0","hasTagCharge":false,"hasTagBattery":false},"runId":"debug1","hypothesisId":"H5"}
﻿{"id":"log_1777649507000","timestamp":1777649507000,"location":"PlayerCamera.cpp:143","message":"Tick hit detection - component under cursor","data":{"component":"BatterySlot_0","hasTagCharge":false,"hasTagBattery":false},"runId":"debug1","hypothesisId":"H5"}
﻿{"id":"log_1777649507000","timestamp":1777649507000,"location":"PlayerCamera.cpp:143","message":"Tick hit detection - component under cursor","data":{"component":"BatterySlot_0","hasTagCharge":false,"hasTagBattery":false},"runId":"debug1","hypothesisId":"H5"}
﻿{"id":"log_1777649507000","timestamp":1777649507000,"location":"PlayerCamera.cpp:143","message":"Tick hit detection - component under cursor","data":{"component":"BatterySlot_0","hasTagCharge":false,"hasTagBattery":false},"runId":"debug1","hypothesisId":"H5"}
﻿{"id":"log_1777649507000","timestamp":1777649507000,"location":"PlayerCamera.cpp:143","message":"Tick hit detection - component under cursor","data":{"component":"BatterySlot_0","hasTagCharge":false,"hasTagBattery":false},"runId":"debug1","hypothesisId":"H5"}
﻿{"id":"log_1777649507000","timestamp":1777649507000,"location":"PlayerCamera.cpp:143","message":"Tick hit detection - component under cursor","data":{"component":"BatterySlot_0","hasTagCharge":false,"hasTagBattery":false},"runId":"debug1","hypothesisId":"H5"}
﻿{"id":"log_1777649507000","timestamp":1777649507000,"location":"PlayerCamera.cpp:143","message":"Tick hit detection - component under cursor","data":{"component":"BatterySlot_0","hasTagCharge":false,"hasTagBattery":false},"runId":"debug1","hypothesisId":"H5"}
﻿{"id":"log_1777649507000","timestamp":1777649507000,"location":"PlayerCamera.cpp:143","message":"Tick hit detection - component under cursor","data":{"component":"BatterySlot_0","hasTagCharge":false,"hasTagBattery":false},"runId":"debug1","hypothesisId":"H5"}
﻿{"id":"log_1777649507000","timestamp":1777649507000,"location":"PlayerCamera.cpp:143","message":"Tick hit detection - component under cursor","data":{"component":"BatterySlot_0","hasTagCharge":false,"hasTagBattery":false},"runId":"debug1","hypothesisId":"H5"}
﻿{"id":"log_1777649507000","timestamp":1777649507000,"location":"PlayerCamera.cpp:143","message":"Tick hit detection - component under cursor","data":{"component":"BatterySlot_0","hasTagCharge":false,"hasTagBattery":false},"runId":"debug1","hypothesisId":"H5"}
﻿{"id":"log_1777649507000","timestamp":1777649507000,"location":"PlayerCamera.cpp:143","message":"Tick hit detection - component under cursor","data":{"component":"BatterySlot_0","hasTagCharge":false,"hasTagBattery":false},"runId":"debug1","hypothesisId":"H5"}
﻿{"id":"log_1777649507000","timestamp":1777649507000,"location":"PlayerCamera.cpp:143","message":"Tick hit detection - component under cursor","data":{"component":"BatterySlot_0","hasTagCharge":false,"hasTagBattery":false},"runId":"debug1","hypothesisId":"H5"}
﻿{"id":"log_1777649507000","timestamp":1777649507000,"location":"PlayerCamera.cpp:143","message":"Tick hit detection - component under cursor","data":{"component":"BatterySlot_0","hasTagCharge":false,"hasTagBattery":false},"runId":"debug1","hypothesisId":"H5"}
﻿{"id":"log_1777649507000","timestamp":1777649507000,"location":"BatterySlotTrigger.cpp:29","message":"OnButtonClicked triggered (hypothesis H3: click-event-dispatch)","data":{"touched":"true","key":"LeftMouseButton"},"runId":"debug1","hypothesisId":"H3"}
﻿{"id":"log_1777649507000","timestamp":1777649507000,"location":"PlayerCamera.cpp:190","message":"InteractInput triggered via EnhancedInput (hypothesis H2: enhanced-input-conflict)","data":{"action":"Started"},"runId":"debug1","hypothesisId":"H2"}
﻿{"id":"log_1777649507000","timestamp":1777649507000,"location":"PlayerCamera.cpp:143","message":"Tick hit detection - component under cursor","data":{"component":"BatteryBase","hasTagCharge":false,"hasTagBattery":true},"runId":"debug1","hypothesisId":"H5"}
﻿{"id":"log_1777649507000","timestamp":1777649507000,"location":"PlayerCamera.cpp:143","message":"Tick hit detection - component under cursor","data":{"component":"BatteryBase","hasTagCharge":false,"hasTagBattery":true},"runId":"debug1","hypothesisId":"H5"}
﻿{"id":"log_1777649507000","timestamp":1777649507000,"location":"PlayerCamera.cpp:143","message":"Tick hit detection - component under cursor","data":{"component":"BatteryBase","hasTagCharge":false,"hasTagBattery":true},"runId":"debug1","hypothesisId":"H5"}
﻿{"id":"log_1777649507000","timestamp":1777649507000,"location":"PlayerCamera.cpp:143","message":"Tick hit detection - component under cursor","data":{"component":"BatteryBase","hasTagCharge":false,"hasTagBattery":true},"runId":"debug1","hypothesisId":"H5"}
﻿{"id":"log_1777649507000","timestamp":1777649507000,"location":"PlayerCamera.cpp:143","message":"Tick hit detection - component under cursor","data":{"component":"BatteryBase","hasTagCharge":false,"hasTagBattery":true},"runId":"debug1","hypothesisId":"H5"}
﻿{"id":"log_1777649507000","timestamp":1777649507000,"location":"PlayerCamera.cpp:143","message":"Tick hit detection - component under cursor","data":{"component":"BatteryBase","hasTagCharge":false,"hasTagBattery":true},"runId":"debug1","hypothesisId":"H5"}
﻿{"id":"log_1777649507000","timestamp":1777649507000,"location":"PlayerCamera.cpp:143","message":"Tick hit detection - component under cursor","data":{"component":"BatteryBase","hasTagCharge":false,"hasTagBattery":true},"runId":"debug1","hypothesisId":"H5"}
﻿{"id":"log_1777649507000","timestamp":1777649507000,"location":"PlayerCamera.cpp:143","message":"Tick hit detection - component under cursor","data":{"component":"BatteryBase","hasTagCharge":false,"hasTagBattery":true},"runId":"debug1","hypothesisId":"H5"}
﻿{"id":"log_1777649507000","timestamp":1777649507000,"location":"PlayerCamera.cpp:143","message":"Tick hit detection - component under cursor","data":{"component":"BatteryBase","hasTagCharge":false,"hasTagBattery":true},"runId":"debug1","hypothesisId":"H5"}
﻿{"id":"log_1777649507000","timestamp":1777649507000,"location":"PlayerCamera.cpp:143","message":"Tick hit detection - component under cursor","data":{"component":"BatteryBase","hasTagCharge":false,"hasTagBattery":true},"runId":"debug1","hypothesisId":"H5"}
﻿{"id":"log_1777649507000","timestamp":1777649507000,"location":"PlayerCamera.cpp:143","message":"Tick hit detection - component under cursor","data":{"component":"BatteryBase","hasTagCharge":false,"hasTagBattery":true},"runId":"debug1","hypothesisId":"H5"}
﻿{"id":"log_1777649507000","timestamp":1777649507000,"location":"PlayerCamera.cpp:143","message":"Tick hit detection - component under cursor","data":{"component":"BatteryBase","hasTagCharge":false,"hasTagBattery":true},"runId":"debug1","hypothesisId":"H5"}
﻿{"id":"log_1777649507000","timestamp":1777649507000,"location":"PlayerCamera.cpp:143","message":"Tick hit detection - component under cursor","data":{"component":"BatteryBase","hasTagCharge":false,"hasTagBattery":true},"runId":"debug1","hypothesisId":"H5"}
﻿{"id":"log_1777649507000","timestamp":1777649507000,"location":"PlayerCamera.cpp:143","message":"Tick hit detection - component under cursor","data":{"component":"BatteryBase","hasTagCharge":false,"hasTagBattery":true},"runId":"debug1","hypothesisId":"H5"}
﻿{"id":"log_1777649507000","timestamp":1777649507000,"location":"PlayerCamera.cpp:143","message":"Tick hit detection - component under cursor","data":{"component":"BatteryBase","hasTagCharge":false,"hasTagBattery":true},"runId":"debug1","hypothesisId":"H5"}
﻿{"id":"log_1777649507000","timestamp":1777649507000,"location":"PlayerCamera.cpp:143","message":"Tick hit detection - component under cursor","data":{"component":"BatteryBase","hasTagCharge":false,"hasTagBattery":true},"runId":"debug1","hypothesisId":"H5"}
﻿{"id":"log_1777649507000","timestamp":1777649507000,"location":"PlayerCamera.cpp:143","message":"Tick hit detection - component under cursor","data":{"component":"BatteryBase","hasTagCharge":false,"hasTagBattery":true},"runId":"debug1","hypothesisId":"H5"}
﻿{"id":"log_1777649507000","timestamp":1777649507000,"location":"PlayerCamera.cpp:143","message":"Tick hit detection - component under cursor","data":{"component":"BatteryBase","hasTagCharge":false,"hasTagBattery":true},"runId":"debug1","hypothesisId":"H5"}
﻿{"id":"log_1777649507000","timestamp":1777649507000,"location":"PlayerCamera.cpp:143","message":"Tick hit detection - component under cursor","data":{"component":"BatteryBase","hasTagCharge":false,"hasTagBattery":true},"runId":"debug1","hypothesisId":"H5"}
﻿{"id":"log_1777649507000","timestamp":1777649507000,"location":"PlayerCamera.cpp:143","message":"Tick hit detection - component under cursor","data":{"component":"BatteryBase","hasTagCharge":false,"hasTagBattery":true},"runId":"debug1","hypothesisId":"H5"}
﻿{"id":"log_1777649507000","timestamp":1777649507000,"location":"PlayerCamera.cpp:143","message":"Tick hit detection - component under cursor","data":{"component":"BatteryBase","hasTagCharge":false,"hasTagBattery":true},"runId":"debug1","hypothesisId":"H5"}
﻿{"id":"log_1777649507000","timestamp":1777649507000,"location":"PlayerCamera.cpp:143","message":"Tick hit detection - component under cursor","data":{"component":"BatteryBase","hasTagCharge":false,"hasTagBattery":true},"runId":"debug1","hypothesisId":"H5"}
﻿{"id":"log_1777649507000","timestamp":1777649507000,"location":"PlayerCamera.cpp:143","message":"Tick hit detection - component under cursor","data":{"component":"BatteryBase","hasTagCharge":false,"hasTagBattery":true},"runId":"debug1","hypothesisId":"H5"}
﻿{"id":"log_1777649507000","timestamp":1777649507000,"location":"PlayerCamera.cpp:143","message":"Tick hit detection - component under cursor","data":{"component":"BatteryBase","hasTagCharge":false,"hasTagBattery":true},"runId":"debug1","hypothesisId":"H5"}
﻿{"id":"log_1777649507000","timestamp":1777649507000,"location":"PlayerCamera.cpp:143","message":"Tick hit detection - component under cursor","data":{"component":"BatteryBase","hasTagCharge":false,"hasTagBattery":true},"runId":"debug1","hypothesisId":"H5"}
﻿{"id":"log_1777649507000","timestamp":1777649507000,"location":"PlayerCamera.cpp:143","message":"Tick hit detection - component under cursor","data":{"component":"BatteryBase","hasTagCharge":false,"hasTagBattery":true},"runId":"debug1","hypothesisId":"H5"}
﻿{"id":"log_1777649507000","timestamp":1777649507000,"location":"PlayerCamera.cpp:143","message":"Tick hit detection - component under cursor","data":{"component":"BatteryBase","hasTagCharge":false,"hasTagBattery":true},"runId":"debug1","hypothesisId":"H5"}
﻿{"id":"log_1777649507000","timestamp":1777649507000,"location":"PlayerCamera.cpp:143","message":"Tick hit detection - component under cursor","data":{"component":"BatteryBase","hasTagCharge":false,"hasTagBattery":true},"runId":"debug1","hypothesisId":"H5"}
﻿{"id":"log_1777649507000","timestamp":1777649507000,"location":"PlayerCamera.cpp:143","message":"Tick hit detection - component under cursor","data":{"component":"BatteryBase","hasTagCharge":false,"hasTagBattery":true},"runId":"debug1","hypothesisId":"H5"}
﻿{"id":"log_1777649507000","timestamp":1777649507000,"location":"PlayerCamera.cpp:143","message":"Tick hit detection - component under cursor","data":{"component":"BatteryBase","hasTagCharge":false,"hasTagBattery":true},"runId":"debug1","hypothesisId":"H5"}
﻿{"id":"log_1777649507000","timestamp":1777649507000,"location":"PlayerCamera.cpp:143","message":"Tick hit detection - component under cursor","data":{"component":"BatteryBase","hasTagCharge":false,"hasTagBattery":true},"runId":"debug1","hypothesisId":"H5"}
﻿{"id":"log_1777649507000","timestamp":1777649507000,"location":"PlayerCamera.cpp:143","message":"Tick hit detection - component under cursor","data":{"component":"BatteryBase","hasTagCharge":false,"hasTagBattery":true},"runId":"debug1","hypothesisId":"H5"}
﻿{"id":"log_1777649507000","timestamp":1777649507000,"location":"PlayerCamera.cpp:143","message":"Tick hit detection - component under cursor","data":{"component":"BatteryBase","hasTagCharge":false,"hasTagBattery":true},"runId":"debug1","hypothesisId":"H5"}
﻿{"id":"log_1777649507000","timestamp":1777649507000,"location":"PlayerCamera.cpp:143","message":"Tick hit detection - component under cursor","data":{"component":"BatteryBase","hasTagCharge":false,"hasTagBattery":true},"runId":"debug1","hypothesisId":"H5"}
﻿{"id":"log_1777649507000","timestamp":1777649507000,"location":"PlayerCamera.cpp:143","message":"Tick hit detection - component under cursor","data":{"component":"BatteryBase","hasTagCharge":false,"hasTagBattery":true},"runId":"debug1","hypothesisId":"H5"}
﻿{"id":"log_1777649508000","timestamp":1777649508000,"location":"PlayerCamera.cpp:143","message":"Tick hit detection - component under cursor","data":{"component":"BatteryBase","hasTagCharge":false,"hasTagBattery":true},"runId":"debug1","hypothesisId":"H5"}
﻿{"id":"log_1777649508000","timestamp":1777649508000,"location":"PlayerCamera.cpp:143","message":"Tick hit detection - component under cursor","data":{"component":"BatteryBase","hasTagCharge":false,"hasTagBattery":true},"runId":"debug1","hypothesisId":"H5"}
﻿{"id":"log_1777649508000","timestamp":1777649508000,"location":"PlayerCamera.cpp:143","message":"Tick hit detection - component under cursor","data":{"component":"BatteryBase","hasTagCharge":false,"hasTagBattery":true},"runId":"debug1","hypothesisId":"H5"}
﻿{"id":"log_1777649508000","timestamp":1777649508000,"location":"PlayerCamera.cpp:143","message":"Tick hit detection - component under cursor","data":{"component":"BatteryBase","hasTagCharge":false,"hasTagBattery":true},"runId":"debug1","hypothesisId":"H5"}
﻿{"id":"log_1777649508000","timestamp":1777649508000,"location":"PlayerCamera.cpp:143","message":"Tick hit detection - component under cursor","data":{"component":"DetectorMesh","hasTagCharge":false,"hasTagBattery":false},"runId":"debug1","hypothesisId":"H5"}
﻿{"id":"log_1777649508000","timestamp":1777649508000,"location":"PlayerCamera.cpp:143","message":"Tick hit detection - component under cursor","data":{"component":"ScreenWidget","hasTagCharge":false,"hasTagBattery":false},"runId":"debug1","hypothesisId":"H5"}
﻿{"id":"log_1777649508000","timestamp":1777649508000,"location":"PlayerCamera.cpp:143","message":"Tick hit detection - component under cursor","data":{"component":"ScreenWidget","hasTagCharge":false,"hasTagBattery":false},"runId":"debug1","hypothesisId":"H5"}
﻿{"id":"log_1777649508000","timestamp":1777649508000,"location":"PlayerCamera.cpp:143","message":"Tick hit detection - component under cursor","data":{"component":"ModelComponent_3","hasTagCharge":false,"hasTagBattery":false},"runId":"debug1","hypothesisId":"H5"}
﻿{"id":"log_1777649508000","timestamp":1777649508000,"location":"PlayerCamera.cpp:143","message":"Tick hit detection - component under cursor","data":{"component":"ModelComponent_3","hasTagCharge":false,"hasTagBattery":false},"runId":"debug1","hypothesisId":"H5"}
﻿{"id":"log_1777649508000","timestamp":1777649508000,"location":"PlayerCamera.cpp:143","message":"Tick hit detection - component under cursor","data":{"component":"ModelComponent_3","hasTagCharge":false,"hasTagBattery":false},"runId":"debug1","hypothesisId":"H5"}
﻿{"id":"log_1777649508000","timestamp":1777649508000,"location":"PlayerCamera.cpp:143","message":"Tick hit detection - component under cursor","data":{"component":"ModelComponent_3","hasTagCharge":false,"hasTagBattery":false},"runId":"debug1","hypothesisId":"H5"}
﻿{"id":"log_1777649508000","timestamp":1777649508000,"location":"PlayerCamera.cpp:143","message":"Tick hit detection - component under cursor","data":{"component":"ModelComponent_3","hasTagCharge":false,"hasTagBattery":false},"runId":"debug1","hypothesisId":"H5"}
﻿{"id":"log_1777649508000","timestamp":1777649508000,"location":"PlayerCamera.cpp:143","message":"Tick hit detection - component under cursor","data":{"component":"ModelComponent_3","hasTagCharge":false,"hasTagBattery":false},"runId":"debug1","hypothesisId":"H5"}
﻿{"id":"log_1777649508000","timestamp":1777649508000,"location":"PlayerCamera.cpp:143","message":"Tick hit detection - component under cursor","data":{"component":"ModelComponent_3","hasTagCharge":false,"hasTagBattery":false},"runId":"debug1","hypothesisId":"H5"}
﻿{"id":"log_1777649508000","timestamp":1777649508000,"location":"PlayerCamera.cpp:143","message":"Tick hit detection - component under cursor","data":{"component":"ModelComponent_3","hasTagCharge":false,"hasTagBattery":false},"runId":"debug1","hypothesisId":"H5"}
﻿{"id":"log_1777649508000","timestamp":1777649508000,"location":"PlayerCamera.cpp:143","message":"Tick hit detection - component under cursor","data":{"component":"ModelComponent_3","hasTagCharge":false,"hasTagBattery":false},"runId":"debug1","hypothesisId":"H5"}
﻿{"id":"log_1777649508000","timestamp":1777649508000,"location":"PlayerCamera.cpp:143","message":"Tick hit detection - component under cursor","data":{"component":"ModelComponent_3","hasTagCharge":false,"hasTagBattery":false},"runId":"debug1","hypothesisId":"H5"}
﻿{"id":"log_1777649508000","timestamp":1777649508000,"location":"PlayerCamera.cpp:143","message":"Tick hit detection - component under cursor","data":{"component":"ModelComponent_3","hasTagCharge":false,"hasTagBattery":false},"runId":"debug1","hypothesisId":"H5"}
﻿{"id":"log_1777649508000","timestamp":1777649508000,"location":"PlayerCamera.cpp:143","message":"Tick hit detection - component under cursor","data":{"component":"ModelComponent_3","hasTagCharge":false,"hasTagBattery":false},"runId":"debug1","hypothesisId":"H5"}
﻿{"id":"log_1777649508000","timestamp":1777649508000,"location":"PlayerCamera.cpp:143","message":"Tick hit detection - component under cursor","data":{"component":"ModelComponent_3","hasTagCharge":false,"hasTagBattery":false},"runId":"debug1","hypothesisId":"H5"}
﻿{"id":"log_1777649508000","timestamp":1777649508000,"location":"PlayerCamera.cpp:143","message":"Tick hit detection - component under cursor","data":{"component":"ModelComponent_3","hasTagCharge":false,"hasTagBattery":false},"runId":"debug1","hypothesisId":"H5"}
﻿{"id":"log_1777649508000","timestamp":1777649508000,"location":"PlayerCamera.cpp:143","message":"Tick hit detection - component under cursor","data":{"component":"ModelComponent_3","hasTagCharge":false,"hasTagBattery":false},"runId":"debug1","hypothesisId":"H5"}
﻿{"id":"log_1777649508000","timestamp":1777649508000,"location":"PlayerCamera.cpp:143","message":"Tick hit detection - component under cursor","data":{"component":"ModelComponent_3","hasTagCharge":false,"hasTagBattery":false},"runId":"debug1","hypothesisId":"H5"}
﻿{"id":"log_1777649508000","timestamp":1777649508000,"location":"PlayerCamera.cpp:143","message":"Tick hit detection - component under cursor","data":{"component":"ModelComponent_3","hasTagCharge":false,"hasTagBattery":false},"runId":"debug1","hypothesisId":"H5"}
﻿{"id":"log_1777649508000","timestamp":1777649508000,"location":"PlayerCamera.cpp:143","message":"Tick hit detection - component under cursor","data":{"component":"ModelComponent_3","hasTagCharge":false,"hasTagBattery":false},"runId":"debug1","hypothesisId":"H5"}
﻿{"id":"log_1777649508000","timestamp":1777649508000,"location":"PlayerCamera.cpp:143","message":"Tick hit detection - component under cursor","data":{"component":"ModelComponent_3","hasTagCharge":false,"hasTagBattery":false},"runId":"debug1","hypothesisId":"H5"}
﻿{"id":"log_1777649508000","timestamp":1777649508000,"location":"PlayerCamera.cpp:143","message":"Tick hit detection - component under cursor","data":{"component":"ModelComponent_3","hasTagCharge":false,"hasTagBattery":false},"runId":"debug1","hypothesisId":"H5"}
﻿{"id":"log_1777649508000","timestamp":1777649508000,"location":"PlayerCamera.cpp:143","message":"Tick hit detection - component under cursor","data":{"component":"ModelComponent_3","hasTagCharge":false,"hasTagBattery":false},"runId":"debug1","hypothesisId":"H5"}
﻿{"id":"log_1777649508000","timestamp":1777649508000,"location":"PlayerCamera.cpp:143","message":"Tick hit detection - component under cursor","data":{"component":"ModelComponent_3","hasTagCharge":false,"hasTagBattery":false},"runId":"debug1","hypothesisId":"H5"}
﻿{"id":"log_1777649508000","timestamp":1777649508000,"location":"PlayerCamera.cpp:143","message":"Tick hit detection - component under cursor","data":{"component":"ModelComponent_3","hasTagCharge":false,"hasTagBattery":false},"runId":"debug1","hypothesisId":"H5"}
﻿{"id":"log_1777649508000","timestamp":1777649508000,"location":"PlayerCamera.cpp:143","message":"Tick hit detection - component under cursor","data":{"component":"ModelComponent_3","hasTagCharge":false,"hasTagBattery":false},"runId":"debug1","hypothesisId":"H5"}
﻿{"id":"log_1777649508000","timestamp":1777649508000,"location":"PlayerCamera.cpp:143","message":"Tick hit detection - component under cursor","data":{"component":"ModelComponent_3","hasTagCharge":false,"hasTagBattery":false},"runId":"debug1","hypothesisId":"H5"}
﻿{"id":"log_1777649508000","timestamp":1777649508000,"location":"PlayerCamera.cpp:143","message":"Tick hit detection - component under cursor","data":{"component":"ModelComponent_3","hasTagCharge":false,"hasTagBattery":false},"runId":"debug1","hypothesisId":"H5"}
﻿{"id":"log_1777649508000","timestamp":1777649508000,"location":"PlayerCamera.cpp:143","message":"Tick hit detection - component under cursor","data":{"component":"ModelComponent_3","hasTagCharge":false,"hasTagBattery":false},"runId":"debug1","hypothesisId":"H5"}
﻿{"id":"log_1777649508000","timestamp":1777649508000,"location":"PlayerCamera.cpp:143","message":"Tick hit detection - component under cursor","data":{"component":"LightTrigger","hasTagCharge":false,"hasTagBattery":false},"runId":"debug1","hypothesisId":"H5"}
﻿{"id":"log_1777649508000","timestamp":1777649508000,"location":"PlayerCamera.cpp:143","message":"Tick hit detection - component under cursor","data":{"component":"LightTrigger","hasTagCharge":false,"hasTagBattery":false},"runId":"debug1","hypothesisId":"H5"}
﻿{"id":"log_1777649508000","timestamp":1777649508000,"location":"PlayerCamera.cpp:143","message":"Tick hit detection - component under cursor","data":{"component":"LightTrigger","hasTagCharge":false,"hasTagBattery":false},"runId":"debug1","hypothesisId":"H5"}
﻿{"id":"log_1777649508000","timestamp":1777649508000,"location":"PlayerCamera.cpp:143","message":"Tick hit detection - component under cursor","data":{"component":"LightTrigger","hasTagCharge":false,"hasTagBattery":false},"runId":"debug1","hypothesisId":"H5"}
﻿{"id":"log_1777649508000","timestamp":1777649508000,"location":"PlayerCamera.cpp:143","message":"Tick hit detection - component under cursor","data":{"component":"LightTrigger","hasTagCharge":false,"hasTagBattery":false},"runId":"debug1","hypothesisId":"H5"}
﻿{"id":"log_1777649508000","timestamp":1777649508000,"location":"PlayerCamera.cpp:143","message":"Tick hit detection - component under cursor","data":{"component":"LightTrigger","hasTagCharge":false,"hasTagBattery":false},"runId":"debug1","hypothesisId":"H5"}
﻿{"id":"log_1777649508000","timestamp":1777649508000,"location":"PlayerCamera.cpp:143","message":"Tick hit detection - component under cursor","data":{"component":"LightTrigger","hasTagCharge":false,"hasTagBattery":false},"runId":"debug1","hypothesisId":"H5"}
﻿{"id":"log_1777649508000","timestamp":1777649508000,"location":"PlayerCamera.cpp:143","message":"Tick hit detection - component under cursor","data":{"component":"LightTrigger","hasTagCharge":false,"hasTagBattery":false},"runId":"debug1","hypothesisId":"H5"}
﻿{"id":"log_1777649508000","timestamp":1777649508000,"location":"PlayerCamera.cpp:143","message":"Tick hit detection - component under cursor","data":{"component":"LightTrigger","hasTagCharge":false,"hasTagBattery":false},"runId":"debug1","hypothesisId":"H5"}
﻿{"id":"log_1777649508000","timestamp":1777649508000,"location":"PlayerCamera.cpp:143","message":"Tick hit detection - component under cursor","data":{"component":"LightTrigger","hasTagCharge":false,"hasTagBattery":false},"runId":"debug1","hypothesisId":"H5"}
﻿{"id":"log_1777649508000","timestamp":1777649508000,"location":"PlayerCamera.cpp:143","message":"Tick hit detection - component under cursor","data":{"component":"LightTrigger","hasTagCharge":false,"hasTagBattery":false},"runId":"debug1","hypothesisId":"H5"}
﻿{"id":"log_1777649508000","timestamp":1777649508000,"location":"PlayerCamera.cpp:143","message":"Tick hit detection - component under cursor","data":{"component":"LightTrigger","hasTagCharge":false,"hasTagBattery":false},"runId":"debug1","hypothesisId":"H5"}
﻿{"id":"log_1777649508000","timestamp":1777649508000,"location":"PlayerCamera.cpp:143","message":"Tick hit detection - component under cursor","data":{"component":"LightTrigger","hasTagCharge":false,"hasTagBattery":false},"runId":"debug1","hypothesisId":"H5"}
﻿{"id":"log_1777649508000","timestamp":1777649508000,"location":"PlayerCamera.cpp:143","message":"Tick hit detection - component under cursor","data":{"component":"LightTrigger","hasTagCharge":false,"hasTagBattery":false},"runId":"debug1","hypothesisId":"H5"}
﻿{"id":"log_1777649508000","timestamp":1777649508000,"location":"PlayerCamera.cpp:143","message":"Tick hit detection - component under cursor","data":{"component":"LightTrigger","hasTagCharge":false,"hasTagBattery":false},"runId":"debug1","hypothesisId":"H5"}
﻿{"id":"log_1777649508000","timestamp":1777649508000,"location":"PlayerCamera.cpp:143","message":"Tick hit detection - component under cursor","data":{"component":"LightTrigger","hasTagCharge":false,"hasTagBattery":false},"runId":"debug1","hypothesisId":"H5"}
﻿{"id":"log_1777649508000","timestamp":1777649508000,"location":"PlayerCamera.cpp:143","message":"Tick hit detection - component under cursor","data":{"component":"LightTrigger","hasTagCharge":false,"hasTagBattery":false},"runId":"debug1","hypothesisId":"H5"}
﻿{"id":"log_1777649508000","timestamp":1777649508000,"location":"PlayerCamera.cpp:143","message":"Tick hit detection - component under cursor","data":{"component":"LightTrigger","hasTagCharge":false,"hasTagBattery":false},"runId":"debug1","hypothesisId":"H5"}
﻿{"id":"log_1777649508000","timestamp":1777649508000,"location":"PlayerCamera.cpp:143","message":"Tick hit detection - component under cursor","data":{"component":"LightTrigger","hasTagCharge":false,"hasTagBattery":false},"runId":"debug1","hypothesisId":"H5"}
﻿{"id":"log_1777649508000","timestamp":1777649508000,"location":"PlayerCamera.cpp:143","message":"Tick hit detection - component under cursor","data":{"component":"LightTrigger","hasTagCharge":false,"hasTagBattery":false},"runId":"debug1","hypothesisId":"H5"}
﻿{"id":"log_1777649508000","timestamp":1777649508000,"location":"PlayerCamera.cpp:143","message":"Tick hit detection - component under cursor","data":{"component":"LightTrigger","hasTagCharge":false,"hasTagBattery":false},"runId":"debug1","hypothesisId":"H5"}
﻿{"id":"log_1777649508000","timestamp":1777649508000,"location":"PlayerCamera.cpp:143","message":"Tick hit detection - component under cursor","data":{"component":"LightTrigger","hasTagCharge":false,"hasTagBattery":false},"runId":"debug1","hypothesisId":"H5"}
﻿{"id":"log_1777649508000","timestamp":1777649508000,"location":"PlayerCamera.cpp:143","message":"Tick hit detection - component under cursor","data":{"component":"LightTrigger","hasTagCharge":false,"hasTagBattery":false},"runId":"debug1","hypothesisId":"H5"}
﻿{"id":"log_1777649508000","timestamp":1777649508000,"location":"PlayerCamera.cpp:143","message":"Tick hit detection - component under cursor","data":{"component":"LightTrigger","hasTagCharge":false,"hasTagBattery":false},"runId":"debug1","hypothesisId":"H5"}
﻿{"id":"log_1777649508000","timestamp":1777649508000,"location":"PlayerCamera.cpp:143","message":"Tick hit detection - component under cursor","data":{"component":"LightTrigger","hasTagCharge":false,"hasTagBattery":false},"runId":"debug1","hypothesisId":"H5"}
﻿{"id":"log_1777649508000","timestamp":1777649508000,"location":"PlayerCamera.cpp:143","message":"Tick hit detection - component under cursor","data":{"component":"LightTrigger","hasTagCharge":false,"hasTagBattery":false},"runId":"debug1","hypothesisId":"H5"}
﻿{"id":"log_1777649509000","timestamp":1777649509000,"location":"LightTrigger.cpp:27","message":"OnButtonClicked triggered (hypothesis H4: widget-hit-test-leak)","data":{"touched":"true","key":"LeftMouseButton"},"runId":"debug1","hypothesisId":"H4"}
﻿{"id":"log_1777649509000","timestamp":1777649509000,"location":"PlayerCamera.cpp:190","message":"InteractInput triggered via EnhancedInput (hypothesis H2: enhanced-input-conflict)","data":{"action":"Started"},"runId":"debug1","hypothesisId":"H2"}
﻿{"id":"log_1777649509000","timestamp":1777649509000,"location":"PlayerCamera.cpp:143","message":"Tick hit detection - component under cursor","data":{"component":"LightTrigger","hasTagCharge":false,"hasTagBattery":false},"runId":"debug1","hypothesisId":"H5"}
﻿{"id":"log_1777649509000","timestamp":1777649509000,"location":"PlayerCamera.cpp:143","message":"Tick hit detection - component under cursor","data":{"component":"LightTrigger","hasTagCharge":false,"hasTagBattery":false},"runId":"debug1","hypothesisId":"H5"}
﻿{"id":"log_1777649509000","timestamp":1777649509000,"location":"PlayerCamera.cpp:143","message":"Tick hit detection - component under cursor","data":{"component":"LightTrigger","hasTagCharge":false,"hasTagBattery":false},"runId":"debug1","hypothesisId":"H5"}
﻿{"id":"log_1777649509000","timestamp":1777649509000,"location":"PlayerCamera.cpp:143","message":"Tick hit detection - component under cursor","data":{"component":"LightTrigger","hasTagCharge":false,"hasTagBattery":false},"runId":"debug1","hypothesisId":"H5"}
﻿{"id":"log_1777649509000","timestamp":1777649509000,"location":"PlayerCamera.cpp:143","message":"Tick hit detection - component under cursor","data":{"component":"LightTrigger","hasTagCharge":false,"hasTagBattery":false},"runId":"debug1","hypothesisId":"H5"}
﻿{"id":"log_1777649509000","timestamp":1777649509000,"location":"PlayerCamera.cpp:143","message":"Tick hit detection - component under cursor","data":{"component":"LightTrigger","hasTagCharge":false,"hasTagBattery":false},"runId":"debug1","hypothesisId":"H5"}
﻿{"id":"log_1777649509000","timestamp":1777649509000,"location":"PlayerCamera.cpp:143","message":"Tick hit detection - component under cursor","data":{"component":"LightTrigger","hasTagCharge":false,"hasTagBattery":false},"runId":"debug1","hypothesisId":"H5"}
﻿{"id":"log_1777649509000","timestamp":1777649509000,"location":"PlayerCamera.cpp:143","message":"Tick hit detection - component under cursor","data":{"component":"LightTrigger","hasTagCharge":false,"hasTagBattery":false},"runId":"debug1","hypothesisId":"H5"}
﻿{"id":"log_1777649509000","timestamp":1777649509000,"location":"PlayerCamera.cpp:143","message":"Tick hit detection - component under cursor","data":{"component":"LightTrigger","hasTagCharge":false,"hasTagBattery":false},"runId":"debug1","hypothesisId":"H5"}
﻿{"id":"log_1777649509000","timestamp":1777649509000,"location":"PlayerCamera.cpp:143","message":"Tick hit detection - component under cursor","data":{"component":"LightTrigger","hasTagCharge":false,"hasTagBattery":false},"runId":"debug1","hypothesisId":"H5"}
﻿{"id":"log_1777649509000","timestamp":1777649509000,"location":"PlayerCamera.cpp:143","message":"Tick hit detection - component under cursor","data":{"component":"LightTrigger","hasTagCharge":false,"hasTagBattery":false},"runId":"debug1","hypothesisId":"H5"}
﻿{"id":"log_1777649509000","timestamp":1777649509000,"location":"PlayerCamera.cpp:143","message":"Tick hit detection - component under cursor","data":{"component":"LightTrigger","hasTagCharge":false,"hasTagBattery":false},"runId":"debug1","hypothesisId":"H5"}
﻿{"id":"log_1777649509000","timestamp":1777649509000,"location":"PlayerCamera.cpp:143","message":"Tick hit detection - component under cursor","data":{"component":"LightTrigger","hasTagCharge":false,"hasTagBattery":false},"runId":"debug1","hypothesisId":"H5"}
﻿{"id":"log_1777649509000","timestamp":1777649509000,"location":"PlayerCamera.cpp:143","message":"Tick hit detection - component under cursor","data":{"component":"LightTrigger","hasTagCharge":false,"hasTagBattery":false},"runId":"debug1","hypothesisId":"H5"}
﻿{"id":"log_1777649509000","timestamp":1777649509000,"location":"PlayerCamera.cpp:143","message":"Tick hit detection - component under cursor","data":{"component":"LightTrigger","hasTagCharge":false,"hasTagBattery":false},"runId":"debug1","hypothesisId":"H5"}
﻿{"id":"log_1777649509000","timestamp":1777649509000,"location":"PlayerCamera.cpp:143","message":"Tick hit detection - component under cursor","data":{"component":"LightTrigger","hasTagCharge":false,"hasTagBattery":false},"runId":"debug1","hypothesisId":"H5"}
﻿{"id":"log_1777649509000","timestamp":1777649509000,"location":"PlayerCamera.cpp:143","message":"Tick hit detection - component under cursor","data":{"component":"LightTrigger","hasTagCharge":false,"hasTagBattery":false},"runId":"debug1","hypothesisId":"H5"}
﻿{"id":"log_1777649509000","timestamp":1777649509000,"location":"PlayerCamera.cpp:143","message":"Tick hit detection - component under cursor","data":{"component":"LightTrigger","hasTagCharge":false,"hasTagBattery":false},"runId":"debug1","hypothesisId":"H5"}
﻿{"id":"log_1777649509000","timestamp":1777649509000,"location":"PlayerCamera.cpp:143","message":"Tick hit detection - component under cursor","data":{"component":"LightTrigger","hasTagCharge":false,"hasTagBattery":false},"runId":"debug1","hypothesisId":"H5"}
﻿{"id":"log_1777649509000","timestamp":1777649509000,"location":"PlayerCamera.cpp:143","message":"Tick hit detection - component under cursor","data":{"component":"LightTrigger","hasTagCharge":false,"hasTagBattery":false},"runId":"debug1","hypothesisId":"H5"}
﻿{"id":"log_1777649509000","timestamp":1777649509000,"location":"PlayerCamera.cpp:143","message":"Tick hit detection - component under cursor","data":{"component":"LightTrigger","hasTagCharge":false,"hasTagBattery":false},"runId":"debug1","hypothesisId":"H5"}
﻿{"id":"log_1777649509000","timestamp":1777649509000,"location":"PlayerCamera.cpp:143","message":"Tick hit detection - component under cursor","data":{"component":"LightTrigger","hasTagCharge":false,"hasTagBattery":false},"runId":"debug1","hypothesisId":"H5"}
﻿{"id":"log_1777649509000","timestamp":1777649509000,"location":"PlayerCamera.cpp:143","message":"Tick hit detection - component under cursor","data":{"component":"LightTrigger","hasTagCharge":false,"hasTagBattery":false},"runId":"debug1","hypothesisId":"H5"}
﻿{"id":"log_1777649509000","timestamp":1777649509000,"location":"PlayerCamera.cpp:143","message":"Tick hit detection - component under cursor","data":{"component":"LightTrigger","hasTagCharge":false,"hasTagBattery":false},"runId":"debug1","hypothesisId":"H5"}
﻿{"id":"log_1777649509000","timestamp":1777649509000,"location":"PlayerCamera.cpp:143","message":"Tick hit detection - component under cursor","data":{"component":"LightTrigger","hasTagCharge":false,"hasTagBattery":false},"runId":"debug1","hypothesisId":"H5"}
﻿{"id":"log_1777649509000","timestamp":1777649509000,"location":"PlayerCamera.cpp:143","message":"Tick hit detection - component under cursor","data":{"component":"LightTrigger","hasTagCharge":false,"hasTagBattery":false},"runId":"debug1","hypothesisId":"H5"}
﻿{"id":"log_1777649509000","timestamp":1777649509000,"location":"PlayerCamera.cpp:143","message":"Tick hit detection - component under cursor","data":{"component":"LightTrigger","hasTagCharge":false,"hasTagBattery":false},"runId":"debug1","hypothesisId":"H5"}
﻿{"id":"log_1777649509000","timestamp":1777649509000,"location":"PlayerCamera.cpp:143","message":"Tick hit detection - component under cursor","data":{"component":"LightTrigger","hasTagCharge":false,"hasTagBattery":false},"runId":"debug1","hypothesisId":"H5"}
﻿{"id":"log_1777649509000","timestamp":1777649509000,"location":"PlayerCamera.cpp:143","message":"Tick hit detection - component under cursor","data":{"component":"LightTrigger","hasTagCharge":false,"hasTagBattery":false},"runId":"debug1","hypothesisId":"H5"}
﻿{"id":"log_1777649509000","timestamp":1777649509000,"location":"PlayerCamera.cpp:143","message":"Tick hit detection - component under cursor","data":{"component":"LightTrigger","hasTagCharge":false,"hasTagBattery":false},"runId":"debug1","hypothesisId":"H5"}
﻿{"id":"log_1777649509000","timestamp":1777649509000,"location":"PlayerCamera.cpp:143","message":"Tick hit detection - component under cursor","data":{"component":"LightTrigger","hasTagCharge":false,"hasTagBattery":false},"runId":"debug1","hypothesisId":"H5"}
﻿{"id":"log_1777649509000","timestamp":1777649509000,"location":"PlayerCamera.cpp:143","message":"Tick hit detection - component under cursor","data":{"component":"LightTrigger","hasTagCharge":false,"hasTagBattery":false},"runId":"debug1","hypothesisId":"H5"}
﻿{"id":"log_1777649509000","timestamp":1777649509000,"location":"PlayerCamera.cpp:143","message":"Tick hit detection - component under cursor","data":{"component":"LightTrigger","hasTagCharge":false,"hasTagBattery":false},"runId":"debug1","hypothesisId":"H5"}
﻿{"id":"log_1777649509000","timestamp":1777649509000,"location":"PlayerCamera.cpp:143","message":"Tick hit detection - component under cursor","data":{"component":"LightTrigger","hasTagCharge":false,"hasTagBattery":false},"runId":"debug1","hypothesisId":"H5"}
﻿{"id":"log_1777649509000","timestamp":1777649509000,"location":"PlayerCamera.cpp:143","message":"Tick hit detection - component under cursor","data":{"component":"LightTrigger","hasTagCharge":false,"hasTagBattery":false},"runId":"debug1","hypothesisId":"H5"}
﻿{"id":"log_1777649509000","timestamp":1777649509000,"location":"PlayerCamera.cpp:143","message":"Tick hit detection - component under cursor","data":{"component":"LightTrigger","hasTagCharge":false,"hasTagBattery":false},"runId":"debug1","hypothesisId":"H5"}
﻿{"id":"log_1777649509000","timestamp":1777649509000,"location":"PlayerCamera.cpp:143","message":"Tick hit detection - component under cursor","data":{"component":"LightTrigger","hasTagCharge":false,"hasTagBattery":false},"runId":"debug1","hypothesisId":"H5"}
﻿{"id":"log_1777649509000","timestamp":1777649509000,"location":"PlayerCamera.cpp:143","message":"Tick hit detection - component under cursor","data":{"component":"LightTrigger","hasTagCharge":false,"hasTagBattery":false},"runId":"debug1","hypothesisId":"H5"}
﻿{"id":"log_1777649721000","timestamp":1777649721000,"location":"PlayerCamera.cpp:44","message":"InputMode setup completed (H1: input-mode-focus-consumption, H2: enhanced-input-conflict)","data":{"showCursor":true,"enableClickEvents":true,"mode":"GameOnly"},"runId":"debug1","hypothesisId":"H1"}
﻿{"id":"log_1777649721000","timestamp":1777649721000,"location":"PlayerCamera.cpp:143","message":"Tick hit detection - NO component under cursor (H5)","data":{"hitComp":null},"runId":"debug1","hypothesisId":"H5"}
﻿{"id":"log_1777649721000","timestamp":1777649721000,"location":"PlayerCamera.cpp:143","message":"Tick hit detection - component under cursor","data":{"component":"ModelComponent_0","hasTagCharge":false,"hasTagBattery":false},"runId":"debug1","hypothesisId":"H5"}
﻿{"id":"log_1777649721000","timestamp":1777649721000,"location":"PlayerCamera.cpp:143","message":"Tick hit detection - component under cursor","data":{"component":"ModelComponent_0","hasTagCharge":false,"hasTagBattery":false},"runId":"debug1","hypothesisId":"H5"}
﻿{"id":"log_1777649721000","timestamp":1777649721000,"location":"PlayerCamera.cpp:143","message":"Tick hit detection - component under cursor","data":{"component":"ModelComponent_0","hasTagCharge":false,"hasTagBattery":false},"runId":"debug1","hypothesisId":"H5"}
﻿{"id":"log_1777649721000","timestamp":1777649721000,"location":"PlayerCamera.cpp:143","message":"Tick hit detection - component under cursor","data":{"component":"ModelComponent_0","hasTagCharge":false,"hasTagBattery":false},"runId":"debug1","hypothesisId":"H5"}
﻿{"id":"log_1777649721000","timestamp":1777649721000,"location":"PlayerCamera.cpp:143","message":"Tick hit detection - component under cursor","data":{"component":"ModelComponent_0","hasTagCharge":false,"hasTagBattery":false},"runId":"debug1","hypothesisId":"H5"}
﻿{"id":"log_1777649721000","timestamp":1777649721000,"location":"PlayerCamera.cpp:143","message":"Tick hit detection - component under cursor","data":{"component":"ModelComponent_0","hasTagCharge":false,"hasTagBattery":false},"runId":"debug1","hypothesisId":"H5"}
﻿{"id":"log_1777649721000","timestamp":1777649721000,"location":"PlayerCamera.cpp:143","message":"Tick hit detection - component under cursor","data":{"component":"ModelComponent_0","hasTagCharge":false,"hasTagBattery":false},"runId":"debug1","hypothesisId":"H5"}
﻿{"id":"log_1777649721000","timestamp":1777649721000,"location":"PlayerCamera.cpp:143","message":"Tick hit detection - component under cursor","data":{"component":"ModelComponent_0","hasTagCharge":false,"hasTagBattery":false},"runId":"debug1","hypothesisId":"H5"}
﻿{"id":"log_1777649721000","timestamp":1777649721000,"location":"PlayerCamera.cpp:143","message":"Tick hit detection - component under cursor","data":{"component":"ModelComponent_0","hasTagCharge":false,"hasTagBattery":false},"runId":"debug1","hypothesisId":"H5"}
﻿{"id":"log_1777649721000","timestamp":1777649721000,"location":"PlayerCamera.cpp:143","message":"Tick hit detection - component under cursor","data":{"component":"ModelComponent_0","hasTagCharge":false,"hasTagBattery":false},"runId":"debug1","hypothesisId":"H5"}
﻿{"id":"log_1777649721000","timestamp":1777649721000,"location":"PlayerCamera.cpp:143","message":"Tick hit detection - component under cursor","data":{"component":"ModelComponent_0","hasTagCharge":false,"hasTagBattery":false},"runId":"debug1","hypothesisId":"H5"}
﻿{"id":"log_1777649721000","timestamp":1777649721000,"location":"PlayerCamera.cpp:143","message":"Tick hit detection - component under cursor","data":{"component":"ModelComponent_0","hasTagCharge":false,"hasTagBattery":false},"runId":"debug1","hypothesisId":"H5"}
﻿{"id":"log_1777649721000","timestamp":1777649721000,"location":"PlayerCamera.cpp:143","message":"Tick hit detection - component under cursor","data":{"component":"ModelComponent_0","hasTagCharge":false,"hasTagBattery":false},"runId":"debug1","hypothesisId":"H5"}
﻿{"id":"log_1777649721000","timestamp":1777649721000,"location":"PlayerCamera.cpp:143","message":"Tick hit detection - component under cursor","data":{"component":"ModelComponent_0","hasTagCharge":false,"hasTagBattery":false},"runId":"debug1","hypothesisId":"H5"}
﻿{"id":"log_1777649721000","timestamp":1777649721000,"location":"PlayerCamera.cpp:143","message":"Tick hit detection - component under cursor","data":{"component":"ModelComponent_0","hasTagCharge":false,"hasTagBattery":false},"runId":"debug1","hypothesisId":"H5"}
﻿{"id":"log_1777649721000","timestamp":1777649721000,"location":"PlayerCamera.cpp:143","message":"Tick hit detection - component under cursor","data":{"component":"ModelComponent_0","hasTagCharge":false,"hasTagBattery":false},"runId":"debug1","hypothesisId":"H5"}
﻿{"id":"log_1777649721000","timestamp":1777649721000,"location":"PlayerCamera.cpp:143","message":"Tick hit detection - component under cursor","data":{"component":"ModelComponent_0","hasTagCharge":false,"hasTagBattery":false},"runId":"debug1","hypothesisId":"H5"}
﻿{"id":"log_1777649721000","timestamp":1777649721000,"location":"PlayerCamera.cpp:143","message":"Tick hit detection - component under cursor","data":{"component":"ModelComponent_0","hasTagCharge":false,"hasTagBattery":false},"runId":"debug1","hypothesisId":"H5"}
﻿{"id":"log_1777649721000","timestamp":1777649721000,"location":"PlayerCamera.cpp:143","message":"Tick hit detection - component under cursor","data":{"component":"ModelComponent_0","hasTagCharge":false,"hasTagBattery":false},"runId":"debug1","hypothesisId":"H5"}
﻿{"id":"log_1777649721000","timestamp":1777649721000,"location":"PlayerCamera.cpp:143","message":"Tick hit detection - component under cursor","data":{"component":"ModelComponent_0","hasTagCharge":false,"hasTagBattery":false},"runId":"debug1","hypothesisId":"H5"}
﻿{"id":"log_1777649721000","timestamp":1777649721000,"location":"PlayerCamera.cpp:143","message":"Tick hit detection - component under cursor","data":{"component":"ModelComponent_0","hasTagCharge":false,"hasTagBattery":false},"runId":"debug1","hypothesisId":"H5"}
﻿{"id":"log_1777649721000","timestamp":1777649721000,"location":"PlayerCamera.cpp:143","message":"Tick hit detection - component under cursor","data":{"component":"ModelComponent_0","hasTagCharge":false,"hasTagBattery":false},"runId":"debug1","hypothesisId":"H5"}
﻿{"id":"log_1777649721000","timestamp":1777649721000,"location":"PlayerCamera.cpp:143","message":"Tick hit detection - component under cursor","data":{"component":"ModelComponent_0","hasTagCharge":false,"hasTagBattery":false},"runId":"debug1","hypothesisId":"H5"}
﻿{"id":"log_1777649721000","timestamp":1777649721000,"location":"PlayerCamera.cpp:143","message":"Tick hit detection - component under cursor","data":{"component":"ModelComponent_0","hasTagCharge":false,"hasTagBattery":false},"runId":"debug1","hypothesisId":"H5"}
﻿{"id":"log_1777649721000","timestamp":1777649721000,"location":"PlayerCamera.cpp:143","message":"Tick hit detection - component under cursor","data":{"component":"ModelComponent_0","hasTagCharge":false,"hasTagBattery":false},"runId":"debug1","hypothesisId":"H5"}
﻿{"id":"log_1777649721000","timestamp":1777649721000,"location":"PlayerCamera.cpp:143","message":"Tick hit detection - component under cursor","data":{"component":"ModelComponent_0","hasTagCharge":false,"hasTagBattery":false},"runId":"debug1","hypothesisId":"H5"}
﻿{"id":"log_1777649721000","timestamp":1777649721000,"location":"PlayerCamera.cpp:143","message":"Tick hit detection - component under cursor","data":{"component":"ModelComponent_0","hasTagCharge":false,"hasTagBattery":false},"runId":"debug1","hypothesisId":"H5"}
﻿{"id":"log_1777649721000","timestamp":1777649721000,"location":"PlayerCamera.cpp:143","message":"Tick hit detection - component under cursor","data":{"component":"ModelComponent_0","hasTagCharge":false,"hasTagBattery":false},"runId":"debug1","hypothesisId":"H5"}
﻿{"id":"log_1777649721000","timestamp":1777649721000,"location":"PlayerCamera.cpp:143","message":"Tick hit detection - component under cursor","data":{"component":"ModelComponent_0","hasTagCharge":false,"hasTagBattery":false},"runId":"debug1","hypothesisId":"H5"}
﻿{"id":"log_1777649721000","timestamp":1777649721000,"location":"PlayerCamera.cpp:143","message":"Tick hit detection - component under cursor","data":{"component":"ModelComponent_0","hasTagCharge":false,"hasTagBattery":false},"runId":"debug1","hypothesisId":"H5"}
﻿{"id":"log_1777649721000","timestamp":1777649721000,"location":"PlayerCamera.cpp:143","message":"Tick hit detection - component under cursor","data":{"component":"ModelComponent_0","hasTagCharge":false,"hasTagBattery":false},"runId":"debug1","hypothesisId":"H5"}
﻿{"id":"log_1777649721000","timestamp":1777649721000,"location":"PlayerCamera.cpp:143","message":"Tick hit detection - component under cursor","data":{"component":"ModelComponent_0","hasTagCharge":false,"hasTagBattery":false},"runId":"debug1","hypothesisId":"H5"}
﻿{"id":"log_1777649721000","timestamp":1777649721000,"location":"PlayerCamera.cpp:143","message":"Tick hit detection - component under cursor","data":{"component":"ModelComponent_0","hasTagCharge":false,"hasTagBattery":false},"runId":"debug1","hypothesisId":"H5"}
﻿{"id":"log_1777649721000","timestamp":1777649721000,"location":"PlayerCamera.cpp:143","message":"Tick hit detection - component under cursor","data":{"component":"ModelComponent_0","hasTagCharge":false,"hasTagBattery":false},"runId":"debug1","hypothesisId":"H5"}
﻿{"id":"log_1777649721000","timestamp":1777649721000,"location":"PlayerCamera.cpp:143","message":"Tick hit detection - component under cursor","data":{"component":"ModelComponent_0","hasTagCharge":false,"hasTagBattery":false},"runId":"debug1","hypothesisId":"H5"}
﻿{"id":"log_1777649721000","timestamp":1777649721000,"location":"PlayerCamera.cpp:143","message":"Tick hit detection - component under cursor","data":{"component":"LightTrigger","hasTagCharge":false,"hasTagBattery":false},"runId":"debug1","hypothesisId":"H5"}
﻿{"id":"log_1777649721000","timestamp":1777649721000,"location":"PlayerCamera.cpp:143","message":"Tick hit detection - component under cursor","data":{"component":"LightTrigger","hasTagCharge":false,"hasTagBattery":false},"runId":"debug1","hypothesisId":"H5"}
﻿{"id":"log_1777649721000","timestamp":1777649721000,"location":"PlayerCamera.cpp:143","message":"Tick hit detection - component under cursor","data":{"component":"ModelComponent_0","hasTagCharge":false,"hasTagBattery":false},"runId":"debug1","hypothesisId":"H5"}
﻿{"id":"log_1777649722000","timestamp":1777649722000,"location":"PlayerCamera.cpp:143","message":"Tick hit detection - component under cursor","data":{"component":"ModelComponent_0","hasTagCharge":false,"hasTagBattery":false},"runId":"debug1","hypothesisId":"H5"}
﻿{"id":"log_1777649722000","timestamp":1777649722000,"location":"PlayerCamera.cpp:143","message":"Tick hit detection - component under cursor","data":{"component":"ModelComponent_0","hasTagCharge":false,"hasTagBattery":false},"runId":"debug1","hypothesisId":"H5"}
﻿{"id":"log_1777649722000","timestamp":1777649722000,"location":"PlayerCamera.cpp:143","message":"Tick hit detection - component under cursor","data":{"component":"ModelComponent_0","hasTagCharge":false,"hasTagBattery":false},"runId":"debug1","hypothesisId":"H5"}
﻿{"id":"log_1777649722000","timestamp":1777649722000,"location":"PlayerCamera.cpp:143","message":"Tick hit detection - component under cursor","data":{"component":"ModelComponent_0","hasTagCharge":false,"hasTagBattery":false},"runId":"debug1","hypothesisId":"H5"}
﻿{"id":"log_1777649722000","timestamp":1777649722000,"location":"PlayerCamera.cpp:143","message":"Tick hit detection - component under cursor","data":{"component":"ModelComponent_0","hasTagCharge":false,"hasTagBattery":false},"runId":"debug1","hypothesisId":"H5"}
﻿{"id":"log_1777649722000","timestamp":1777649722000,"location":"PlayerCamera.cpp:143","message":"Tick hit detection - component under cursor","data":{"component":"ModelComponent_0","hasTagCharge":false,"hasTagBattery":false},"runId":"debug1","hypothesisId":"H5"}
﻿{"id":"log_1777649722000","timestamp":1777649722000,"location":"PlayerCamera.cpp:143","message":"Tick hit detection - component under cursor","data":{"component":"ModelComponent_0","hasTagCharge":false,"hasTagBattery":false},"runId":"debug1","hypothesisId":"H5"}
﻿{"id":"log_1777649722000","timestamp":1777649722000,"location":"PlayerCamera.cpp:143","message":"Tick hit detection - component under cursor","data":{"component":"ModelComponent_0","hasTagCharge":false,"hasTagBattery":false},"runId":"debug1","hypothesisId":"H5"}
﻿{"id":"log_1777649722000","timestamp":1777649722000,"location":"PlayerCamera.cpp:143","message":"Tick hit detection - component under cursor","data":{"component":"ModelComponent_0","hasTagCharge":false,"hasTagBattery":false},"runId":"debug1","hypothesisId":"H5"}
﻿{"id":"log_1777649722000","timestamp":1777649722000,"location":"PlayerCamera.cpp:143","message":"Tick hit detection - component under cursor","data":{"component":"ModelComponent_0","hasTagCharge":false,"hasTagBattery":false},"runId":"debug1","hypothesisId":"H5"}
﻿{"id":"log_1777649722000","timestamp":1777649722000,"location":"PlayerCamera.cpp:143","message":"Tick hit detection - component under cursor","data":{"component":"ModelComponent_0","hasTagCharge":false,"hasTagBattery":false},"runId":"debug1","hypothesisId":"H5"}
﻿{"id":"log_1777649722000","timestamp":1777649722000,"location":"PlayerCamera.cpp:143","message":"Tick hit detection - component under cursor","data":{"component":"ModelComponent_0","hasTagCharge":false,"hasTagBattery":false},"runId":"debug1","hypothesisId":"H5"}
﻿{"id":"log_1777649722000","timestamp":1777649722000,"location":"PlayerCamera.cpp:143","message":"Tick hit detection - component under cursor","data":{"component":"ModelComponent_0","hasTagCharge":false,"hasTagBattery":false},"runId":"debug1","hypothesisId":"H5"}
﻿{"id":"log_1777649722000","timestamp":1777649722000,"location":"PlayerCamera.cpp:143","message":"Tick hit detection - component under cursor","data":{"component":"ModelComponent_0","hasTagCharge":false,"hasTagBattery":false},"runId":"debug1","hypothesisId":"H5"}
﻿{"id":"log_1777649722000","timestamp":1777649722000,"location":"PlayerCamera.cpp:143","message":"Tick hit detection - component under cursor","data":{"component":"ModelComponent_0","hasTagCharge":false,"hasTagBattery":false},"runId":"debug1","hypothesisId":"H5"}
﻿{"id":"log_1777649722000","timestamp":1777649722000,"location":"PlayerCamera.cpp:143","message":"Tick hit detection - component under cursor","data":{"component":"ModelComponent_0","hasTagCharge":false,"hasTagBattery":false},"runId":"debug1","hypothesisId":"H5"}
﻿{"id":"log_1777649722000","timestamp":1777649722000,"location":"PlayerCamera.cpp:143","message":"Tick hit detection - component under cursor","data":{"component":"ModelComponent_0","hasTagCharge":false,"hasTagBattery":false},"runId":"debug1","hypothesisId":"H5"}
﻿{"id":"log_1777649722000","timestamp":1777649722000,"location":"PlayerCamera.cpp:143","message":"Tick hit detection - component under cursor","data":{"component":"ModelComponent_0","hasTagCharge":false,"hasTagBattery":false},"runId":"debug1","hypothesisId":"H5"}
﻿{"id":"log_1777649722000","timestamp":1777649722000,"location":"PlayerCamera.cpp:143","message":"Tick hit detection - component under cursor","data":{"component":"ModelComponent_0","hasTagCharge":false,"hasTagBattery":false},"runId":"debug1","hypothesisId":"H5"}
﻿{"id":"log_1777649722000","timestamp":1777649722000,"location":"PlayerCamera.cpp:143","message":"Tick hit detection - component under cursor","data":{"component":"ModelComponent_0","hasTagCharge":false,"hasTagBattery":false},"runId":"debug1","hypothesisId":"H5"}
﻿{"id":"log_1777649722000","timestamp":1777649722000,"location":"PlayerCamera.cpp:143","message":"Tick hit detection - component under cursor","data":{"component":"ModelComponent_0","hasTagCharge":false,"hasTagBattery":false},"runId":"debug1","hypothesisId":"H5"}
﻿{"id":"log_1777649722000","timestamp":1777649722000,"location":"PlayerCamera.cpp:143","message":"Tick hit detection - component under cursor","data":{"component":"ModelComponent_0","hasTagCharge":false,"hasTagBattery":false},"runId":"debug1","hypothesisId":"H5"}
﻿{"id":"log_1777649722000","timestamp":1777649722000,"location":"PlayerCamera.cpp:143","message":"Tick hit detection - component under cursor","data":{"component":"ModelComponent_0","hasTagCharge":false,"hasTagBattery":false},"runId":"debug1","hypothesisId":"H5"}
﻿{"id":"log_1777649722000","timestamp":1777649722000,"location":"PlayerCamera.cpp:143","message":"Tick hit detection - component under cursor","data":{"component":"ModelComponent_0","hasTagCharge":false,"hasTagBattery":false},"runId":"debug1","hypothesisId":"H5"}
﻿{"id":"log_1777649722000","timestamp":1777649722000,"location":"PlayerCamera.cpp:143","message":"Tick hit detection - component under cursor","data":{"component":"ModelComponent_0","hasTagCharge":false,"hasTagBattery":false},"runId":"debug1","hypothesisId":"H5"}
﻿{"id":"log_1777649722000","timestamp":1777649722000,"location":"PlayerCamera.cpp:143","message":"Tick hit detection - component under cursor","data":{"component":"ModelComponent_0","hasTagCharge":false,"hasTagBattery":false},"runId":"debug1","hypothesisId":"H5"}
﻿{"id":"log_1777649722000","timestamp":1777649722000,"location":"PlayerCamera.cpp:143","message":"Tick hit detection - component under cursor","data":{"component":"ModelComponent_0","hasTagCharge":false,"hasTagBattery":false},"runId":"debug1","hypothesisId":"H5"}
﻿{"id":"log_1777649722000","timestamp":1777649722000,"location":"PlayerCamera.cpp:143","message":"Tick hit detection - component under cursor","data":{"component":"ModelComponent_0","hasTagCharge":false,"hasTagBattery":false},"runId":"debug1","hypothesisId":"H5"}
﻿{"id":"log_1777649722000","timestamp":1777649722000,"location":"PlayerCamera.cpp:143","message":"Tick hit detection - component under cursor","data":{"component":"ModelComponent_0","hasTagCharge":false,"hasTagBattery":false},"runId":"debug1","hypothesisId":"H5"}
﻿{"id":"log_1777649722000","timestamp":1777649722000,"location":"PlayerCamera.cpp:143","message":"Tick hit detection - component under cursor","data":{"component":"ModelComponent_0","hasTagCharge":false,"hasTagBattery":false},"runId":"debug1","hypothesisId":"H5"}
﻿{"id":"log_1777649722000","timestamp":1777649722000,"location":"PlayerCamera.cpp:143","message":"Tick hit detection - component under cursor","data":{"component":"ModelComponent_0","hasTagCharge":false,"hasTagBattery":false},"runId":"debug1","hypothesisId":"H5"}
﻿{"id":"log_1777649722000","timestamp":1777649722000,"location":"PlayerCamera.cpp:143","message":"Tick hit detection - component under cursor","data":{"component":"ModelComponent_0","hasTagCharge":false,"hasTagBattery":false},"runId":"debug1","hypothesisId":"H5"}
﻿{"id":"log_1777649722000","timestamp":1777649722000,"location":"PlayerCamera.cpp:143","message":"Tick hit detection - component under cursor","data":{"component":"ModelComponent_0","hasTagCharge":false,"hasTagBattery":false},"runId":"debug1","hypothesisId":"H5"}
﻿{"id":"log_1777649722000","timestamp":1777649722000,"location":"PlayerCamera.cpp:143","message":"Tick hit detection - component under cursor","data":{"component":"ModelComponent_0","hasTagCharge":false,"hasTagBattery":false},"runId":"debug1","hypothesisId":"H5"}
﻿{"id":"log_1777649722000","timestamp":1777649722000,"location":"PlayerCamera.cpp:143","message":"Tick hit detection - component under cursor","data":{"component":"ModelComponent_0","hasTagCharge":false,"hasTagBattery":false},"runId":"debug1","hypothesisId":"H5"}
﻿{"id":"log_1777649722000","timestamp":1777649722000,"location":"PlayerCamera.cpp:143","message":"Tick hit detection - component under cursor","data":{"component":"ModelComponent_0","hasTagCharge":false,"hasTagBattery":false},"runId":"debug1","hypothesisId":"H5"}
﻿{"id":"log_1777649722000","timestamp":1777649722000,"location":"PlayerCamera.cpp:143","message":"Tick hit detection - component under cursor","data":{"component":"ModelComponent_0","hasTagCharge":false,"hasTagBattery":false},"runId":"debug1","hypothesisId":"H5"}
﻿{"id":"log_1777649722000","timestamp":1777649722000,"location":"PlayerCamera.cpp:143","message":"Tick hit detection - component under cursor","data":{"component":"LightTrigger","hasTagCharge":false,"hasTagBattery":false},"runId":"debug1","hypothesisId":"H5"}
﻿{"id":"log_1777649722000","timestamp":1777649722000,"location":"PlayerCamera.cpp:143","message":"Tick hit detection - component under cursor","data":{"component":"ModelComponent_0","hasTagCharge":false,"hasTagBattery":false},"runId":"debug1","hypothesisId":"H5"}
﻿{"id":"log_1777649722000","timestamp":1777649722000,"location":"PlayerCamera.cpp:143","message":"Tick hit detection - component under cursor","data":{"component":"ModelComponent_0","hasTagCharge":false,"hasTagBattery":false},"runId":"debug1","hypothesisId":"H5"}
﻿{"id":"log_1777649722000","timestamp":1777649722000,"location":"PlayerCamera.cpp:143","message":"Tick hit detection - component under cursor","data":{"component":"ModelComponent_0","hasTagCharge":false,"hasTagBattery":false},"runId":"debug1","hypothesisId":"H5"}
﻿{"id":"log_1777649722000","timestamp":1777649722000,"location":"PlayerCamera.cpp:143","message":"Tick hit detection - component under cursor","data":{"component":"ModelComponent_0","hasTagCharge":false,"hasTagBattery":false},"runId":"debug1","hypothesisId":"H5"}
﻿{"id":"log_1777649722000","timestamp":1777649722000,"location":"PlayerCamera.cpp:143","message":"Tick hit detection - component under cursor","data":{"component":"ModelComponent_0","hasTagCharge":false,"hasTagBattery":false},"runId":"debug1","hypothesisId":"H5"}
﻿{"id":"log_1777649722000","timestamp":1777649722000,"location":"PlayerCamera.cpp:143","message":"Tick hit detection - component under cursor","data":{"component":"ModelComponent_0","hasTagCharge":false,"hasTagBattery":false},"runId":"debug1","hypothesisId":"H5"}
﻿{"id":"log_1777649722000","timestamp":1777649722000,"location":"PlayerCamera.cpp:143","message":"Tick hit detection - component under cursor","data":{"component":"ModelComponent_0","hasTagCharge":false,"hasTagBattery":false},"runId":"debug1","hypothesisId":"H5"}
﻿{"id":"log_1777649722000","timestamp":1777649722000,"location":"PlayerCamera.cpp:143","message":"Tick hit detection - component under cursor","data":{"component":"ModelComponent_0","hasTagCharge":false,"hasTagBattery":false},"runId":"debug1","hypothesisId":"H5"}
﻿{"id":"log_1777649722000","timestamp":1777649722000,"location":"PlayerCamera.cpp:143","message":"Tick hit detection - component under cursor","data":{"component":"ModelComponent_0","hasTagCharge":false,"hasTagBattery":false},"runId":"debug1","hypothesisId":"H5"}
﻿{"id":"log_1777649722000","timestamp":1777649722000,"location":"PlayerCamera.cpp:143","message":"Tick hit detection - component under cursor","data":{"component":"ModelComponent_0","hasTagCharge":false,"hasTagBattery":false},"runId":"debug1","hypothesisId":"H5"}
﻿{"id":"log_1777649722000","timestamp":1777649722000,"location":"PlayerCamera.cpp:143","message":"Tick hit detection - component under cursor","data":{"component":"ModelComponent_0","hasTagCharge":false,"hasTagBattery":false},"runId":"debug1","hypothesisId":"H5"}
﻿{"id":"log_1777649722000","timestamp":1777649722000,"location":"PlayerCamera.cpp:143","message":"Tick hit detection - component under cursor","data":{"component":"ModelComponent_0","hasTagCharge":false,"hasTagBattery":false},"runId":"debug1","hypothesisId":"H5"}
﻿{"id":"log_1777649722000","timestamp":1777649722000,"location":"PlayerCamera.cpp:143","message":"Tick hit detection - component under cursor","data":{"component":"ModelComponent_0","hasTagCharge":false,"hasTagBattery":false},"runId":"debug1","hypothesisId":"H5"}
﻿{"id":"log_1777649722000","timestamp":1777649722000,"location":"PlayerCamera.cpp:143","message":"Tick hit detection - component under cursor","data":{"component":"ModelComponent_0","hasTagCharge":false,"hasTagBattery":false},"runId":"debug1","hypothesisId":"H5"}
﻿{"id":"log_1777649722000","timestamp":1777649722000,"location":"PlayerCamera.cpp:143","message":"Tick hit detection - component under cursor","data":{"component":"ModelComponent_0","hasTagCharge":false,"hasTagBattery":false},"runId":"debug1","hypothesisId":"H5"}
﻿{"id":"log_1777649722000","timestamp":1777649722000,"location":"PlayerCamera.cpp:143","message":"Tick hit detection - component under cursor","data":{"component":"ModelComponent_0","hasTagCharge":false,"hasTagBattery":false},"runId":"debug1","hypothesisId":"H5"}
﻿{"id":"log_1777649722000","timestamp":1777649722000,"location":"PlayerCamera.cpp:143","message":"Tick hit detection - component under cursor","data":{"component":"ModelComponent_0","hasTagCharge":false,"hasTagBattery":false},"runId":"debug1","hypothesisId":"H5"}
﻿{"id":"log_1777649722000","timestamp":1777649722000,"location":"PlayerCamera.cpp:143","message":"Tick hit detection - component under cursor","data":{"component":"ModelComponent_0","hasTagCharge":false,"hasTagBattery":false},"runId":"debug1","hypothesisId":"H5"}
﻿{"id":"log_1777649722000","timestamp":1777649722000,"location":"PlayerCamera.cpp:143","message":"Tick hit detection - component under cursor","data":{"component":"ModelComponent_0","hasTagCharge":false,"hasTagBattery":false},"runId":"debug1","hypothesisId":"H5"}
﻿{"id":"log_1777649722000","timestamp":1777649722000,"location":"PlayerCamera.cpp:143","message":"Tick hit detection - component under cursor","data":{"component":"ModelComponent_0","hasTagCharge":false,"hasTagBattery":false},"runId":"debug1","hypothesisId":"H5"}
﻿{"id":"log_1777649722000","timestamp":1777649722000,"location":"PlayerCamera.cpp:143","message":"Tick hit detection - component under cursor","data":{"component":"ModelComponent_0","hasTagCharge":false,"hasTagBattery":false},"runId":"debug1","hypothesisId":"H5"}
﻿{"id":"log_1777649722000","timestamp":1777649722000,"location":"PlayerCamera.cpp:143","message":"Tick hit detection - component under cursor","data":{"component":"ModelComponent_0","hasTagCharge":false,"hasTagBattery":false},"runId":"debug1","hypothesisId":"H5"}
﻿{"id":"log_1777649723000","timestamp":1777649723000,"location":"PlayerCamera.cpp:143","message":"Tick hit detection - component under cursor","data":{"component":"ModelComponent_0","hasTagCharge":false,"hasTagBattery":false},"runId":"debug1","hypothesisId":"H5"}
﻿{"id":"log_1777649723000","timestamp":1777649723000,"location":"PlayerCamera.cpp:143","message":"Tick hit detection - component under cursor","data":{"component":"ModelComponent_0","hasTagCharge":false,"hasTagBattery":false},"runId":"debug1","hypothesisId":"H5"}
﻿{"id":"log_1777649723000","timestamp":1777649723000,"location":"PlayerCamera.cpp:143","message":"Tick hit detection - component under cursor","data":{"component":"ModelComponent_0","hasTagCharge":false,"hasTagBattery":false},"runId":"debug1","hypothesisId":"H5"}
﻿{"id":"log_1777649723000","timestamp":1777649723000,"location":"PlayerCamera.cpp:143","message":"Tick hit detection - component under cursor","data":{"component":"ModelComponent_0","hasTagCharge":false,"hasTagBattery":false},"runId":"debug1","hypothesisId":"H5"}
﻿{"id":"log_1777649723000","timestamp":1777649723000,"location":"PlayerCamera.cpp:143","message":"Tick hit detection - component under cursor","data":{"component":"ModelComponent_0","hasTagCharge":false,"hasTagBattery":false},"runId":"debug1","hypothesisId":"H5"}
﻿{"id":"log_1777649723000","timestamp":1777649723000,"location":"PlayerCamera.cpp:143","message":"Tick hit detection - component under cursor","data":{"component":"ModelComponent_0","hasTagCharge":false,"hasTagBattery":false},"runId":"debug1","hypothesisId":"H5"}
﻿{"id":"log_1777649723000","timestamp":1777649723000,"location":"PlayerCamera.cpp:143","message":"Tick hit detection - component under cursor","data":{"component":"ModelComponent_0","hasTagCharge":false,"hasTagBattery":false},"runId":"debug1","hypothesisId":"H5"}
﻿{"id":"log_1777649725000","timestamp":1777649725000,"location":"PlayerCamera.cpp:44","message":"InputMode setup completed (H1: input-mode-focus-consumption, H2: enhanced-input-conflict)","data":{"showCursor":true,"enableClickEvents":true,"mode":"GameOnly"},"runId":"debug1","hypothesisId":"H1"}
﻿{"id":"log_1777649725000","timestamp":1777649725000,"location":"PlayerCamera.cpp:143","message":"Tick hit detection - NO component under cursor (H5)","data":{"hitComp":null},"runId":"debug1","hypothesisId":"H5"}
﻿{"id":"log_1777649725000","timestamp":1777649725000,"location":"PlayerCamera.cpp:143","message":"Tick hit detection - component under cursor","data":{"component":"ModelComponent_0","hasTagCharge":false,"hasTagBattery":false},"runId":"debug1","hypothesisId":"H5"}
﻿{"id":"log_1777649725000","timestamp":1777649725000,"location":"PlayerCamera.cpp:143","message":"Tick hit detection - component under cursor","data":{"component":"ModelComponent_0","hasTagCharge":false,"hasTagBattery":false},"runId":"debug1","hypothesisId":"H5"}
﻿{"id":"log_1777649725000","timestamp":1777649725000,"location":"PlayerCamera.cpp:143","message":"Tick hit detection - component under cursor","data":{"component":"ModelComponent_0","hasTagCharge":false,"hasTagBattery":false},"runId":"debug1","hypothesisId":"H5"}
﻿{"id":"log_1777649726000","timestamp":1777649726000,"location":"PlayerCamera.cpp:143","message":"Tick hit detection - component under cursor","data":{"component":"ModelComponent_0","hasTagCharge":false,"hasTagBattery":false},"runId":"debug1","hypothesisId":"H5"}
﻿{"id":"log_1777649726000","timestamp":1777649726000,"location":"PlayerCamera.cpp:143","message":"Tick hit detection - component under cursor","data":{"component":"ModelComponent_0","hasTagCharge":false,"hasTagBattery":false},"runId":"debug1","hypothesisId":"H5"}
﻿{"id":"log_1777649726000","timestamp":1777649726000,"location":"PlayerCamera.cpp:143","message":"Tick hit detection - component under cursor","data":{"component":"ModelComponent_0","hasTagCharge":false,"hasTagBattery":false},"runId":"debug1","hypothesisId":"H5"}
﻿{"id":"log_1777649726000","timestamp":1777649726000,"location":"PlayerCamera.cpp:143","message":"Tick hit detection - component under cursor","data":{"component":"ModelComponent_0","hasTagCharge":false,"hasTagBattery":false},"runId":"debug1","hypothesisId":"H5"}
﻿{"id":"log_1777649726000","timestamp":1777649726000,"location":"PlayerCamera.cpp:143","message":"Tick hit detection - component under cursor","data":{"component":"ModelComponent_0","hasTagCharge":false,"hasTagBattery":false},"runId":"debug1","hypothesisId":"H5"}
﻿{"id":"log_1777649726000","timestamp":1777649726000,"location":"PlayerCamera.cpp:143","message":"Tick hit detection - component under cursor","data":{"component":"ModelComponent_0","hasTagCharge":false,"hasTagBattery":false},"runId":"debug1","hypothesisId":"H5"}
﻿{"id":"log_1777649726000","timestamp":1777649726000,"location":"PlayerCamera.cpp:143","message":"Tick hit detection - component under cursor","data":{"component":"ModelComponent_0","hasTagCharge":false,"hasTagBattery":false},"runId":"debug1","hypothesisId":"H5"}
﻿{"id":"log_1777649726000","timestamp":1777649726000,"location":"PlayerCamera.cpp:143","message":"Tick hit detection - component under cursor","data":{"component":"ModelComponent_0","hasTagCharge":false,"hasTagBattery":false},"runId":"debug1","hypothesisId":"H5"}
﻿{"id":"log_1777649726000","timestamp":1777649726000,"location":"PlayerCamera.cpp:143","message":"Tick hit detection - component under cursor","data":{"component":"ModelComponent_0","hasTagCharge":false,"hasTagBattery":false},"runId":"debug1","hypothesisId":"H5"}
﻿{"id":"log_1777649726000","timestamp":1777649726000,"location":"PlayerCamera.cpp:143","message":"Tick hit detection - component under cursor","data":{"component":"ModelComponent_0","hasTagCharge":false,"hasTagBattery":false},"runId":"debug1","hypothesisId":"H5"}
﻿{"id":"log_1777649726000","timestamp":1777649726000,"location":"PlayerCamera.cpp:143","message":"Tick hit detection - component under cursor","data":{"component":"ModelComponent_0","hasTagCharge":false,"hasTagBattery":false},"runId":"debug1","hypothesisId":"H5"}
﻿{"id":"log_1777649726000","timestamp":1777649726000,"location":"PlayerCamera.cpp:143","message":"Tick hit detection - component under cursor","data":{"component":"ModelComponent_0","hasTagCharge":false,"hasTagBattery":false},"runId":"debug1","hypothesisId":"H5"}
﻿{"id":"log_1777649726000","timestamp":1777649726000,"location":"PlayerCamera.cpp:143","message":"Tick hit detection - component under cursor","data":{"component":"ModelComponent_0","hasTagCharge":false,"hasTagBattery":false},"runId":"debug1","hypothesisId":"H5"}
﻿{"id":"log_1777649726000","timestamp":1777649726000,"location":"PlayerCamera.cpp:143","message":"Tick hit detection - component under cursor","data":{"component":"ModelComponent_0","hasTagCharge":false,"hasTagBattery":false},"runId":"debug1","hypothesisId":"H5"}
﻿{"id":"log_1777649726000","timestamp":1777649726000,"location":"PlayerCamera.cpp:143","message":"Tick hit detection - component under cursor","data":{"component":"ModelComponent_0","hasTagCharge":false,"hasTagBattery":false},"runId":"debug1","hypothesisId":"H5"}
﻿{"id":"log_1777649726000","timestamp":1777649726000,"location":"PlayerCamera.cpp:143","message":"Tick hit detection - component under cursor","data":{"component":"LightTrigger","hasTagCharge":false,"hasTagBattery":false},"runId":"debug1","hypothesisId":"H5"}
﻿{"id":"log_1777649726000","timestamp":1777649726000,"location":"PlayerCamera.cpp:143","message":"Tick hit detection - component under cursor","data":{"component":"ModelComponent_0","hasTagCharge":false,"hasTagBattery":false},"runId":"debug1","hypothesisId":"H5"}
﻿{"id":"log_1777649726000","timestamp":1777649726000,"location":"PlayerCamera.cpp:143","message":"Tick hit detection - component under cursor","data":{"component":"ModelComponent_0","hasTagCharge":false,"hasTagBattery":false},"runId":"debug1","hypothesisId":"H5"}
﻿{"id":"log_1777649726000","timestamp":1777649726000,"location":"PlayerCamera.cpp:143","message":"Tick hit detection - component under cursor","data":{"component":"ModelComponent_0","hasTagCharge":false,"hasTagBattery":false},"runId":"debug1","hypothesisId":"H5"}
﻿{"id":"log_1777649726000","timestamp":1777649726000,"location":"PlayerCamera.cpp:143","message":"Tick hit detection - component under cursor","data":{"component":"ModelComponent_0","hasTagCharge":false,"hasTagBattery":false},"runId":"debug1","hypothesisId":"H5"}
﻿{"id":"log_1777649726000","timestamp":1777649726000,"location":"PlayerCamera.cpp:143","message":"Tick hit detection - component under cursor","data":{"component":"ModelComponent_0","hasTagCharge":false,"hasTagBattery":false},"runId":"debug1","hypothesisId":"H5"}
﻿{"id":"log_1777649726000","timestamp":1777649726000,"location":"PlayerCamera.cpp:143","message":"Tick hit detection - component under cursor","data":{"component":"ModelComponent_0","hasTagCharge":false,"hasTagBattery":false},"runId":"debug1","hypothesisId":"H5"}
﻿{"id":"log_1777649726000","timestamp":1777649726000,"location":"PlayerCamera.cpp:143","message":"Tick hit detection - component under cursor","data":{"component":"ModelComponent_0","hasTagCharge":false,"hasTagBattery":false},"runId":"debug1","hypothesisId":"H5"}
﻿{"id":"log_1777649726000","timestamp":1777649726000,"location":"PlayerCamera.cpp:143","message":"Tick hit detection - component under cursor","data":{"component":"ModelComponent_0","hasTagCharge":false,"hasTagBattery":false},"runId":"debug1","hypothesisId":"H5"}
﻿{"id":"log_1777649726000","timestamp":1777649726000,"location":"PlayerCamera.cpp:143","message":"Tick hit detection - component under cursor","data":{"component":"ModelComponent_0","hasTagCharge":false,"hasTagBattery":false},"runId":"debug1","hypothesisId":"H5"}
﻿{"id":"log_1777649726000","timestamp":1777649726000,"location":"PlayerCamera.cpp:143","message":"Tick hit detection - component under cursor","data":{"component":"ModelComponent_0","hasTagCharge":false,"hasTagBattery":false},"runId":"debug1","hypothesisId":"H5"}
﻿{"id":"log_1777649726000","timestamp":1777649726000,"location":"PlayerCamera.cpp:143","message":"Tick hit detection - component under cursor","data":{"component":"ModelComponent_0","hasTagCharge":false,"hasTagBattery":false},"runId":"debug1","hypothesisId":"H5"}
﻿{"id":"log_1777649726000","timestamp":1777649726000,"location":"PlayerCamera.cpp:143","message":"Tick hit detection - component under cursor","data":{"component":"ModelComponent_0","hasTagCharge":false,"hasTagBattery":false},"runId":"debug1","hypothesisId":"H5"}
﻿{"id":"log_1777649726000","timestamp":1777649726000,"location":"PlayerCamera.cpp:143","message":"Tick hit detection - component under cursor","data":{"component":"ModelComponent_0","hasTagCharge":false,"hasTagBattery":false},"runId":"debug1","hypothesisId":"H5"}
﻿{"id":"log_1777649726000","timestamp":1777649726000,"location":"PlayerCamera.cpp:143","message":"Tick hit detection - component under cursor","data":{"component":"ModelComponent_0","hasTagCharge":false,"hasTagBattery":false},"runId":"debug1","hypothesisId":"H5"}
﻿{"id":"log_1777649726000","timestamp":1777649726000,"location":"PlayerCamera.cpp:143","message":"Tick hit detection - component under cursor","data":{"component":"ModelComponent_0","hasTagCharge":false,"hasTagBattery":false},"runId":"debug1","hypothesisId":"H5"}
﻿{"id":"log_1777649726000","timestamp":1777649726000,"location":"PlayerCamera.cpp:143","message":"Tick hit detection - component under cursor","data":{"component":"ModelComponent_0","hasTagCharge":false,"hasTagBattery":false},"runId":"debug1","hypothesisId":"H5"}
﻿{"id":"log_1777649726000","timestamp":1777649726000,"location":"PlayerCamera.cpp:143","message":"Tick hit detection - component under cursor","data":{"component":"ModelComponent_0","hasTagCharge":false,"hasTagBattery":false},"runId":"debug1","hypothesisId":"H5"}
﻿{"id":"log_1777649726000","timestamp":1777649726000,"location":"PlayerCamera.cpp:143","message":"Tick hit detection - component under cursor","data":{"component":"ModelComponent_0","hasTagCharge":false,"hasTagBattery":false},"runId":"debug1","hypothesisId":"H5"}
﻿{"id":"log_1777649726000","timestamp":1777649726000,"location":"PlayerCamera.cpp:143","message":"Tick hit detection - component under cursor","data":{"component":"ModelComponent_0","hasTagCharge":false,"hasTagBattery":false},"runId":"debug1","hypothesisId":"H5"}
﻿{"id":"log_1777649726000","timestamp":1777649726000,"location":"PlayerCamera.cpp:143","message":"Tick hit detection - component under cursor","data":{"component":"ModelComponent_0","hasTagCharge":false,"hasTagBattery":false},"runId":"debug1","hypothesisId":"H5"}
﻿{"id":"log_1777649726000","timestamp":1777649726000,"location":"PlayerCamera.cpp:143","message":"Tick hit detection - component under cursor","data":{"component":"ModelComponent_0","hasTagCharge":false,"hasTagBattery":false},"runId":"debug1","hypothesisId":"H5"}
﻿{"id":"log_1777649726000","timestamp":1777649726000,"location":"PlayerCamera.cpp:143","message":"Tick hit detection - component under cursor","data":{"component":"ModelComponent_0","hasTagCharge":false,"hasTagBattery":false},"runId":"debug1","hypothesisId":"H5"}
﻿{"id":"log_1777649726000","timestamp":1777649726000,"location":"PlayerCamera.cpp:143","message":"Tick hit detection - component under cursor","data":{"component":"ModelComponent_0","hasTagCharge":false,"hasTagBattery":false},"runId":"debug1","hypothesisId":"H5"}
﻿{"id":"log_1777649726000","timestamp":1777649726000,"location":"PlayerCamera.cpp:143","message":"Tick hit detection - component under cursor","data":{"component":"ModelComponent_0","hasTagCharge":false,"hasTagBattery":false},"runId":"debug1","hypothesisId":"H5"}
﻿{"id":"log_1777649726000","timestamp":1777649726000,"location":"PlayerCamera.cpp:143","message":"Tick hit detection - component under cursor","data":{"component":"ModelComponent_0","hasTagCharge":false,"hasTagBattery":false},"runId":"debug1","hypothesisId":"H5"}
﻿{"id":"log_1777649726000","timestamp":1777649726000,"location":"PlayerCamera.cpp:143","message":"Tick hit detection - component under cursor","data":{"component":"ModelComponent_0","hasTagCharge":false,"hasTagBattery":false},"runId":"debug1","hypothesisId":"H5"}
﻿{"id":"log_1777649726000","timestamp":1777649726000,"location":"PlayerCamera.cpp:143","message":"Tick hit detection - component under cursor","data":{"component":"ModelComponent_0","hasTagCharge":false,"hasTagBattery":false},"runId":"debug1","hypothesisId":"H5"}
﻿{"id":"log_1777649726000","timestamp":1777649726000,"location":"PlayerCamera.cpp:143","message":"Tick hit detection - component under cursor","data":{"component":"ModelComponent_0","hasTagCharge":false,"hasTagBattery":false},"runId":"debug1","hypothesisId":"H5"}
﻿{"id":"log_1777649726000","timestamp":1777649726000,"location":"PlayerCamera.cpp:143","message":"Tick hit detection - component under cursor","data":{"component":"ModelComponent_0","hasTagCharge":false,"hasTagBattery":false},"runId":"debug1","hypothesisId":"H5"}
﻿{"id":"log_1777649726000","timestamp":1777649726000,"location":"PlayerCamera.cpp:143","message":"Tick hit detection - component under cursor","data":{"component":"ModelComponent_0","hasTagCharge":false,"hasTagBattery":false},"runId":"debug1","hypothesisId":"H5"}
﻿{"id":"log_1777649726000","timestamp":1777649726000,"location":"PlayerCamera.cpp:143","message":"Tick hit detection - component under cursor","data":{"component":"ModelComponent_0","hasTagCharge":false,"hasTagBattery":false},"runId":"debug1","hypothesisId":"H5"}
﻿{"id":"log_1777649726000","timestamp":1777649726000,"location":"PlayerCamera.cpp:143","message":"Tick hit detection - component under cursor","data":{"component":"ModelComponent_0","hasTagCharge":false,"hasTagBattery":false},"runId":"debug1","hypothesisId":"H5"}
﻿{"id":"log_1777649726000","timestamp":1777649726000,"location":"PlayerCamera.cpp:143","message":"Tick hit detection - component under cursor","data":{"component":"ModelComponent_0","hasTagCharge":false,"hasTagBattery":false},"runId":"debug1","hypothesisId":"H5"}
﻿{"id":"log_1777649726000","timestamp":1777649726000,"location":"PlayerCamera.cpp:143","message":"Tick hit detection - component under cursor","data":{"component":"ModelComponent_0","hasTagCharge":false,"hasTagBattery":false},"runId":"debug1","hypothesisId":"H5"}
﻿{"id":"log_1777649726000","timestamp":1777649726000,"location":"PlayerCamera.cpp:143","message":"Tick hit detection - component under cursor","data":{"component":"ModelComponent_0","hasTagCharge":false,"hasTagBattery":false},"runId":"debug1","hypothesisId":"H5"}
﻿{"id":"log_1777649726000","timestamp":1777649726000,"location":"PlayerCamera.cpp:143","message":"Tick hit detection - component under cursor","data":{"component":"ModelComponent_0","hasTagCharge":false,"hasTagBattery":false},"runId":"debug1","hypothesisId":"H5"}
﻿{"id":"log_1777649726000","timestamp":1777649726000,"location":"PlayerCamera.cpp:143","message":"Tick hit detection - component under cursor","data":{"component":"ModelComponent_0","hasTagCharge":false,"hasTagBattery":false},"runId":"debug1","hypothesisId":"H5"}
﻿{"id":"log_1777649726000","timestamp":1777649726000,"location":"PlayerCamera.cpp:143","message":"Tick hit detection - component under cursor","data":{"component":"ModelComponent_0","hasTagCharge":false,"hasTagBattery":false},"runId":"debug1","hypothesisId":"H5"}
﻿{"id":"log_1777649726000","timestamp":1777649726000,"location":"PlayerCamera.cpp:143","message":"Tick hit detection - component under cursor","data":{"component":"ModelComponent_0","hasTagCharge":false,"hasTagBattery":false},"runId":"debug1","hypothesisId":"H5"}
﻿{"id":"log_1777649726000","timestamp":1777649726000,"location":"PlayerCamera.cpp:143","message":"Tick hit detection - component under cursor","data":{"component":"ModelComponent_0","hasTagCharge":false,"hasTagBattery":false},"runId":"debug1","hypothesisId":"H5"}
﻿{"id":"log_1777649726000","timestamp":1777649726000,"location":"PlayerCamera.cpp:143","message":"Tick hit detection - component under cursor","data":{"component":"ModelComponent_0","hasTagCharge":false,"hasTagBattery":false},"runId":"debug1","hypothesisId":"H5"}
﻿{"id":"log_1777649726000","timestamp":1777649726000,"location":"PlayerCamera.cpp:143","message":"Tick hit detection - component under cursor","data":{"component":"ModelComponent_0","hasTagCharge":false,"hasTagBattery":false},"runId":"debug1","hypothesisId":"H5"}
﻿{"id":"log_1777649726000","timestamp":1777649726000,"location":"PlayerCamera.cpp:143","message":"Tick hit detection - component under cursor","data":{"component":"ModelComponent_0","hasTagCharge":false,"hasTagBattery":false},"runId":"debug1","hypothesisId":"H5"}
﻿{"id":"log_1777649726000","timestamp":1777649726000,"location":"PlayerCamera.cpp:143","message":"Tick hit detection - component under cursor","data":{"component":"ModelComponent_0","hasTagCharge":false,"hasTagBattery":false},"runId":"debug1","hypothesisId":"H5"}
﻿{"id":"log_1777649727000","timestamp":1777649727000,"location":"PlayerCamera.cpp:143","message":"Tick hit detection - component under cursor","data":{"component":"ModelComponent_0","hasTagCharge":false,"hasTagBattery":false},"runId":"debug1","hypothesisId":"H5"}
﻿{"id":"log_1777649727000","timestamp":1777649727000,"location":"PlayerCamera.cpp:143","message":"Tick hit detection - component under cursor","data":{"component":"ModelComponent_0","hasTagCharge":false,"hasTagBattery":false},"runId":"debug1","hypothesisId":"H5"}
﻿{"id":"log_1777649727000","timestamp":1777649727000,"location":"PlayerCamera.cpp:143","message":"Tick hit detection - component under cursor","data":{"component":"ModelComponent_0","hasTagCharge":false,"hasTagBattery":false},"runId":"debug1","hypothesisId":"H5"}
﻿{"id":"log_1777649727000","timestamp":1777649727000,"location":"PlayerCamera.cpp:143","message":"Tick hit detection - component under cursor","data":{"component":"ModelComponent_0","hasTagCharge":false,"hasTagBattery":false},"runId":"debug1","hypothesisId":"H5"}
﻿{"id":"log_1777649727000","timestamp":1777649727000,"location":"PlayerCamera.cpp:143","message":"Tick hit detection - component under cursor","data":{"component":"ModelComponent_0","hasTagCharge":false,"hasTagBattery":false},"runId":"debug1","hypothesisId":"H5"}
﻿{"id":"log_1777649727000","timestamp":1777649727000,"location":"PlayerCamera.cpp:143","message":"Tick hit detection - component under cursor","data":{"component":"ModelComponent_0","hasTagCharge":false,"hasTagBattery":false},"runId":"debug1","hypothesisId":"H5"}
﻿{"id":"log_1777649727000","timestamp":1777649727000,"location":"PlayerCamera.cpp:143","message":"Tick hit detection - component under cursor","data":{"component":"ModelComponent_0","hasTagCharge":false,"hasTagBattery":false},"runId":"debug1","hypothesisId":"H5"}
﻿{"id":"log_1777649727000","timestamp":1777649727000,"location":"PlayerCamera.cpp:143","message":"Tick hit detection - component under cursor","data":{"component":"ModelComponent_0","hasTagCharge":false,"hasTagBattery":false},"runId":"debug1","hypothesisId":"H5"}
﻿{"id":"log_1777649727000","timestamp":1777649727000,"location":"PlayerCamera.cpp:143","message":"Tick hit detection - component under cursor","data":{"component":"ModelComponent_0","hasTagCharge":false,"hasTagBattery":false},"runId":"debug1","hypothesisId":"H5"}
﻿{"id":"log_1777649727000","timestamp":1777649727000,"location":"PlayerCamera.cpp:143","message":"Tick hit detection - component under cursor","data":{"component":"ModelComponent_0","hasTagCharge":false,"hasTagBattery":false},"runId":"debug1","hypothesisId":"H5"}
﻿{"id":"log_1777649727000","timestamp":1777649727000,"location":"PlayerCamera.cpp:143","message":"Tick hit detection - component under cursor","data":{"component":"ModelComponent_0","hasTagCharge":false,"hasTagBattery":false},"runId":"debug1","hypothesisId":"H5"}
﻿{"id":"log_1777649727000","timestamp":1777649727000,"location":"PlayerCamera.cpp:143","message":"Tick hit detection - component under cursor","data":{"component":"ModelComponent_0","hasTagCharge":false,"hasTagBattery":false},"runId":"debug1","hypothesisId":"H5"}
﻿{"id":"log_1777649727000","timestamp":1777649727000,"location":"PlayerCamera.cpp:143","message":"Tick hit detection - component under cursor","data":{"component":"ModelComponent_0","hasTagCharge":false,"hasTagBattery":false},"runId":"debug1","hypothesisId":"H5"}
﻿{"id":"log_1777649727000","timestamp":1777649727000,"location":"PlayerCamera.cpp:143","message":"Tick hit detection - component under cursor","data":{"component":"ModelComponent_0","hasTagCharge":false,"hasTagBattery":false},"runId":"debug1","hypothesisId":"H5"}
﻿{"id":"log_1777649727000","timestamp":1777649727000,"location":"PlayerCamera.cpp:143","message":"Tick hit detection - component under cursor","data":{"component":"ModelComponent_0","hasTagCharge":false,"hasTagBattery":false},"runId":"debug1","hypothesisId":"H5"}
﻿{"id":"log_1777649727000","timestamp":1777649727000,"location":"PlayerCamera.cpp:143","message":"Tick hit detection - component under cursor","data":{"component":"ModelComponent_0","hasTagCharge":false,"hasTagBattery":false},"runId":"debug1","hypothesisId":"H5"}
﻿{"id":"log_1777649727000","timestamp":1777649727000,"location":"PlayerCamera.cpp:143","message":"Tick hit detection - component under cursor","data":{"component":"ModelComponent_0","hasTagCharge":false,"hasTagBattery":false},"runId":"debug1","hypothesisId":"H5"}
﻿{"id":"log_1777649727000","timestamp":1777649727000,"location":"PlayerCamera.cpp:143","message":"Tick hit detection - component under cursor","data":{"component":"ModelComponent_0","hasTagCharge":false,"hasTagBattery":false},"runId":"debug1","hypothesisId":"H5"}
﻿{"id":"log_1777649727000","timestamp":1777649727000,"location":"PlayerCamera.cpp:143","message":"Tick hit detection - component under cursor","data":{"component":"ModelComponent_0","hasTagCharge":false,"hasTagBattery":false},"runId":"debug1","hypothesisId":"H5"}
﻿{"id":"log_1777649727000","timestamp":1777649727000,"location":"PlayerCamera.cpp:143","message":"Tick hit detection - component under cursor","data":{"component":"ModelComponent_0","hasTagCharge":false,"hasTagBattery":false},"runId":"debug1","hypothesisId":"H5"}
﻿{"id":"log_1777649727000","timestamp":1777649727000,"location":"PlayerCamera.cpp:143","message":"Tick hit detection - component under cursor","data":{"component":"ModelComponent_0","hasTagCharge":false,"hasTagBattery":false},"runId":"debug1","hypothesisId":"H5"}
﻿{"id":"log_1777649727000","timestamp":1777649727000,"location":"PlayerCamera.cpp:143","message":"Tick hit detection - component under cursor","data":{"component":"DetectorMesh","hasTagCharge":false,"hasTagBattery":false},"runId":"debug1","hypothesisId":"H5"}
﻿{"id":"log_1777649727000","timestamp":1777649727000,"location":"PlayerCamera.cpp:143","message":"Tick hit detection - component under cursor","data":{"component":"ScreenWidget","hasTagCharge":false,"hasTagBattery":false},"runId":"debug1","hypothesisId":"H5"}
﻿{"id":"log_1777649727000","timestamp":1777649727000,"location":"PlayerCamera.cpp:143","message":"Tick hit detection - component under cursor","data":{"component":"ScreenWidget","hasTagCharge":false,"hasTagBattery":false},"runId":"debug1","hypothesisId":"H5"}
﻿{"id":"log_1777649727000","timestamp":1777649727000,"location":"PlayerCamera.cpp:143","message":"Tick hit detection - component under cursor","data":{"component":"ScreenWidget","hasTagCharge":false,"hasTagBattery":false},"runId":"debug1","hypothesisId":"H5"}
﻿{"id":"log_1777649727000","timestamp":1777649727000,"location":"PlayerCamera.cpp:143","message":"Tick hit detection - component under cursor","data":{"component":"ModelComponent_3","hasTagCharge":false,"hasTagBattery":false},"runId":"debug1","hypothesisId":"H5"}
﻿{"id":"log_1777649727000","timestamp":1777649727000,"location":"PlayerCamera.cpp:143","message":"Tick hit detection - component under cursor","data":{"component":"ModelComponent_3","hasTagCharge":false,"hasTagBattery":false},"runId":"debug1","hypothesisId":"H5"}
﻿{"id":"log_1777649727000","timestamp":1777649727000,"location":"PlayerCamera.cpp:143","message":"Tick hit detection - component under cursor","data":{"component":"ModelComponent_3","hasTagCharge":false,"hasTagBattery":false},"runId":"debug1","hypothesisId":"H5"}
﻿{"id":"log_1777649727000","timestamp":1777649727000,"location":"PlayerCamera.cpp:143","message":"Tick hit detection - component under cursor","data":{"component":"ModelComponent_3","hasTagCharge":false,"hasTagBattery":false},"runId":"debug1","hypothesisId":"H5"}
﻿{"id":"log_1777649727000","timestamp":1777649727000,"location":"PlayerCamera.cpp:143","message":"Tick hit detection - component under cursor","data":{"component":"ModelComponent_3","hasTagCharge":false,"hasTagBattery":false},"runId":"debug1","hypothesisId":"H5"}
﻿{"id":"log_1777649727000","timestamp":1777649727000,"location":"PlayerCamera.cpp:143","message":"Tick hit detection - component under cursor","data":{"component":"ModelComponent_3","hasTagCharge":false,"hasTagBattery":false},"runId":"debug1","hypothesisId":"H5"}
﻿{"id":"log_1777649727000","timestamp":1777649727000,"location":"PlayerCamera.cpp:143","message":"Tick hit detection - component under cursor","data":{"component":"ModelComponent_3","hasTagCharge":false,"hasTagBattery":false},"runId":"debug1","hypothesisId":"H5"}
﻿{"id":"log_1777649727000","timestamp":1777649727000,"location":"PlayerCamera.cpp:143","message":"Tick hit detection - component under cursor","data":{"component":"ModelComponent_3","hasTagCharge":false,"hasTagBattery":false},"runId":"debug1","hypothesisId":"H5"}
﻿{"id":"log_1777649727000","timestamp":1777649727000,"location":"PlayerCamera.cpp:143","message":"Tick hit detection - component under cursor","data":{"component":"ModelComponent_3","hasTagCharge":false,"hasTagBattery":false},"runId":"debug1","hypothesisId":"H5"}
﻿{"id":"log_1777649727000","timestamp":1777649727000,"location":"PlayerCamera.cpp:143","message":"Tick hit detection - component under cursor","data":{"component":"ModelComponent_3","hasTagCharge":false,"hasTagBattery":false},"runId":"debug1","hypothesisId":"H5"}
﻿{"id":"log_1777649727000","timestamp":1777649727000,"location":"PlayerCamera.cpp:143","message":"Tick hit detection - component under cursor","data":{"component":"ModelComponent_3","hasTagCharge":false,"hasTagBattery":false},"runId":"debug1","hypothesisId":"H5"}
﻿{"id":"log_1777649727000","timestamp":1777649727000,"location":"PlayerCamera.cpp:143","message":"Tick hit detection - component under cursor","data":{"component":"ModelComponent_3","hasTagCharge":false,"hasTagBattery":false},"runId":"debug1","hypothesisId":"H5"}
﻿{"id":"log_1777649727000","timestamp":1777649727000,"location":"PlayerCamera.cpp:143","message":"Tick hit detection - component under cursor","data":{"component":"ModelComponent_3","hasTagCharge":false,"hasTagBattery":false},"runId":"debug1","hypothesisId":"H5"}
﻿{"id":"log_1777649727000","timestamp":1777649727000,"location":"PlayerCamera.cpp:143","message":"Tick hit detection - component under cursor","data":{"component":"ModelComponent_3","hasTagCharge":false,"hasTagBattery":false},"runId":"debug1","hypothesisId":"H5"}
﻿{"id":"log_1777649727000","timestamp":1777649727000,"location":"PlayerCamera.cpp:143","message":"Tick hit detection - component under cursor","data":{"component":"ModelComponent_3","hasTagCharge":false,"hasTagBattery":false},"runId":"debug1","hypothesisId":"H5"}
﻿{"id":"log_1777649727000","timestamp":1777649727000,"location":"PlayerCamera.cpp:143","message":"Tick hit detection - component under cursor","data":{"component":"ModelComponent_3","hasTagCharge":false,"hasTagBattery":false},"runId":"debug1","hypothesisId":"H5"}
﻿{"id":"log_1777649727000","timestamp":1777649727000,"location":"PlayerCamera.cpp:143","message":"Tick hit detection - component under cursor","data":{"component":"ModelComponent_3","hasTagCharge":false,"hasTagBattery":false},"runId":"debug1","hypothesisId":"H5"}
﻿{"id":"log_1777649727000","timestamp":1777649727000,"location":"PlayerCamera.cpp:143","message":"Tick hit detection - component under cursor","data":{"component":"ModelComponent_3","hasTagCharge":false,"hasTagBattery":false},"runId":"debug1","hypothesisId":"H5"}
﻿{"id":"log_1777649727000","timestamp":1777649727000,"location":"PlayerCamera.cpp:143","message":"Tick hit detection - component under cursor","data":{"component":"ModelComponent_3","hasTagCharge":false,"hasTagBattery":false},"runId":"debug1","hypothesisId":"H5"}
﻿{"id":"log_1777649727000","timestamp":1777649727000,"location":"PlayerCamera.cpp:143","message":"Tick hit detection - component under cursor","data":{"component":"ModelComponent_3","hasTagCharge":false,"hasTagBattery":false},"runId":"debug1","hypothesisId":"H5"}
﻿{"id":"log_1777649727000","timestamp":1777649727000,"location":"PlayerCamera.cpp:143","message":"Tick hit detection - component under cursor","data":{"component":"ModelComponent_3","hasTagCharge":false,"hasTagBattery":false},"runId":"debug1","hypothesisId":"H5"}
﻿{"id":"log_1777649727000","timestamp":1777649727000,"location":"PlayerCamera.cpp:143","message":"Tick hit detection - component under cursor","data":{"component":"ModelComponent_3","hasTagCharge":false,"hasTagBattery":false},"runId":"debug1","hypothesisId":"H5"}
﻿{"id":"log_1777649727000","timestamp":1777649727000,"location":"PlayerCamera.cpp:143","message":"Tick hit detection - component under cursor","data":{"component":"ModelComponent_3","hasTagCharge":false,"hasTagBattery":false},"runId":"debug1","hypothesisId":"H5"}
﻿{"id":"log_1777649727000","timestamp":1777649727000,"location":"PlayerCamera.cpp:143","message":"Tick hit detection - component under cursor","data":{"component":"ModelComponent_3","hasTagCharge":false,"hasTagBattery":false},"runId":"debug1","hypothesisId":"H5"}
﻿{"id":"log_1777649727000","timestamp":1777649727000,"location":"PlayerCamera.cpp:143","message":"Tick hit detection - component under cursor","data":{"component":"ModelComponent_3","hasTagCharge":false,"hasTagBattery":false},"runId":"debug1","hypothesisId":"H5"}
﻿{"id":"log_1777649727000","timestamp":1777649727000,"location":"PlayerCamera.cpp:143","message":"Tick hit detection - component under cursor","data":{"component":"ModelComponent_3","hasTagCharge":false,"hasTagBattery":false},"runId":"debug1","hypothesisId":"H5"}
﻿{"id":"log_1777649727000","timestamp":1777649727000,"location":"PlayerCamera.cpp:143","message":"Tick hit detection - component under cursor","data":{"component":"ModelComponent_3","hasTagCharge":false,"hasTagBattery":false},"runId":"debug1","hypothesisId":"H5"}
﻿{"id":"log_1777649727000","timestamp":1777649727000,"location":"PlayerCamera.cpp:143","message":"Tick hit detection - component under cursor","data":{"component":"ModelComponent_3","hasTagCharge":false,"hasTagBattery":false},"runId":"debug1","hypothesisId":"H5"}
﻿{"id":"log_1777649727000","timestamp":1777649727000,"location":"PlayerCamera.cpp:143","message":"Tick hit detection - component under cursor","data":{"component":"ModelComponent_3","hasTagCharge":false,"hasTagBattery":false},"runId":"debug1","hypothesisId":"H5"}
﻿{"id":"log_1777649727000","timestamp":1777649727000,"location":"PlayerCamera.cpp:143","message":"Tick hit detection - component under cursor","data":{"component":"ModelComponent_3","hasTagCharge":false,"hasTagBattery":false},"runId":"debug1","hypothesisId":"H5"}
﻿{"id":"log_1777649727000","timestamp":1777649727000,"location":"PlayerCamera.cpp:143","message":"Tick hit detection - component under cursor","data":{"component":"ModelComponent_3","hasTagCharge":false,"hasTagBattery":false},"runId":"debug1","hypothesisId":"H5"}
﻿{"id":"log_1777649727000","timestamp":1777649727000,"location":"PlayerCamera.cpp:143","message":"Tick hit detection - component under cursor","data":{"component":"ModelComponent_3","hasTagCharge":false,"hasTagBattery":false},"runId":"debug1","hypothesisId":"H5"}
﻿{"id":"log_1777649727000","timestamp":1777649727000,"location":"PlayerCamera.cpp:143","message":"Tick hit detection - component under cursor","data":{"component":"ModelComponent_3","hasTagCharge":false,"hasTagBattery":false},"runId":"debug1","hypothesisId":"H5"}
﻿{"id":"log_1777649727000","timestamp":1777649727000,"location":"PlayerCamera.cpp:143","message":"Tick hit detection - component under cursor","data":{"component":"ModelComponent_3","hasTagCharge":false,"hasTagBattery":false},"runId":"debug1","hypothesisId":"H5"}
﻿{"id":"log_1777649727000","timestamp":1777649727000,"location":"PlayerCamera.cpp:143","message":"Tick hit detection - component under cursor","data":{"component":"ModelComponent_3","hasTagCharge":false,"hasTagBattery":false},"runId":"debug1","hypothesisId":"H5"}
﻿{"id":"log_1777649728000","timestamp":1777649728000,"location":"PlayerCamera.cpp:143","message":"Tick hit detection - component under cursor","data":{"component":"ModelComponent_3","hasTagCharge":false,"hasTagBattery":false},"runId":"debug1","hypothesisId":"H5"}
﻿{"id":"log_1777649728000","timestamp":1777649728000,"location":"PlayerCamera.cpp:143","message":"Tick hit detection - component under cursor","data":{"component":"ModelComponent_3","hasTagCharge":false,"hasTagBattery":false},"runId":"debug1","hypothesisId":"H5"}
﻿{"id":"log_1777649728000","timestamp":1777649728000,"location":"PlayerCamera.cpp:143","message":"Tick hit detection - component under cursor","data":{"component":"ModelComponent_3","hasTagCharge":false,"hasTagBattery":false},"runId":"debug1","hypothesisId":"H5"}
﻿{"id":"log_1777649728000","timestamp":1777649728000,"location":"PlayerCamera.cpp:143","message":"Tick hit detection - component under cursor","data":{"component":"ModelComponent_3","hasTagCharge":false,"hasTagBattery":false},"runId":"debug1","hypothesisId":"H5"}
﻿{"id":"log_1777649728000","timestamp":1777649728000,"location":"PlayerCamera.cpp:143","message":"Tick hit detection - component under cursor","data":{"component":"ModelComponent_3","hasTagCharge":false,"hasTagBattery":false},"runId":"debug1","hypothesisId":"H5"}
﻿{"id":"log_1777649728000","timestamp":1777649728000,"location":"PlayerCamera.cpp:143","message":"Tick hit detection - component under cursor","data":{"component":"ScreenWidget","hasTagCharge":false,"hasTagBattery":false},"runId":"debug1","hypothesisId":"H5"}
﻿{"id":"log_1777649728000","timestamp":1777649728000,"location":"PlayerCamera.cpp:143","message":"Tick hit detection - component under cursor","data":{"component":"ScreenWidget","hasTagCharge":false,"hasTagBattery":false},"runId":"debug1","hypothesisId":"H5"}
﻿{"id":"log_1777649728000","timestamp":1777649728000,"location":"PlayerCamera.cpp:143","message":"Tick hit detection - component under cursor","data":{"component":"ScreenWidget","hasTagCharge":false,"hasTagBattery":false},"runId":"debug1","hypothesisId":"H5"}
﻿{"id":"log_1777649728000","timestamp":1777649728000,"location":"PlayerCamera.cpp:143","message":"Tick hit detection - component under cursor","data":{"component":"DetectorMesh","hasTagCharge":false,"hasTagBattery":false},"runId":"debug1","hypothesisId":"H5"}
﻿{"id":"log_1777649728000","timestamp":1777649728000,"location":"PlayerCamera.cpp:143","message":"Tick hit detection - component under cursor","data":{"component":"DetectorMesh","hasTagCharge":false,"hasTagBattery":false},"runId":"debug1","hypothesisId":"H5"}
﻿{"id":"log_1777649728000","timestamp":1777649728000,"location":"PlayerCamera.cpp:143","message":"Tick hit detection - component under cursor","data":{"component":"BatteryBase","hasTagCharge":false,"hasTagBattery":true},"runId":"debug1","hypothesisId":"H5"}
﻿{"id":"log_1777649728000","timestamp":1777649728000,"location":"PlayerCamera.cpp:143","message":"Tick hit detection - component under cursor","data":{"component":"ModelComponent_0","hasTagCharge":false,"hasTagBattery":false},"runId":"debug1","hypothesisId":"H5"}
﻿{"id":"log_1777649728000","timestamp":1777649728000,"location":"PlayerCamera.cpp:143","message":"Tick hit detection - component under cursor","data":{"component":"ModelComponent_0","hasTagCharge":false,"hasTagBattery":false},"runId":"debug1","hypothesisId":"H5"}
﻿{"id":"log_1777649728000","timestamp":1777649728000,"location":"PlayerCamera.cpp:143","message":"Tick hit detection - component under cursor","data":{"component":"ModelComponent_0","hasTagCharge":false,"hasTagBattery":false},"runId":"debug1","hypothesisId":"H5"}
﻿{"id":"log_1777649728000","timestamp":1777649728000,"location":"PlayerCamera.cpp:143","message":"Tick hit detection - component under cursor","data":{"component":"BatterySlot_0","hasTagCharge":false,"hasTagBattery":false},"runId":"debug1","hypothesisId":"H5"}
﻿{"id":"log_1777649728000","timestamp":1777649728000,"location":"PlayerCamera.cpp:143","message":"Tick hit detection - component under cursor","data":{"component":"ModelComponent_0","hasTagCharge":false,"hasTagBattery":false},"runId":"debug1","hypothesisId":"H5"}
﻿{"id":"log_1777649728000","timestamp":1777649728000,"location":"PlayerCamera.cpp:143","message":"Tick hit detection - component under cursor","data":{"component":"ModelComponent_0","hasTagCharge":false,"hasTagBattery":false},"runId":"debug1","hypothesisId":"H5"}
﻿{"id":"log_1777649728000","timestamp":1777649728000,"location":"PlayerCamera.cpp:143","message":"Tick hit detection - component under cursor","data":{"component":"ModelComponent_0","hasTagCharge":false,"hasTagBattery":false},"runId":"debug1","hypothesisId":"H5"}
﻿{"id":"log_1777649728000","timestamp":1777649728000,"location":"PlayerCamera.cpp:143","message":"Tick hit detection - component under cursor","data":{"component":"ModelComponent_0","hasTagCharge":false,"hasTagBattery":false},"runId":"debug1","hypothesisId":"H5"}
﻿{"id":"log_1777649728000","timestamp":1777649728000,"location":"PlayerCamera.cpp:143","message":"Tick hit detection - component under cursor","data":{"component":"ModelComponent_0","hasTagCharge":false,"hasTagBattery":false},"runId":"debug1","hypothesisId":"H5"}
﻿{"id":"log_1777649728000","timestamp":1777649728000,"location":"PlayerCamera.cpp:143","message":"Tick hit detection - component under cursor","data":{"component":"ModelComponent_0","hasTagCharge":false,"hasTagBattery":false},"runId":"debug1","hypothesisId":"H5"}
﻿{"id":"log_1777649728000","timestamp":1777649728000,"location":"PlayerCamera.cpp:143","message":"Tick hit detection - component under cursor","data":{"component":"ModelComponent_0","hasTagCharge":false,"hasTagBattery":false},"runId":"debug1","hypothesisId":"H5"}
﻿{"id":"log_1777649728000","timestamp":1777649728000,"location":"PlayerCamera.cpp:143","message":"Tick hit detection - component under cursor","data":{"component":"ModelComponent_0","hasTagCharge":false,"hasTagBattery":false},"runId":"debug1","hypothesisId":"H5"}
﻿{"id":"log_1777649728000","timestamp":1777649728000,"location":"PlayerCamera.cpp:143","message":"Tick hit detection - component under cursor","data":{"component":"ModelComponent_0","hasTagCharge":false,"hasTagBattery":false},"runId":"debug1","hypothesisId":"H5"}
﻿{"id":"log_1777649728000","timestamp":1777649728000,"location":"PlayerCamera.cpp:143","message":"Tick hit detection - component under cursor","data":{"component":"ModelComponent_0","hasTagCharge":false,"hasTagBattery":false},"runId":"debug1","hypothesisId":"H5"}
﻿{"id":"log_1777649728000","timestamp":1777649728000,"location":"PlayerCamera.cpp:143","message":"Tick hit detection - component under cursor","data":{"component":"ModelComponent_0","hasTagCharge":false,"hasTagBattery":false},"runId":"debug1","hypothesisId":"H5"}
﻿{"id":"log_1777649728000","timestamp":1777649728000,"location":"PlayerCamera.cpp:143","message":"Tick hit detection - component under cursor","data":{"component":"ModelComponent_0","hasTagCharge":false,"hasTagBattery":false},"runId":"debug1","hypothesisId":"H5"}
﻿{"id":"log_1777649728000","timestamp":1777649728000,"location":"PlayerCamera.cpp:143","message":"Tick hit detection - component under cursor","data":{"component":"ModelComponent_0","hasTagCharge":false,"hasTagBattery":false},"runId":"debug1","hypothesisId":"H5"}
﻿{"id":"log_1777649728000","timestamp":1777649728000,"location":"PlayerCamera.cpp:143","message":"Tick hit detection - component under cursor","data":{"component":"ModelComponent_0","hasTagCharge":false,"hasTagBattery":false},"runId":"debug1","hypothesisId":"H5"}
﻿{"id":"log_1777649728000","timestamp":1777649728000,"location":"PlayerCamera.cpp:143","message":"Tick hit detection - component under cursor","data":{"component":"ModelComponent_0","hasTagCharge":false,"hasTagBattery":false},"runId":"debug1","hypothesisId":"H5"}
﻿{"id":"log_1777649728000","timestamp":1777649728000,"location":"PlayerCamera.cpp:143","message":"Tick hit detection - component under cursor","data":{"component":"ModelComponent_0","hasTagCharge":false,"hasTagBattery":false},"runId":"debug1","hypothesisId":"H5"}
﻿{"id":"log_1777649728000","timestamp":1777649728000,"location":"PlayerCamera.cpp:143","message":"Tick hit detection - component under cursor","data":{"component":"ModelComponent_0","hasTagCharge":false,"hasTagBattery":false},"runId":"debug1","hypothesisId":"H5"}
﻿{"id":"log_1777649728000","timestamp":1777649728000,"location":"PlayerCamera.cpp:143","message":"Tick hit detection - component under cursor","data":{"component":"ModelComponent_0","hasTagCharge":false,"hasTagBattery":false},"runId":"debug1","hypothesisId":"H5"}
﻿{"id":"log_1777649728000","timestamp":1777649728000,"location":"PlayerCamera.cpp:143","message":"Tick hit detection - component under cursor","data":{"component":"ModelComponent_0","hasTagCharge":false,"hasTagBattery":false},"runId":"debug1","hypothesisId":"H5"}
﻿{"id":"log_1777649728000","timestamp":1777649728000,"location":"PlayerCamera.cpp:143","message":"Tick hit detection - component under cursor","data":{"component":"ModelComponent_0","hasTagCharge":false,"hasTagBattery":false},"runId":"debug1","hypothesisId":"H5"}
﻿{"id":"log_1777649728000","timestamp":1777649728000,"location":"PlayerCamera.cpp:143","message":"Tick hit detection - component under cursor","data":{"component":"ModelComponent_0","hasTagCharge":false,"hasTagBattery":false},"runId":"debug1","hypothesisId":"H5"}
﻿{"id":"log_1777649728000","timestamp":1777649728000,"location":"PlayerCamera.cpp:143","message":"Tick hit detection - component under cursor","data":{"component":"ModelComponent_0","hasTagCharge":false,"hasTagBattery":false},"runId":"debug1","hypothesisId":"H5"}
﻿{"id":"log_1777649728000","timestamp":1777649728000,"location":"PlayerCamera.cpp:143","message":"Tick hit detection - component under cursor","data":{"component":"ModelComponent_0","hasTagCharge":false,"hasTagBattery":false},"runId":"debug1","hypothesisId":"H5"}
﻿{"id":"log_1777649728000","timestamp":1777649728000,"location":"PlayerCamera.cpp:143","message":"Tick hit detection - component under cursor","data":{"component":"ModelComponent_0","hasTagCharge":false,"hasTagBattery":false},"runId":"debug1","hypothesisId":"H5"}
﻿{"id":"log_1777649728000","timestamp":1777649728000,"location":"PlayerCamera.cpp:143","message":"Tick hit detection - component under cursor","data":{"component":"ModelComponent_0","hasTagCharge":false,"hasTagBattery":false},"runId":"debug1","hypothesisId":"H5"}
﻿{"id":"log_1777649728000","timestamp":1777649728000,"location":"PlayerCamera.cpp:143","message":"Tick hit detection - component under cursor","data":{"component":"BatteryBase","hasTagCharge":false,"hasTagBattery":true},"runId":"debug1","hypothesisId":"H5"}
﻿{"id":"log_1777649728000","timestamp":1777649728000,"location":"PlayerCamera.cpp:143","message":"Tick hit detection - component under cursor","data":{"component":"BatteryBase","hasTagCharge":false,"hasTagBattery":true},"runId":"debug1","hypothesisId":"H5"}
﻿{"id":"log_1777649728000","timestamp":1777649728000,"location":"PlayerCamera.cpp:143","message":"Tick hit detection - component under cursor","data":{"component":"BatteryBase","hasTagCharge":false,"hasTagBattery":true},"runId":"debug1","hypothesisId":"H5"}
﻿{"id":"log_1777649728000","timestamp":1777649728000,"location":"PlayerCamera.cpp:143","message":"Tick hit detection - component under cursor","data":{"component":"BatteryBase","hasTagCharge":false,"hasTagBattery":true},"runId":"debug1","hypothesisId":"H5"}
﻿{"id":"log_1777649728000","timestamp":1777649728000,"location":"PlayerCamera.cpp:143","message":"Tick hit detection - component under cursor","data":{"component":"BatteryBase","hasTagCharge":false,"hasTagBattery":true},"runId":"debug1","hypothesisId":"H5"}
﻿{"id":"log_1777649728000","timestamp":1777649728000,"location":"PlayerCamera.cpp:143","message":"Tick hit detection - component under cursor","data":{"component":"BatteryBase","hasTagCharge":false,"hasTagBattery":true},"runId":"debug1","hypothesisId":"H5"}
﻿{"id":"log_1777649728000","timestamp":1777649728000,"location":"PlayerCamera.cpp:143","message":"Tick hit detection - component under cursor","data":{"component":"BatteryBase","hasTagCharge":false,"hasTagBattery":true},"runId":"debug1","hypothesisId":"H5"}
﻿{"id":"log_1777649728000","timestamp":1777649728000,"location":"PlayerCamera.cpp:143","message":"Tick hit detection - component under cursor","data":{"component":"BatteryBase","hasTagCharge":false,"hasTagBattery":true},"runId":"debug1","hypothesisId":"H5"}
﻿{"id":"log_1777649728000","timestamp":1777649728000,"location":"PlayerCamera.cpp:143","message":"Tick hit detection - component under cursor","data":{"component":"BatteryBase","hasTagCharge":false,"hasTagBattery":true},"runId":"debug1","hypothesisId":"H5"}
﻿{"id":"log_1777649728000","timestamp":1777649728000,"location":"PlayerCamera.cpp:143","message":"Tick hit detection - component under cursor","data":{"component":"BatteryBase","hasTagCharge":false,"hasTagBattery":true},"runId":"debug1","hypothesisId":"H5"}
﻿{"id":"log_1777649728000","timestamp":1777649728000,"location":"PlayerCamera.cpp:143","message":"Tick hit detection - component under cursor","data":{"component":"BatteryBase","hasTagCharge":false,"hasTagBattery":true},"runId":"debug1","hypothesisId":"H5"}
﻿{"id":"log_1777649728000","timestamp":1777649728000,"location":"PlayerCamera.cpp:143","message":"Tick hit detection - component under cursor","data":{"component":"BatteryBase","hasTagCharge":false,"hasTagBattery":true},"runId":"debug1","hypothesisId":"H5"}
﻿{"id":"log_1777649728000","timestamp":1777649728000,"location":"PlayerCamera.cpp:143","message":"Tick hit detection - component under cursor","data":{"component":"BatteryBase","hasTagCharge":false,"hasTagBattery":true},"runId":"debug1","hypothesisId":"H5"}
﻿{"id":"log_1777649728000","timestamp":1777649728000,"location":"PlayerCamera.cpp:143","message":"Tick hit detection - component under cursor","data":{"component":"BatteryBase","hasTagCharge":false,"hasTagBattery":true},"runId":"debug1","hypothesisId":"H5"}
﻿{"id":"log_1777649728000","timestamp":1777649728000,"location":"PlayerCamera.cpp:143","message":"Tick hit detection - component under cursor","data":{"component":"BatteryBase","hasTagCharge":false,"hasTagBattery":true},"runId":"debug1","hypothesisId":"H5"}
﻿{"id":"log_1777649728000","timestamp":1777649728000,"location":"PlayerCamera.cpp:143","message":"Tick hit detection - component under cursor","data":{"component":"BatteryBase","hasTagCharge":false,"hasTagBattery":true},"runId":"debug1","hypothesisId":"H5"}
﻿{"id":"log_1777649728000","timestamp":1777649728000,"location":"PlayerCamera.cpp:143","message":"Tick hit detection - component under cursor","data":{"component":"BatteryBase","hasTagCharge":false,"hasTagBattery":true},"runId":"debug1","hypothesisId":"H5"}
﻿{"id":"log_1777649728000","timestamp":1777649728000,"location":"PlayerCamera.cpp:143","message":"Tick hit detection - component under cursor","data":{"component":"BatteryBase","hasTagCharge":false,"hasTagBattery":true},"runId":"debug1","hypothesisId":"H5"}
﻿{"id":"log_1777649728000","timestamp":1777649728000,"location":"PlayerCamera.cpp:143","message":"Tick hit detection - component under cursor","data":{"component":"BatteryBase","hasTagCharge":false,"hasTagBattery":true},"runId":"debug1","hypothesisId":"H5"}
﻿{"id":"log_1777649728000","timestamp":1777649728000,"location":"PlayerCamera.cpp:143","message":"Tick hit detection - component under cursor","data":{"component":"BatteryBase","hasTagCharge":false,"hasTagBattery":true},"runId":"debug1","hypothesisId":"H5"}
﻿{"id":"log_1777649729000","timestamp":1777649729000,"location":"PlayerCamera.cpp:143","message":"Tick hit detection - component under cursor","data":{"component":"BatteryBase","hasTagCharge":false,"hasTagBattery":true},"runId":"debug1","hypothesisId":"H5"}
﻿{"id":"log_1777649729000","timestamp":1777649729000,"location":"PlayerCamera.cpp:143","message":"Tick hit detection - component under cursor","data":{"component":"BatteryBase","hasTagCharge":false,"hasTagBattery":true},"runId":"debug1","hypothesisId":"H5"}
﻿{"id":"log_1777649729000","timestamp":1777649729000,"location":"PlayerCamera.cpp:143","message":"Tick hit detection - component under cursor","data":{"component":"BatteryBase","hasTagCharge":false,"hasTagBattery":true},"runId":"debug1","hypothesisId":"H5"}
﻿{"id":"log_1777649729000","timestamp":1777649729000,"location":"PlayerCamera.cpp:143","message":"Tick hit detection - component under cursor","data":{"component":"BatteryBase","hasTagCharge":false,"hasTagBattery":true},"runId":"debug1","hypothesisId":"H5"}
﻿{"id":"log_1777649729000","timestamp":1777649729000,"location":"PlayerCamera.cpp:143","message":"Tick hit detection - component under cursor","data":{"component":"BatteryBase","hasTagCharge":false,"hasTagBattery":true},"runId":"debug1","hypothesisId":"H5"}
﻿{"id":"log_1777649729000","timestamp":1777649729000,"location":"PlayerCamera.cpp:143","message":"Tick hit detection - component under cursor","data":{"component":"BatteryBase","hasTagCharge":false,"hasTagBattery":true},"runId":"debug1","hypothesisId":"H5"}
﻿{"id":"log_1777649729000","timestamp":1777649729000,"location":"PlayerCamera.cpp:143","message":"Tick hit detection - component under cursor","data":{"component":"BatteryBase","hasTagCharge":false,"hasTagBattery":true},"runId":"debug1","hypothesisId":"H5"}
﻿{"id":"log_1777649729000","timestamp":1777649729000,"location":"PlayerCamera.cpp:143","message":"Tick hit detection - component under cursor","data":{"component":"BatteryBase","hasTagCharge":false,"hasTagBattery":true},"runId":"debug1","hypothesisId":"H5"}
﻿{"id":"log_1777649729000","timestamp":1777649729000,"location":"PlayerCamera.cpp:143","message":"Tick hit detection - component under cursor","data":{"component":"BatteryBase","hasTagCharge":false,"hasTagBattery":true},"runId":"debug1","hypothesisId":"H5"}
﻿{"id":"log_1777649729000","timestamp":1777649729000,"location":"PlayerCamera.cpp:190","message":"InteractInput triggered via EnhancedInput (hypothesis H2: enhanced-input-conflict)","data":{"action":"Started"},"runId":"debug1","hypothesisId":"H2"}
﻿{"id":"log_1777649729000","timestamp":1777649729000,"location":"PlayerCamera.cpp:143","message":"Tick hit detection - component under cursor","data":{"component":"BatterySlot_0","hasTagCharge":false,"hasTagBattery":false},"runId":"debug1","hypothesisId":"H5"}
﻿{"id":"log_1777649729000","timestamp":1777649729000,"location":"PlayerCamera.cpp:143","message":"Tick hit detection - component under cursor","data":{"component":"BatterySlot_0","hasTagCharge":false,"hasTagBattery":false},"runId":"debug1","hypothesisId":"H5"}
﻿{"id":"log_1777649729000","timestamp":1777649729000,"location":"PlayerCamera.cpp:143","message":"Tick hit detection - component under cursor","data":{"component":"BatterySlot_0","hasTagCharge":false,"hasTagBattery":false},"runId":"debug1","hypothesisId":"H5"}
﻿{"id":"log_1777649729000","timestamp":1777649729000,"location":"PlayerCamera.cpp:143","message":"Tick hit detection - component under cursor","data":{"component":"BatterySlot_0","hasTagCharge":false,"hasTagBattery":false},"runId":"debug1","hypothesisId":"H5"}
﻿{"id":"log_1777649729000","timestamp":1777649729000,"location":"PlayerCamera.cpp:143","message":"Tick hit detection - component under cursor","data":{"component":"BatterySlot_0","hasTagCharge":false,"hasTagBattery":false},"runId":"debug1","hypothesisId":"H5"}
﻿{"id":"log_1777649729000","timestamp":1777649729000,"location":"PlayerCamera.cpp:143","message":"Tick hit detection - component under cursor","data":{"component":"BatterySlot_0","hasTagCharge":false,"hasTagBattery":false},"runId":"debug1","hypothesisId":"H5"}
﻿{"id":"log_1777649729000","timestamp":1777649729000,"location":"PlayerCamera.cpp:143","message":"Tick hit detection - component under cursor","data":{"component":"BatterySlot_0","hasTagCharge":false,"hasTagBattery":false},"runId":"debug1","hypothesisId":"H5"}
﻿{"id":"log_1777649729000","timestamp":1777649729000,"location":"PlayerCamera.cpp:143","message":"Tick hit detection - component under cursor","data":{"component":"BatterySlot_0","hasTagCharge":false,"hasTagBattery":false},"runId":"debug1","hypothesisId":"H5"}
﻿{"id":"log_1777649729000","timestamp":1777649729000,"location":"PlayerCamera.cpp:143","message":"Tick hit detection - component under cursor","data":{"component":"BatterySlot_0","hasTagCharge":false,"hasTagBattery":false},"runId":"debug1","hypothesisId":"H5"}
﻿{"id":"log_1777649729000","timestamp":1777649729000,"location":"PlayerCamera.cpp:143","message":"Tick hit detection - component under cursor","data":{"component":"BatterySlot_0","hasTagCharge":false,"hasTagBattery":false},"runId":"debug1","hypothesisId":"H5"}
﻿{"id":"log_1777649729000","timestamp":1777649729000,"location":"PlayerCamera.cpp:143","message":"Tick hit detection - component under cursor","data":{"component":"BatterySlot_0","hasTagCharge":false,"hasTagBattery":false},"runId":"debug1","hypothesisId":"H5"}
﻿{"id":"log_1777649729000","timestamp":1777649729000,"location":"PlayerCamera.cpp:143","message":"Tick hit detection - component under cursor","data":{"component":"BatterySlot_0","hasTagCharge":false,"hasTagBattery":false},"runId":"debug1","hypothesisId":"H5"}
﻿{"id":"log_1777649729000","timestamp":1777649729000,"location":"PlayerCamera.cpp:143","message":"Tick hit detection - component under cursor","data":{"component":"BatterySlot_0","hasTagCharge":false,"hasTagBattery":false},"runId":"debug1","hypothesisId":"H5"}
﻿{"id":"log_1777649729000","timestamp":1777649729000,"location":"PlayerCamera.cpp:143","message":"Tick hit detection - component under cursor","data":{"component":"BatterySlot_0","hasTagCharge":false,"hasTagBattery":false},"runId":"debug1","hypothesisId":"H5"}
﻿{"id":"log_1777649729000","timestamp":1777649729000,"location":"PlayerCamera.cpp:143","message":"Tick hit detection - component under cursor","data":{"component":"BatterySlot_0","hasTagCharge":false,"hasTagBattery":false},"runId":"debug1","hypothesisId":"H5"}
﻿{"id":"log_1777649729000","timestamp":1777649729000,"location":"PlayerCamera.cpp:143","message":"Tick hit detection - component under cursor","data":{"component":"BatterySlot_0","hasTagCharge":false,"hasTagBattery":false},"runId":"debug1","hypothesisId":"H5"}
﻿{"id":"log_1777649729000","timestamp":1777649729000,"location":"PlayerCamera.cpp:143","message":"Tick hit detection - component under cursor","data":{"component":"BatterySlot_0","hasTagCharge":false,"hasTagBattery":false},"runId":"debug1","hypothesisId":"H5"}
﻿{"id":"log_1777649729000","timestamp":1777649729000,"location":"PlayerCamera.cpp:143","message":"Tick hit detection - component under cursor","data":{"component":"BatterySlot_0","hasTagCharge":false,"hasTagBattery":false},"runId":"debug1","hypothesisId":"H5"}
﻿{"id":"log_1777649729000","timestamp":1777649729000,"location":"PlayerCamera.cpp:143","message":"Tick hit detection - component under cursor","data":{"component":"BatterySlot_0","hasTagCharge":false,"hasTagBattery":false},"runId":"debug1","hypothesisId":"H5"}
﻿{"id":"log_1777649729000","timestamp":1777649729000,"location":"PlayerCamera.cpp:143","message":"Tick hit detection - component under cursor","data":{"component":"BatterySlot_0","hasTagCharge":false,"hasTagBattery":false},"runId":"debug1","hypothesisId":"H5"}
﻿{"id":"log_1777649729000","timestamp":1777649729000,"location":"PlayerCamera.cpp:143","message":"Tick hit detection - component under cursor","data":{"component":"BatterySlot_0","hasTagCharge":false,"hasTagBattery":false},"runId":"debug1","hypothesisId":"H5"}
﻿{"id":"log_1777649729000","timestamp":1777649729000,"location":"PlayerCamera.cpp:143","message":"Tick hit detection - component under cursor","data":{"component":"BatterySlot_0","hasTagCharge":false,"hasTagBattery":false},"runId":"debug1","hypothesisId":"H5"}
﻿{"id":"log_1777649729000","timestamp":1777649729000,"location":"PlayerCamera.cpp:143","message":"Tick hit detection - component under cursor","data":{"component":"BatterySlot_0","hasTagCharge":false,"hasTagBattery":false},"runId":"debug1","hypothesisId":"H5"}
﻿{"id":"log_1777649729000","timestamp":1777649729000,"location":"PlayerCamera.cpp:143","message":"Tick hit detection - component under cursor","data":{"component":"BatterySlot_0","hasTagCharge":false,"hasTagBattery":false},"runId":"debug1","hypothesisId":"H5"}
﻿{"id":"log_1777649729000","timestamp":1777649729000,"location":"PlayerCamera.cpp:143","message":"Tick hit detection - component under cursor","data":{"component":"BatterySlot_0","hasTagCharge":false,"hasTagBattery":false},"runId":"debug1","hypothesisId":"H5"}
﻿{"id":"log_1777649729000","timestamp":1777649729000,"location":"PlayerCamera.cpp:143","message":"Tick hit detection - component under cursor","data":{"component":"BatterySlot_0","hasTagCharge":false,"hasTagBattery":false},"runId":"debug1","hypothesisId":"H5"}
﻿{"id":"log_1777649729000","timestamp":1777649729000,"location":"PlayerCamera.cpp:143","message":"Tick hit detection - component under cursor","data":{"component":"BatterySlot_0","hasTagCharge":false,"hasTagBattery":false},"runId":"debug1","hypothesisId":"H5"}
﻿{"id":"log_1777649729000","timestamp":1777649729000,"location":"PlayerCamera.cpp:143","message":"Tick hit detection - component under cursor","data":{"component":"BatterySlot_0","hasTagCharge":false,"hasTagBattery":false},"runId":"debug1","hypothesisId":"H5"}
﻿{"id":"log_1777649729000","timestamp":1777649729000,"location":"PlayerCamera.cpp:143","message":"Tick hit detection - component under cursor","data":{"component":"BatterySlot_0","hasTagCharge":false,"hasTagBattery":false},"runId":"debug1","hypothesisId":"H5"}
﻿{"id":"log_1777649729000","timestamp":1777649729000,"location":"PlayerCamera.cpp:143","message":"Tick hit detection - component under cursor","data":{"component":"BatterySlot_0","hasTagCharge":false,"hasTagBattery":false},"runId":"debug1","hypothesisId":"H5"}
﻿{"id":"log_1777649729000","timestamp":1777649729000,"location":"PlayerCamera.cpp:143","message":"Tick hit detection - component under cursor","data":{"component":"BatterySlot_0","hasTagCharge":false,"hasTagBattery":false},"runId":"debug1","hypothesisId":"H5"}
﻿{"id":"log_1777649729000","timestamp":1777649729000,"location":"PlayerCamera.cpp:143","message":"Tick hit detection - component under cursor","data":{"component":"BatterySlot_0","hasTagCharge":false,"hasTagBattery":false},"runId":"debug1","hypothesisId":"H5"}
﻿{"id":"log_1777649729000","timestamp":1777649729000,"location":"PlayerCamera.cpp:143","message":"Tick hit detection - component under cursor","data":{"component":"BatterySlot_0","hasTagCharge":false,"hasTagBattery":false},"runId":"debug1","hypothesisId":"H5"}
﻿{"id":"log_1777649729000","timestamp":1777649729000,"location":"PlayerCamera.cpp:143","message":"Tick hit detection - component under cursor","data":{"component":"BatterySlot_0","hasTagCharge":false,"hasTagBattery":false},"runId":"debug1","hypothesisId":"H5"}
﻿{"id":"log_1777649729000","timestamp":1777649729000,"location":"PlayerCamera.cpp:143","message":"Tick hit detection - component under cursor","data":{"component":"BatterySlot_0","hasTagCharge":false,"hasTagBattery":false},"runId":"debug1","hypothesisId":"H5"}
﻿{"id":"log_1777649729000","timestamp":1777649729000,"location":"PlayerCamera.cpp:143","message":"Tick hit detection - component under cursor","data":{"component":"BatterySlot_0","hasTagCharge":false,"hasTagBattery":false},"runId":"debug1","hypothesisId":"H5"}
﻿{"id":"log_1777649729000","timestamp":1777649729000,"location":"PlayerCamera.cpp:143","message":"Tick hit detection - component under cursor","data":{"component":"BatterySlot_0","hasTagCharge":false,"hasTagBattery":false},"runId":"debug1","hypothesisId":"H5"}
﻿{"id":"log_1777649729000","timestamp":1777649729000,"location":"PlayerCamera.cpp:143","message":"Tick hit detection - component under cursor","data":{"component":"BatterySlot_0","hasTagCharge":false,"hasTagBattery":false},"runId":"debug1","hypothesisId":"H5"}
﻿{"id":"log_1777649729000","timestamp":1777649729000,"location":"PlayerCamera.cpp:143","message":"Tick hit detection - component under cursor","data":{"component":"BatterySlot_0","hasTagCharge":false,"hasTagBattery":false},"runId":"debug1","hypothesisId":"H5"}
﻿{"id":"log_1777649729000","timestamp":1777649729000,"location":"PlayerCamera.cpp:143","message":"Tick hit detection - component under cursor","data":{"component":"BatterySlot_0","hasTagCharge":false,"hasTagBattery":false},"runId":"debug1","hypothesisId":"H5"}
﻿{"id":"log_1777649729000","timestamp":1777649729000,"location":"PlayerCamera.cpp:143","message":"Tick hit detection - component under cursor","data":{"component":"BatterySlot_0","hasTagCharge":false,"hasTagBattery":false},"runId":"debug1","hypothesisId":"H5"}
﻿{"id":"log_1777649729000","timestamp":1777649729000,"location":"PlayerCamera.cpp:143","message":"Tick hit detection - component under cursor","data":{"component":"BatterySlot_0","hasTagCharge":false,"hasTagBattery":false},"runId":"debug1","hypothesisId":"H5"}
﻿{"id":"log_1777649729000","timestamp":1777649729000,"location":"PlayerCamera.cpp:143","message":"Tick hit detection - component under cursor","data":{"component":"BatterySlot_0","hasTagCharge":false,"hasTagBattery":false},"runId":"debug1","hypothesisId":"H5"}
﻿{"id":"log_1777649729000","timestamp":1777649729000,"location":"PlayerCamera.cpp:143","message":"Tick hit detection - component under cursor","data":{"component":"BatterySlot_0","hasTagCharge":false,"hasTagBattery":false},"runId":"debug1","hypothesisId":"H5"}
﻿{"id":"log_1777649729000","timestamp":1777649729000,"location":"PlayerCamera.cpp:143","message":"Tick hit detection - component under cursor","data":{"component":"BatterySlot_0","hasTagCharge":false,"hasTagBattery":false},"runId":"debug1","hypothesisId":"H5"}
﻿{"id":"log_1777649729000","timestamp":1777649729000,"location":"PlayerCamera.cpp:143","message":"Tick hit detection - component under cursor","data":{"component":"BatterySlot_0","hasTagCharge":false,"hasTagBattery":false},"runId":"debug1","hypothesisId":"H5"}
﻿{"id":"log_1777649729000","timestamp":1777649729000,"location":"PlayerCamera.cpp:143","message":"Tick hit detection - component under cursor","data":{"component":"BatterySlot_0","hasTagCharge":false,"hasTagBattery":false},"runId":"debug1","hypothesisId":"H5"}
﻿{"id":"log_1777649729000","timestamp":1777649729000,"location":"PlayerCamera.cpp:143","message":"Tick hit detection - component under cursor","data":{"component":"BatterySlot_0","hasTagCharge":false,"hasTagBattery":false},"runId":"debug1","hypothesisId":"H5"}
﻿{"id":"log_1777649729000","timestamp":1777649729000,"location":"PlayerCamera.cpp:143","message":"Tick hit detection - component under cursor","data":{"component":"BatterySlot_0","hasTagCharge":false,"hasTagBattery":false},"runId":"debug1","hypothesisId":"H5"}
﻿{"id":"log_1777649729000","timestamp":1777649729000,"location":"PlayerCamera.cpp:143","message":"Tick hit detection - component under cursor","data":{"component":"BatterySlot_0","hasTagCharge":false,"hasTagBattery":false},"runId":"debug1","hypothesisId":"H5"}
﻿{"id":"log_1777649729000","timestamp":1777649729000,"location":"PlayerCamera.cpp:143","message":"Tick hit detection - component under cursor","data":{"component":"BatterySlot_0","hasTagCharge":false,"hasTagBattery":false},"runId":"debug1","hypothesisId":"H5"}
﻿{"id":"log_1777649730000","timestamp":1777649730000,"location":"PlayerCamera.cpp:143","message":"Tick hit detection - component under cursor","data":{"component":"BatterySlot_0","hasTagCharge":false,"hasTagBattery":false},"runId":"debug1","hypothesisId":"H5"}
﻿{"id":"log_1777649730000","timestamp":1777649730000,"location":"PlayerCamera.cpp:143","message":"Tick hit detection - component under cursor","data":{"component":"BatterySlot_0","hasTagCharge":false,"hasTagBattery":false},"runId":"debug1","hypothesisId":"H5"}
﻿{"id":"log_1777649730000","timestamp":1777649730000,"location":"PlayerCamera.cpp:143","message":"Tick hit detection - component under cursor","data":{"component":"BatterySlot_0","hasTagCharge":false,"hasTagBattery":false},"runId":"debug1","hypothesisId":"H5"}
﻿{"id":"log_1777649730000","timestamp":1777649730000,"location":"PlayerCamera.cpp:143","message":"Tick hit detection - component under cursor","data":{"component":"BatterySlot_0","hasTagCharge":false,"hasTagBattery":false},"runId":"debug1","hypothesisId":"H5"}
﻿{"id":"log_1777649730000","timestamp":1777649730000,"location":"PlayerCamera.cpp:143","message":"Tick hit detection - component under cursor","data":{"component":"BatterySlot_0","hasTagCharge":false,"hasTagBattery":false},"runId":"debug1","hypothesisId":"H5"}
﻿{"id":"log_1777649730000","timestamp":1777649730000,"location":"PlayerCamera.cpp:143","message":"Tick hit detection - component under cursor","data":{"component":"BatterySlot_0","hasTagCharge":false,"hasTagBattery":false},"runId":"debug1","hypothesisId":"H5"}
﻿{"id":"log_1777649730000","timestamp":1777649730000,"location":"PlayerCamera.cpp:143","message":"Tick hit detection - component under cursor","data":{"component":"BatterySlot_0","hasTagCharge":false,"hasTagBattery":false},"runId":"debug1","hypothesisId":"H5"}
﻿{"id":"log_1777649730000","timestamp":1777649730000,"location":"PlayerCamera.cpp:143","message":"Tick hit detection - component under cursor","data":{"component":"BatterySlot_0","hasTagCharge":false,"hasTagBattery":false},"runId":"debug1","hypothesisId":"H5"}
﻿{"id":"log_1777649730000","timestamp":1777649730000,"location":"PlayerCamera.cpp:143","message":"Tick hit detection - component under cursor","data":{"component":"BatterySlot_0","hasTagCharge":false,"hasTagBattery":false},"runId":"debug1","hypothesisId":"H5"}
﻿{"id":"log_1777649730000","timestamp":1777649730000,"location":"PlayerCamera.cpp:143","message":"Tick hit detection - component under cursor","data":{"component":"BatterySlot_0","hasTagCharge":false,"hasTagBattery":false},"runId":"debug1","hypothesisId":"H5"}
﻿{"id":"log_1777649730000","timestamp":1777649730000,"location":"PlayerCamera.cpp:143","message":"Tick hit detection - component under cursor","data":{"component":"BatterySlot_0","hasTagCharge":false,"hasTagBattery":false},"runId":"debug1","hypothesisId":"H5"}
﻿{"id":"log_1777649730000","timestamp":1777649730000,"location":"PlayerCamera.cpp:143","message":"Tick hit detection - component under cursor","data":{"component":"BatterySlot_0","hasTagCharge":false,"hasTagBattery":false},"runId":"debug1","hypothesisId":"H5"}
﻿{"id":"log_1777649730000","timestamp":1777649730000,"location":"PlayerCamera.cpp:143","message":"Tick hit detection - component under cursor","data":{"component":"BatterySlot_0","hasTagCharge":false,"hasTagBattery":false},"runId":"debug1","hypothesisId":"H5"}
﻿{"id":"log_1777649730000","timestamp":1777649730000,"location":"PlayerCamera.cpp:143","message":"Tick hit detection - component under cursor","data":{"component":"BatterySlot_0","hasTagCharge":false,"hasTagBattery":false},"runId":"debug1","hypothesisId":"H5"}
﻿{"id":"log_1777649730000","timestamp":1777649730000,"location":"PlayerCamera.cpp:143","message":"Tick hit detection - component under cursor","data":{"component":"BatterySlot_0","hasTagCharge":false,"hasTagBattery":false},"runId":"debug1","hypothesisId":"H5"}
﻿{"id":"log_1777649730000","timestamp":1777649730000,"location":"PlayerCamera.cpp:143","message":"Tick hit detection - component under cursor","data":{"component":"BatterySlot_0","hasTagCharge":false,"hasTagBattery":false},"runId":"debug1","hypothesisId":"H5"}
﻿{"id":"log_1777649730000","timestamp":1777649730000,"location":"PlayerCamera.cpp:143","message":"Tick hit detection - component under cursor","data":{"component":"BatterySlot_0","hasTagCharge":false,"hasTagBattery":false},"runId":"debug1","hypothesisId":"H5"}
﻿{"id":"log_1777649730000","timestamp":1777649730000,"location":"PlayerCamera.cpp:143","message":"Tick hit detection - component under cursor","data":{"component":"BatterySlot_0","hasTagCharge":false,"hasTagBattery":false},"runId":"debug1","hypothesisId":"H5"}
﻿{"id":"log_1777649730000","timestamp":1777649730000,"location":"PlayerCamera.cpp:143","message":"Tick hit detection - component under cursor","data":{"component":"BatterySlot_0","hasTagCharge":false,"hasTagBattery":false},"runId":"debug1","hypothesisId":"H5"}
﻿{"id":"log_1777649730000","timestamp":1777649730000,"location":"PlayerCamera.cpp:143","message":"Tick hit detection - component under cursor","data":{"component":"BatterySlot_0","hasTagCharge":false,"hasTagBattery":false},"runId":"debug1","hypothesisId":"H5"}
﻿{"id":"log_1777649730000","timestamp":1777649730000,"location":"PlayerCamera.cpp:143","message":"Tick hit detection - component under cursor","data":{"component":"BatterySlot_0","hasTagCharge":false,"hasTagBattery":false},"runId":"debug1","hypothesisId":"H5"}
﻿{"id":"log_1777649730000","timestamp":1777649730000,"location":"PlayerCamera.cpp:143","message":"Tick hit detection - component under cursor","data":{"component":"BatterySlot_0","hasTagCharge":false,"hasTagBattery":false},"runId":"debug1","hypothesisId":"H5"}
﻿{"id":"log_1777649730000","timestamp":1777649730000,"location":"PlayerCamera.cpp:143","message":"Tick hit detection - component under cursor","data":{"component":"BatterySlot_0","hasTagCharge":false,"hasTagBattery":false},"runId":"debug1","hypothesisId":"H5"}
﻿{"id":"log_1777649730000","timestamp":1777649730000,"location":"PlayerCamera.cpp:143","message":"Tick hit detection - component under cursor","data":{"component":"BatterySlot_0","hasTagCharge":false,"hasTagBattery":false},"runId":"debug1","hypothesisId":"H5"}
﻿{"id":"log_1777649730000","timestamp":1777649730000,"location":"PlayerCamera.cpp:143","message":"Tick hit detection - component under cursor","data":{"component":"BatterySlot_0","hasTagCharge":false,"hasTagBattery":false},"runId":"debug1","hypothesisId":"H5"}
﻿{"id":"log_1777649730000","timestamp":1777649730000,"location":"PlayerCamera.cpp:143","message":"Tick hit detection - component under cursor","data":{"component":"BatterySlot_0","hasTagCharge":false,"hasTagBattery":false},"runId":"debug1","hypothesisId":"H5"}
﻿{"id":"log_1777649730000","timestamp":1777649730000,"location":"PlayerCamera.cpp:143","message":"Tick hit detection - component under cursor","data":{"component":"BatterySlot_0","hasTagCharge":false,"hasTagBattery":false},"runId":"debug1","hypothesisId":"H5"}
﻿{"id":"log_1777649730000","timestamp":1777649730000,"location":"PlayerCamera.cpp:143","message":"Tick hit detection - component under cursor","data":{"component":"BatterySlot_0","hasTagCharge":false,"hasTagBattery":false},"runId":"debug1","hypothesisId":"H5"}
﻿{"id":"log_1777649730000","timestamp":1777649730000,"location":"PlayerCamera.cpp:143","message":"Tick hit detection - component under cursor","data":{"component":"BatterySlot_0","hasTagCharge":false,"hasTagBattery":false},"runId":"debug1","hypothesisId":"H5"}
﻿{"id":"log_1777649730000","timestamp":1777649730000,"location":"BatterySlotTrigger.cpp:29","message":"OnButtonClicked triggered (hypothesis H3: click-event-dispatch)","data":{"touched":"true","key":"LeftMouseButton"},"runId":"debug1","hypothesisId":"H3"}
﻿{"id":"log_1777649730000","timestamp":1777649730000,"location":"PlayerCamera.cpp:190","message":"InteractInput triggered via EnhancedInput (hypothesis H2: enhanced-input-conflict)","data":{"action":"Started"},"runId":"debug1","hypothesisId":"H2"}
﻿{"id":"log_1777649730000","timestamp":1777649730000,"location":"PlayerCamera.cpp:143","message":"Tick hit detection - component under cursor","data":{"component":"BatteryBase","hasTagCharge":false,"hasTagBattery":true},"runId":"debug1","hypothesisId":"H5"}
﻿{"id":"log_1777649730000","timestamp":1777649730000,"location":"PlayerCamera.cpp:143","message":"Tick hit detection - component under cursor","data":{"component":"BatteryBase","hasTagCharge":false,"hasTagBattery":true},"runId":"debug1","hypothesisId":"H5"}
﻿{"id":"log_1777649730000","timestamp":1777649730000,"location":"PlayerCamera.cpp:143","message":"Tick hit detection - component under cursor","data":{"component":"BatteryBase","hasTagCharge":false,"hasTagBattery":true},"runId":"debug1","hypothesisId":"H5"}
﻿{"id":"log_1777649730000","timestamp":1777649730000,"location":"PlayerCamera.cpp:143","message":"Tick hit detection - component under cursor","data":{"component":"BatteryBase","hasTagCharge":false,"hasTagBattery":true},"runId":"debug1","hypothesisId":"H5"}
﻿{"id":"log_1777649730000","timestamp":1777649730000,"location":"PlayerCamera.cpp:143","message":"Tick hit detection - component under cursor","data":{"component":"BatteryBase","hasTagCharge":false,"hasTagBattery":true},"runId":"debug1","hypothesisId":"H5"}
﻿{"id":"log_1777649730000","timestamp":1777649730000,"location":"PlayerCamera.cpp:143","message":"Tick hit detection - component under cursor","data":{"component":"BatteryBase","hasTagCharge":false,"hasTagBattery":true},"runId":"debug1","hypothesisId":"H5"}
﻿{"id":"log_1777649730000","timestamp":1777649730000,"location":"PlayerCamera.cpp:143","message":"Tick hit detection - component under cursor","data":{"component":"BatteryBase","hasTagCharge":false,"hasTagBattery":true},"runId":"debug1","hypothesisId":"H5"}
﻿{"id":"log_1777649730000","timestamp":1777649730000,"location":"PlayerCamera.cpp:143","message":"Tick hit detection - component under cursor","data":{"component":"BatteryBase","hasTagCharge":false,"hasTagBattery":true},"runId":"debug1","hypothesisId":"H5"}
﻿{"id":"log_1777649730000","timestamp":1777649730000,"location":"PlayerCamera.cpp:143","message":"Tick hit detection - component under cursor","data":{"component":"BatteryBase","hasTagCharge":false,"hasTagBattery":true},"runId":"debug1","hypothesisId":"H5"}
﻿{"id":"log_1777649730000","timestamp":1777649730000,"location":"PlayerCamera.cpp:143","message":"Tick hit detection - component under cursor","data":{"component":"BatteryBase","hasTagCharge":false,"hasTagBattery":true},"runId":"debug1","hypothesisId":"H5"}
﻿{"id":"log_1777649730000","timestamp":1777649730000,"location":"PlayerCamera.cpp:143","message":"Tick hit detection - component under cursor","data":{"component":"BatteryBase","hasTagCharge":false,"hasTagBattery":true},"runId":"debug1","hypothesisId":"H5"}
﻿{"id":"log_1777649730000","timestamp":1777649730000,"location":"PlayerCamera.cpp:143","message":"Tick hit detection - component under cursor","data":{"component":"BatteryBase","hasTagCharge":false,"hasTagBattery":true},"runId":"debug1","hypothesisId":"H5"}
﻿{"id":"log_1777649730000","timestamp":1777649730000,"location":"PlayerCamera.cpp:143","message":"Tick hit detection - component under cursor","data":{"component":"BatteryBase","hasTagCharge":false,"hasTagBattery":true},"runId":"debug1","hypothesisId":"H5"}
﻿{"id":"log_1777649730000","timestamp":1777649730000,"location":"PlayerCamera.cpp:143","message":"Tick hit detection - component under cursor","data":{"component":"BatteryBase","hasTagCharge":false,"hasTagBattery":true},"runId":"debug1","hypothesisId":"H5"}
﻿{"id":"log_1777649730000","timestamp":1777649730000,"location":"PlayerCamera.cpp:143","message":"Tick hit detection - component under cursor","data":{"component":"BatteryBase","hasTagCharge":false,"hasTagBattery":true},"runId":"debug1","hypothesisId":"H5"}
﻿{"id":"log_1777649730000","timestamp":1777649730000,"location":"PlayerCamera.cpp:143","message":"Tick hit detection - component under cursor","data":{"component":"BatteryBase","hasTagCharge":false,"hasTagBattery":true},"runId":"debug1","hypothesisId":"H5"}
﻿{"id":"log_1777649730000","timestamp":1777649730000,"location":"PlayerCamera.cpp:143","message":"Tick hit detection - component under cursor","data":{"component":"BatteryBase","hasTagCharge":false,"hasTagBattery":true},"runId":"debug1","hypothesisId":"H5"}
﻿{"id":"log_1777649730000","timestamp":1777649730000,"location":"PlayerCamera.cpp:143","message":"Tick hit detection - component under cursor","data":{"component":"BatteryBase","hasTagCharge":false,"hasTagBattery":true},"runId":"debug1","hypothesisId":"H5"}
﻿{"id":"log_1777649730000","timestamp":1777649730000,"location":"PlayerCamera.cpp:143","message":"Tick hit detection - component under cursor","data":{"component":"BatteryBase","hasTagCharge":false,"hasTagBattery":true},"runId":"debug1","hypothesisId":"H5"}
﻿{"id":"log_1777649730000","timestamp":1777649730000,"location":"PlayerCamera.cpp:143","message":"Tick hit detection - component under cursor","data":{"component":"BatteryBase","hasTagCharge":false,"hasTagBattery":true},"runId":"debug1","hypothesisId":"H5"}
﻿{"id":"log_1777649730000","timestamp":1777649730000,"location":"PlayerCamera.cpp:143","message":"Tick hit detection - component under cursor","data":{"component":"BatteryBase","hasTagCharge":false,"hasTagBattery":true},"runId":"debug1","hypothesisId":"H5"}
﻿{"id":"log_1777649730000","timestamp":1777649730000,"location":"PlayerCamera.cpp:143","message":"Tick hit detection - component under cursor","data":{"component":"BatteryBase","hasTagCharge":false,"hasTagBattery":true},"runId":"debug1","hypothesisId":"H5"}
﻿{"id":"log_1777649730000","timestamp":1777649730000,"location":"PlayerCamera.cpp:143","message":"Tick hit detection - component under cursor","data":{"component":"BatteryBase","hasTagCharge":false,"hasTagBattery":true},"runId":"debug1","hypothesisId":"H5"}
﻿{"id":"log_1777649730000","timestamp":1777649730000,"location":"PlayerCamera.cpp:143","message":"Tick hit detection - component under cursor","data":{"component":"BatteryBase","hasTagCharge":false,"hasTagBattery":true},"runId":"debug1","hypothesisId":"H5"}
﻿{"id":"log_1777649730000","timestamp":1777649730000,"location":"PlayerCamera.cpp:143","message":"Tick hit detection - component under cursor","data":{"component":"BatteryBase","hasTagCharge":false,"hasTagBattery":true},"runId":"debug1","hypothesisId":"H5"}
﻿{"id":"log_1777649730000","timestamp":1777649730000,"location":"PlayerCamera.cpp:143","message":"Tick hit detection - component under cursor","data":{"component":"BatteryBase","hasTagCharge":false,"hasTagBattery":true},"runId":"debug1","hypothesisId":"H5"}
﻿{"id":"log_1777649730000","timestamp":1777649730000,"location":"PlayerCamera.cpp:143","message":"Tick hit detection - component under cursor","data":{"component":"BatteryBase","hasTagCharge":false,"hasTagBattery":true},"runId":"debug1","hypothesisId":"H5"}
﻿{"id":"log_1777649730000","timestamp":1777649730000,"location":"PlayerCamera.cpp:143","message":"Tick hit detection - component under cursor","data":{"component":"BatteryBase","hasTagCharge":false,"hasTagBattery":true},"runId":"debug1","hypothesisId":"H5"}
﻿{"id":"log_1777649730000","timestamp":1777649730000,"location":"PlayerCamera.cpp:143","message":"Tick hit detection - component under cursor","data":{"component":"BatteryBase","hasTagCharge":false,"hasTagBattery":true},"runId":"debug1","hypothesisId":"H5"}
﻿{"id":"log_1777649730000","timestamp":1777649730000,"location":"PlayerCamera.cpp:143","message":"Tick hit detection - component under cursor","data":{"component":"BatteryBase","hasTagCharge":false,"hasTagBattery":true},"runId":"debug1","hypothesisId":"H5"}
﻿{"id":"log_1777649730000","timestamp":1777649730000,"location":"PlayerCamera.cpp:143","message":"Tick hit detection - component under cursor","data":{"component":"BatteryBase","hasTagCharge":false,"hasTagBattery":true},"runId":"debug1","hypothesisId":"H5"}
﻿{"id":"log_1777649731000","timestamp":1777649731000,"location":"PlayerCamera.cpp:143","message":"Tick hit detection - component under cursor","data":{"component":"BatteryBase","hasTagCharge":false,"hasTagBattery":true},"runId":"debug1","hypothesisId":"H5"}
﻿{"id":"log_1777649731000","timestamp":1777649731000,"location":"PlayerCamera.cpp:143","message":"Tick hit detection - component under cursor","data":{"component":"BatteryBase","hasTagCharge":false,"hasTagBattery":true},"runId":"debug1","hypothesisId":"H5"}
﻿{"id":"log_1777649731000","timestamp":1777649731000,"location":"PlayerCamera.cpp:143","message":"Tick hit detection - component under cursor","data":{"component":"BatteryBase","hasTagCharge":false,"hasTagBattery":true},"runId":"debug1","hypothesisId":"H5"}
﻿{"id":"log_1777649731000","timestamp":1777649731000,"location":"PlayerCamera.cpp:143","message":"Tick hit detection - component under cursor","data":{"component":"BatteryBase","hasTagCharge":false,"hasTagBattery":true},"runId":"debug1","hypothesisId":"H5"}
﻿{"id":"log_1777649731000","timestamp":1777649731000,"location":"PlayerCamera.cpp:143","message":"Tick hit detection - component under cursor","data":{"component":"BatteryBase","hasTagCharge":false,"hasTagBattery":true},"runId":"debug1","hypothesisId":"H5"}
﻿{"id":"log_1777649731000","timestamp":1777649731000,"location":"PlayerCamera.cpp:143","message":"Tick hit detection - component under cursor","data":{"component":"BatteryBase","hasTagCharge":false,"hasTagBattery":true},"runId":"debug1","hypothesisId":"H5"}
﻿{"id":"log_1777649731000","timestamp":1777649731000,"location":"PlayerCamera.cpp:143","message":"Tick hit detection - component under cursor","data":{"component":"BatteryBase","hasTagCharge":false,"hasTagBattery":true},"runId":"debug1","hypothesisId":"H5"}
﻿{"id":"log_1777649731000","timestamp":1777649731000,"location":"PlayerCamera.cpp:143","message":"Tick hit detection - component under cursor","data":{"component":"BatteryBase","hasTagCharge":false,"hasTagBattery":true},"runId":"debug1","hypothesisId":"H5"}
﻿{"id":"log_1777649731000","timestamp":1777649731000,"location":"PlayerCamera.cpp:143","message":"Tick hit detection - component under cursor","data":{"component":"BatteryBase","hasTagCharge":false,"hasTagBattery":true},"runId":"debug1","hypothesisId":"H5"}
﻿{"id":"log_1777649731000","timestamp":1777649731000,"location":"PlayerCamera.cpp:143","message":"Tick hit detection - component under cursor","data":{"component":"BatteryBase","hasTagCharge":false,"hasTagBattery":true},"runId":"debug1","hypothesisId":"H5"}
﻿{"id":"log_1777649731000","timestamp":1777649731000,"location":"PlayerCamera.cpp:143","message":"Tick hit detection - component under cursor","data":{"component":"BatteryBase","hasTagCharge":false,"hasTagBattery":true},"runId":"debug1","hypothesisId":"H5"}
﻿{"id":"log_1777649731000","timestamp":1777649731000,"location":"PlayerCamera.cpp:143","message":"Tick hit detection - component under cursor","data":{"component":"BatteryBase","hasTagCharge":false,"hasTagBattery":true},"runId":"debug1","hypothesisId":"H5"}
﻿{"id":"log_1777649731000","timestamp":1777649731000,"location":"PlayerCamera.cpp:143","message":"Tick hit detection - component under cursor","data":{"component":"BatteryBase","hasTagCharge":false,"hasTagBattery":true},"runId":"debug1","hypothesisId":"H5"}
﻿{"id":"log_1777649731000","timestamp":1777649731000,"location":"PlayerCamera.cpp:143","message":"Tick hit detection - component under cursor","data":{"component":"BatteryBase","hasTagCharge":false,"hasTagBattery":true},"runId":"debug1","hypothesisId":"H5"}
﻿{"id":"log_1777649731000","timestamp":1777649731000,"location":"PlayerCamera.cpp:143","message":"Tick hit detection - component under cursor","data":{"component":"BatteryBase","hasTagCharge":false,"hasTagBattery":true},"runId":"debug1","hypothesisId":"H5"}
﻿{"id":"log_1777649731000","timestamp":1777649731000,"location":"PlayerCamera.cpp:143","message":"Tick hit detection - component under cursor","data":{"component":"BatteryBase","hasTagCharge":false,"hasTagBattery":true},"runId":"debug1","hypothesisId":"H5"}
﻿{"id":"log_1777649731000","timestamp":1777649731000,"location":"PlayerCamera.cpp:143","message":"Tick hit detection - component under cursor","data":{"component":"BatteryBase","hasTagCharge":false,"hasTagBattery":true},"runId":"debug1","hypothesisId":"H5"}
﻿{"id":"log_1777649731000","timestamp":1777649731000,"location":"PlayerCamera.cpp:143","message":"Tick hit detection - component under cursor","data":{"component":"BatteryBase","hasTagCharge":false,"hasTagBattery":true},"runId":"debug1","hypothesisId":"H5"}
﻿{"id":"log_1777649731000","timestamp":1777649731000,"location":"PlayerCamera.cpp:143","message":"Tick hit detection - component under cursor","data":{"component":"BatteryBase","hasTagCharge":false,"hasTagBattery":true},"runId":"debug1","hypothesisId":"H5"}
﻿{"id":"log_1777649731000","timestamp":1777649731000,"location":"PlayerCamera.cpp:143","message":"Tick hit detection - component under cursor","data":{"component":"BatteryBase","hasTagCharge":false,"hasTagBattery":true},"runId":"debug1","hypothesisId":"H5"}
﻿{"id":"log_1777649731000","timestamp":1777649731000,"location":"PlayerCamera.cpp:143","message":"Tick hit detection - component under cursor","data":{"component":"BatteryBase","hasTagCharge":false,"hasTagBattery":true},"runId":"debug1","hypothesisId":"H5"}
﻿{"id":"log_1777649731000","timestamp":1777649731000,"location":"PlayerCamera.cpp:143","message":"Tick hit detection - component under cursor","data":{"component":"BatteryBase","hasTagCharge":false,"hasTagBattery":true},"runId":"debug1","hypothesisId":"H5"}
﻿{"id":"log_1777649731000","timestamp":1777649731000,"location":"PlayerCamera.cpp:143","message":"Tick hit detection - component under cursor","data":{"component":"BatteryBase","hasTagCharge":false,"hasTagBattery":true},"runId":"debug1","hypothesisId":"H5"}
﻿{"id":"log_1777649731000","timestamp":1777649731000,"location":"PlayerCamera.cpp:143","message":"Tick hit detection - component under cursor","data":{"component":"ModelComponent_0","hasTagCharge":false,"hasTagBattery":false},"runId":"debug1","hypothesisId":"H5"}
﻿{"id":"log_1777649731000","timestamp":1777649731000,"location":"PlayerCamera.cpp:143","message":"Tick hit detection - component under cursor","data":{"component":"ModelComponent_0","hasTagCharge":false,"hasTagBattery":false},"runId":"debug1","hypothesisId":"H5"}
﻿{"id":"log_1777649731000","timestamp":1777649731000,"location":"PlayerCamera.cpp:143","message":"Tick hit detection - component under cursor","data":{"component":"ModelComponent_0","hasTagCharge":false,"hasTagBattery":false},"runId":"debug1","hypothesisId":"H5"}
﻿{"id":"log_1777649731000","timestamp":1777649731000,"location":"PlayerCamera.cpp:143","message":"Tick hit detection - component under cursor","data":{"component":"ModelComponent_0","hasTagCharge":false,"hasTagBattery":false},"runId":"debug1","hypothesisId":"H5"}
﻿{"id":"log_1777649731000","timestamp":1777649731000,"location":"PlayerCamera.cpp:143","message":"Tick hit detection - component under cursor","data":{"component":"ModelComponent_0","hasTagCharge":false,"hasTagBattery":false},"runId":"debug1","hypothesisId":"H5"}
﻿{"id":"log_1777649731000","timestamp":1777649731000,"location":"PlayerCamera.cpp:143","message":"Tick hit detection - component under cursor","data":{"component":"ModelComponent_0","hasTagCharge":false,"hasTagBattery":false},"runId":"debug1","hypothesisId":"H5"}
﻿{"id":"log_1777649731000","timestamp":1777649731000,"location":"PlayerCamera.cpp:143","message":"Tick hit detection - component under cursor","data":{"component":"ModelComponent_0","hasTagCharge":false,"hasTagBattery":false},"runId":"debug1","hypothesisId":"H5"}
﻿{"id":"log_1777649731000","timestamp":1777649731000,"location":"PlayerCamera.cpp:143","message":"Tick hit detection - component under cursor","data":{"component":"ModelComponent_0","hasTagCharge":false,"hasTagBattery":false},"runId":"debug1","hypothesisId":"H5"}
﻿{"id":"log_1777649731000","timestamp":1777649731000,"location":"PlayerCamera.cpp:143","message":"Tick hit detection - component under cursor","data":{"component":"Box","hasTagCharge":true,"hasTagBattery":false},"runId":"debug1","hypothesisId":"H5"}
﻿{"id":"log_1777649731000","timestamp":1777649731000,"location":"PlayerCamera.cpp:143","message":"Tick hit detection - component under cursor","data":{"component":"Box","hasTagCharge":true,"hasTagBattery":false},"runId":"debug1","hypothesisId":"H5"}
﻿{"id":"log_1777649731000","timestamp":1777649731000,"location":"PlayerCamera.cpp:143","message":"Tick hit detection - component under cursor","data":{"component":"Box","hasTagCharge":true,"hasTagBattery":false},"runId":"debug1","hypothesisId":"H5"}
﻿{"id":"log_1777649731000","timestamp":1777649731000,"location":"PlayerCamera.cpp:143","message":"Tick hit detection - component under cursor","data":{"component":"Box","hasTagCharge":true,"hasTagBattery":false},"runId":"debug1","hypothesisId":"H5"}
﻿{"id":"log_1777649731000","timestamp":1777649731000,"location":"PlayerCamera.cpp:143","message":"Tick hit detection - component under cursor","data":{"component":"Box","hasTagCharge":true,"hasTagBattery":false},"runId":"debug1","hypothesisId":"H5"}
﻿{"id":"log_1777649731000","timestamp":1777649731000,"location":"PlayerCamera.cpp:143","message":"Tick hit detection - component under cursor","data":{"component":"Box","hasTagCharge":true,"hasTagBattery":false},"runId":"debug1","hypothesisId":"H5"}
﻿{"id":"log_1777649731000","timestamp":1777649731000,"location":"PlayerCamera.cpp:143","message":"Tick hit detection - component under cursor","data":{"component":"Box","hasTagCharge":true,"hasTagBattery":false},"runId":"debug1","hypothesisId":"H5"}
﻿{"id":"log_1777649731000","timestamp":1777649731000,"location":"PlayerCamera.cpp:143","message":"Tick hit detection - component under cursor","data":{"component":"Box","hasTagCharge":true,"hasTagBattery":false},"runId":"debug1","hypothesisId":"H5"}
﻿{"id":"log_1777649731000","timestamp":1777649731000,"location":"PlayerCamera.cpp:143","message":"Tick hit detection - component under cursor","data":{"component":"Box","hasTagCharge":true,"hasTagBattery":false},"runId":"debug1","hypothesisId":"H5"}
﻿{"id":"log_1777649731000","timestamp":1777649731000,"location":"PlayerCamera.cpp:143","message":"Tick hit detection - component under cursor","data":{"component":"Box","hasTagCharge":true,"hasTagBattery":false},"runId":"debug1","hypothesisId":"H5"}
﻿{"id":"log_1777649731000","timestamp":1777649731000,"location":"PlayerCamera.cpp:143","message":"Tick hit detection - component under cursor","data":{"component":"Box","hasTagCharge":true,"hasTagBattery":false},"runId":"debug1","hypothesisId":"H5"}
﻿{"id":"log_1777649731000","timestamp":1777649731000,"location":"PlayerCamera.cpp:143","message":"Tick hit detection - component under cursor","data":{"component":"Box","hasTagCharge":true,"hasTagBattery":false},"runId":"debug1","hypothesisId":"H5"}
﻿{"id":"log_1777649731000","timestamp":1777649731000,"location":"PlayerCamera.cpp:143","message":"Tick hit detection - component under cursor","data":{"component":"Box","hasTagCharge":true,"hasTagBattery":false},"runId":"debug1","hypothesisId":"H5"}
﻿{"id":"log_1777649731000","timestamp":1777649731000,"location":"PlayerCamera.cpp:143","message":"Tick hit detection - component under cursor","data":{"component":"Box","hasTagCharge":true,"hasTagBattery":false},"runId":"debug1","hypothesisId":"H5"}
﻿{"id":"log_1777649731000","timestamp":1777649731000,"location":"PlayerCamera.cpp:143","message":"Tick hit detection - component under cursor","data":{"component":"Box","hasTagCharge":true,"hasTagBattery":false},"runId":"debug1","hypothesisId":"H5"}
﻿{"id":"log_1777649731000","timestamp":1777649731000,"location":"PlayerCamera.cpp:143","message":"Tick hit detection - component under cursor","data":{"component":"Box","hasTagCharge":true,"hasTagBattery":false},"runId":"debug1","hypothesisId":"H5"}
﻿{"id":"log_1777649731000","timestamp":1777649731000,"location":"PlayerCamera.cpp:143","message":"Tick hit detection - component under cursor","data":{"component":"Box","hasTagCharge":true,"hasTagBattery":false},"runId":"debug1","hypothesisId":"H5"}
﻿{"id":"log_1777649731000","timestamp":1777649731000,"location":"PlayerCamera.cpp:143","message":"Tick hit detection - component under cursor","data":{"component":"Box","hasTagCharge":true,"hasTagBattery":false},"runId":"debug1","hypothesisId":"H5"}
﻿{"id":"log_1777649731000","timestamp":1777649731000,"location":"PlayerCamera.cpp:143","message":"Tick hit detection - component under cursor","data":{"component":"Box","hasTagCharge":true,"hasTagBattery":false},"runId":"debug1","hypothesisId":"H5"}
﻿{"id":"log_1777649731000","timestamp":1777649731000,"location":"PlayerCamera.cpp:143","message":"Tick hit detection - component under cursor","data":{"component":"Box","hasTagCharge":true,"hasTagBattery":false},"runId":"debug1","hypothesisId":"H5"}
﻿{"id":"log_1777649731000","timestamp":1777649731000,"location":"PlayerCamera.cpp:143","message":"Tick hit detection - component under cursor","data":{"component":"Box","hasTagCharge":true,"hasTagBattery":false},"runId":"debug1","hypothesisId":"H5"}
﻿{"id":"log_1777649731000","timestamp":1777649731000,"location":"PlayerCamera.cpp:143","message":"Tick hit detection - component under cursor","data":{"component":"Box","hasTagCharge":true,"hasTagBattery":false},"runId":"debug1","hypothesisId":"H5"}
﻿{"id":"log_1777649731000","timestamp":1777649731000,"location":"PlayerCamera.cpp:143","message":"Tick hit detection - component under cursor","data":{"component":"Box","hasTagCharge":true,"hasTagBattery":false},"runId":"debug1","hypothesisId":"H5"}
﻿{"id":"log_1777649731000","timestamp":1777649731000,"location":"PlayerCamera.cpp:143","message":"Tick hit detection - component under cursor","data":{"component":"Box","hasTagCharge":true,"hasTagBattery":false},"runId":"debug1","hypothesisId":"H5"}
﻿{"id":"log_1777649731000","timestamp":1777649731000,"location":"PlayerCamera.cpp:143","message":"Tick hit detection - component under cursor","data":{"component":"Box","hasTagCharge":true,"hasTagBattery":false},"runId":"debug1","hypothesisId":"H5"}
﻿{"id":"log_1777649731000","timestamp":1777649731000,"location":"PlayerCamera.cpp:143","message":"Tick hit detection - component under cursor","data":{"component":"ModelComponent_0","hasTagCharge":false,"hasTagBattery":false},"runId":"debug1","hypothesisId":"H5"}
﻿{"id":"log_1777649731000","timestamp":1777649731000,"location":"PlayerCamera.cpp:143","message":"Tick hit detection - component under cursor","data":{"component":"ModelComponent_0","hasTagCharge":false,"hasTagBattery":false},"runId":"debug1","hypothesisId":"H5"}
﻿{"id":"log_1777649731000","timestamp":1777649731000,"location":"PlayerCamera.cpp:143","message":"Tick hit detection - component under cursor","data":{"component":"ModelComponent_0","hasTagCharge":false,"hasTagBattery":false},"runId":"debug1","hypothesisId":"H5"}
﻿{"id":"log_1777649731000","timestamp":1777649731000,"location":"PlayerCamera.cpp:143","message":"Tick hit detection - component under cursor","data":{"component":"ModelComponent_0","hasTagCharge":false,"hasTagBattery":false},"runId":"debug1","hypothesisId":"H5"}
﻿{"id":"log_1777649732000","timestamp":1777649732000,"location":"PlayerCamera.cpp:143","message":"Tick hit detection - component under cursor","data":{"component":"ModelComponent_0","hasTagCharge":false,"hasTagBattery":false},"runId":"debug1","hypothesisId":"H5"}
﻿{"id":"log_1777649732000","timestamp":1777649732000,"location":"PlayerCamera.cpp:143","message":"Tick hit detection - component under cursor","data":{"component":"ModelComponent_0","hasTagCharge":false,"hasTagBattery":false},"runId":"debug1","hypothesisId":"H5"}
﻿{"id":"log_1777649732000","timestamp":1777649732000,"location":"PlayerCamera.cpp:143","message":"Tick hit detection - component under cursor","data":{"component":"ModelComponent_0","hasTagCharge":false,"hasTagBattery":false},"runId":"debug1","hypothesisId":"H5"}
﻿{"id":"log_1777649732000","timestamp":1777649732000,"location":"PlayerCamera.cpp:143","message":"Tick hit detection - component under cursor","data":{"component":"ModelComponent_0","hasTagCharge":false,"hasTagBattery":false},"runId":"debug1","hypothesisId":"H5"}
﻿{"id":"log_1777649732000","timestamp":1777649732000,"location":"PlayerCamera.cpp:143","message":"Tick hit detection - component under cursor","data":{"component":"ModelComponent_0","hasTagCharge":false,"hasTagBattery":false},"runId":"debug1","hypothesisId":"H5"}
﻿{"id":"log_1777649732000","timestamp":1777649732000,"location":"PlayerCamera.cpp:143","message":"Tick hit detection - component under cursor","data":{"component":"ModelComponent_0","hasTagCharge":false,"hasTagBattery":false},"runId":"debug1","hypothesisId":"H5"}
﻿{"id":"log_1777649732000","timestamp":1777649732000,"location":"PlayerCamera.cpp:143","message":"Tick hit detection - component under cursor","data":{"component":"ModelComponent_0","hasTagCharge":false,"hasTagBattery":false},"runId":"debug1","hypothesisId":"H5"}
﻿{"id":"log_1777649732000","timestamp":1777649732000,"location":"PlayerCamera.cpp:143","message":"Tick hit detection - component under cursor","data":{"component":"ModelComponent_0","hasTagCharge":false,"hasTagBattery":false},"runId":"debug1","hypothesisId":"H5"}
﻿{"id":"log_1777649732000","timestamp":1777649732000,"location":"PlayerCamera.cpp:143","message":"Tick hit detection - component under cursor","data":{"component":"ModelComponent_0","hasTagCharge":false,"hasTagBattery":false},"runId":"debug1","hypothesisId":"H5"}
﻿{"id":"log_1777649732000","timestamp":1777649732000,"location":"PlayerCamera.cpp:143","message":"Tick hit detection - component under cursor","data":{"component":"ModelComponent_0","hasTagCharge":false,"hasTagBattery":false},"runId":"debug1","hypothesisId":"H5"}
﻿{"id":"log_1777649732000","timestamp":1777649732000,"location":"PlayerCamera.cpp:143","message":"Tick hit detection - component under cursor","data":{"component":"ModelComponent_0","hasTagCharge":false,"hasTagBattery":false},"runId":"debug1","hypothesisId":"H5"}
﻿{"id":"log_1777649732000","timestamp":1777649732000,"location":"PlayerCamera.cpp:143","message":"Tick hit detection - component under cursor","data":{"component":"ModelComponent_0","hasTagCharge":false,"hasTagBattery":false},"runId":"debug1","hypothesisId":"H5"}
﻿{"id":"log_1777649732000","timestamp":1777649732000,"location":"PlayerCamera.cpp:143","message":"Tick hit detection - component under cursor","data":{"component":"LightTrigger","hasTagCharge":false,"hasTagBattery":false},"runId":"debug1","hypothesisId":"H5"}
﻿{"id":"log_1777649732000","timestamp":1777649732000,"location":"PlayerCamera.cpp:143","message":"Tick hit detection - component under cursor","data":{"component":"LightTrigger","hasTagCharge":false,"hasTagBattery":false},"runId":"debug1","hypothesisId":"H5"}
﻿{"id":"log_1777649732000","timestamp":1777649732000,"location":"PlayerCamera.cpp:143","message":"Tick hit detection - component under cursor","data":{"component":"LightTrigger","hasTagCharge":false,"hasTagBattery":false},"runId":"debug1","hypothesisId":"H5"}
﻿{"id":"log_1777649732000","timestamp":1777649732000,"location":"PlayerCamera.cpp:143","message":"Tick hit detection - component under cursor","data":{"component":"LightTrigger","hasTagCharge":false,"hasTagBattery":false},"runId":"debug1","hypothesisId":"H5"}
﻿{"id":"log_1777649732000","timestamp":1777649732000,"location":"PlayerCamera.cpp:143","message":"Tick hit detection - component under cursor","data":{"component":"LightTrigger","hasTagCharge":false,"hasTagBattery":false},"runId":"debug1","hypothesisId":"H5"}
﻿{"id":"log_1777649732000","timestamp":1777649732000,"location":"PlayerCamera.cpp:143","message":"Tick hit detection - component under cursor","data":{"component":"LightTrigger","hasTagCharge":false,"hasTagBattery":false},"runId":"debug1","hypothesisId":"H5"}
﻿{"id":"log_1777649732000","timestamp":1777649732000,"location":"PlayerCamera.cpp:143","message":"Tick hit detection - component under cursor","data":{"component":"LightTrigger","hasTagCharge":false,"hasTagBattery":false},"runId":"debug1","hypothesisId":"H5"}
﻿{"id":"log_1777649732000","timestamp":1777649732000,"location":"PlayerCamera.cpp:143","message":"Tick hit detection - component under cursor","data":{"component":"LightTrigger","hasTagCharge":false,"hasTagBattery":false},"runId":"debug1","hypothesisId":"H5"}
﻿{"id":"log_1777649732000","timestamp":1777649732000,"location":"PlayerCamera.cpp:143","message":"Tick hit detection - component under cursor","data":{"component":"LightTrigger","hasTagCharge":false,"hasTagBattery":false},"runId":"debug1","hypothesisId":"H5"}
﻿{"id":"log_1777649732000","timestamp":1777649732000,"location":"PlayerCamera.cpp:143","message":"Tick hit detection - component under cursor","data":{"component":"LightTrigger","hasTagCharge":false,"hasTagBattery":false},"runId":"debug1","hypothesisId":"H5"}
﻿{"id":"log_1777649732000","timestamp":1777649732000,"location":"PlayerCamera.cpp:143","message":"Tick hit detection - component under cursor","data":{"component":"LightTrigger","hasTagCharge":false,"hasTagBattery":false},"runId":"debug1","hypothesisId":"H5"}
﻿{"id":"log_1777649732000","timestamp":1777649732000,"location":"PlayerCamera.cpp:143","message":"Tick hit detection - component under cursor","data":{"component":"LightTrigger","hasTagCharge":false,"hasTagBattery":false},"runId":"debug1","hypothesisId":"H5"}
﻿{"id":"log_1777649732000","timestamp":1777649732000,"location":"PlayerCamera.cpp:143","message":"Tick hit detection - component under cursor","data":{"component":"LightTrigger","hasTagCharge":false,"hasTagBattery":false},"runId":"debug1","hypothesisId":"H5"}
﻿{"id":"log_1777649732000","timestamp":1777649732000,"location":"PlayerCamera.cpp:143","message":"Tick hit detection - component under cursor","data":{"component":"LightTrigger","hasTagCharge":false,"hasTagBattery":false},"runId":"debug1","hypothesisId":"H5"}
﻿{"id":"log_1777649732000","timestamp":1777649732000,"location":"PlayerCamera.cpp:143","message":"Tick hit detection - component under cursor","data":{"component":"LightTrigger","hasTagCharge":false,"hasTagBattery":false},"runId":"debug1","hypothesisId":"H5"}
﻿{"id":"log_1777649732000","timestamp":1777649732000,"location":"PlayerCamera.cpp:143","message":"Tick hit detection - component under cursor","data":{"component":"LightTrigger","hasTagCharge":false,"hasTagBattery":false},"runId":"debug1","hypothesisId":"H5"}
﻿{"id":"log_1777649732000","timestamp":1777649732000,"location":"PlayerCamera.cpp:143","message":"Tick hit detection - component under cursor","data":{"component":"LightTrigger","hasTagCharge":false,"hasTagBattery":false},"runId":"debug1","hypothesisId":"H5"}
﻿{"id":"log_1777649732000","timestamp":1777649732000,"location":"PlayerCamera.cpp:143","message":"Tick hit detection - component under cursor","data":{"component":"LightTrigger","hasTagCharge":false,"hasTagBattery":false},"runId":"debug1","hypothesisId":"H5"}
﻿{"id":"log_1777649732000","timestamp":1777649732000,"location":"PlayerCamera.cpp:143","message":"Tick hit detection - component under cursor","data":{"component":"LightTrigger","hasTagCharge":false,"hasTagBattery":false},"runId":"debug1","hypothesisId":"H5"}
﻿{"id":"log_1777649732000","timestamp":1777649732000,"location":"PlayerCamera.cpp:143","message":"Tick hit detection - component under cursor","data":{"component":"LightTrigger","hasTagCharge":false,"hasTagBattery":false},"runId":"debug1","hypothesisId":"H5"}
﻿{"id":"log_1777649732000","timestamp":1777649732000,"location":"PlayerCamera.cpp:143","message":"Tick hit detection - component under cursor","data":{"component":"LightTrigger","hasTagCharge":false,"hasTagBattery":false},"runId":"debug1","hypothesisId":"H5"}
﻿{"id":"log_1777649732000","timestamp":1777649732000,"location":"PlayerCamera.cpp:143","message":"Tick hit detection - component under cursor","data":{"component":"LightTrigger","hasTagCharge":false,"hasTagBattery":false},"runId":"debug1","hypothesisId":"H5"}
﻿{"id":"log_1777649732000","timestamp":1777649732000,"location":"PlayerCamera.cpp:143","message":"Tick hit detection - component under cursor","data":{"component":"LightTrigger","hasTagCharge":false,"hasTagBattery":false},"runId":"debug1","hypothesisId":"H5"}
﻿{"id":"log_1777649732000","timestamp":1777649732000,"location":"PlayerCamera.cpp:143","message":"Tick hit detection - component under cursor","data":{"component":"LightTrigger","hasTagCharge":false,"hasTagBattery":false},"runId":"debug1","hypothesisId":"H5"}
﻿{"id":"log_1777649732000","timestamp":1777649732000,"location":"PlayerCamera.cpp:143","message":"Tick hit detection - component under cursor","data":{"component":"LightTrigger","hasTagCharge":false,"hasTagBattery":false},"runId":"debug1","hypothesisId":"H5"}
﻿{"id":"log_1777649732000","timestamp":1777649732000,"location":"PlayerCamera.cpp:143","message":"Tick hit detection - component under cursor","data":{"component":"LightTrigger","hasTagCharge":false,"hasTagBattery":false},"runId":"debug1","hypothesisId":"H5"}
﻿{"id":"log_1777649732000","timestamp":1777649732000,"location":"PlayerCamera.cpp:143","message":"Tick hit detection - component under cursor","data":{"component":"LightTrigger","hasTagCharge":false,"hasTagBattery":false},"runId":"debug1","hypothesisId":"H5"}
﻿{"id":"log_1777649732000","timestamp":1777649732000,"location":"PlayerCamera.cpp:143","message":"Tick hit detection - component under cursor","data":{"component":"LightTrigger","hasTagCharge":false,"hasTagBattery":false},"runId":"debug1","hypothesisId":"H5"}
﻿{"id":"log_1777649732000","timestamp":1777649732000,"location":"PlayerCamera.cpp:143","message":"Tick hit detection - component under cursor","data":{"component":"LightTrigger","hasTagCharge":false,"hasTagBattery":false},"runId":"debug1","hypothesisId":"H5"}
﻿{"id":"log_1777649732000","timestamp":1777649732000,"location":"PlayerCamera.cpp:143","message":"Tick hit detection - component under cursor","data":{"component":"LightTrigger","hasTagCharge":false,"hasTagBattery":false},"runId":"debug1","hypothesisId":"H5"}
﻿{"id":"log_1777649732000","timestamp":1777649732000,"location":"PlayerCamera.cpp:143","message":"Tick hit detection - component under cursor","data":{"component":"LightTrigger","hasTagCharge":false,"hasTagBattery":false},"runId":"debug1","hypothesisId":"H5"}
﻿{"id":"log_1777649732000","timestamp":1777649732000,"location":"LightTrigger.cpp:27","message":"OnButtonClicked triggered (hypothesis H4: widget-hit-test-leak)","data":{"touched":"true","key":"LeftMouseButton"},"runId":"debug1","hypothesisId":"H4"}
﻿{"id":"log_1777649732000","timestamp":1777649732000,"location":"PlayerCamera.cpp:190","message":"InteractInput triggered via EnhancedInput (hypothesis H2: enhanced-input-conflict)","data":{"action":"Started"},"runId":"debug1","hypothesisId":"H2"}
﻿{"id":"log_1777649732000","timestamp":1777649732000,"location":"PlayerCamera.cpp:143","message":"Tick hit detection - component under cursor","data":{"component":"LightTrigger","hasTagCharge":false,"hasTagBattery":false},"runId":"debug1","hypothesisId":"H5"}
﻿{"id":"log_1777649732000","timestamp":1777649732000,"location":"PlayerCamera.cpp:143","message":"Tick hit detection - component under cursor","data":{"component":"LightTrigger","hasTagCharge":false,"hasTagBattery":false},"runId":"debug1","hypothesisId":"H5"}
﻿{"id":"log_1777649732000","timestamp":1777649732000,"location":"PlayerCamera.cpp:143","message":"Tick hit detection - component under cursor","data":{"component":"LightTrigger","hasTagCharge":false,"hasTagBattery":false},"runId":"debug1","hypothesisId":"H5"}
﻿{"id":"log_1777649732000","timestamp":1777649732000,"location":"PlayerCamera.cpp:143","message":"Tick hit detection - component under cursor","data":{"component":"LightTrigger","hasTagCharge":false,"hasTagBattery":false},"runId":"debug1","hypothesisId":"H5"}
﻿{"id":"log_1777649732000","timestamp":1777649732000,"location":"PlayerCamera.cpp:143","message":"Tick hit detection - component under cursor","data":{"component":"LightTrigger","hasTagCharge":false,"hasTagBattery":false},"runId":"debug1","hypothesisId":"H5"}
﻿{"id":"log_1777649732000","timestamp":1777649732000,"location":"PlayerCamera.cpp:143","message":"Tick hit detection - component under cursor","data":{"component":"LightTrigger","hasTagCharge":false,"hasTagBattery":false},"runId":"debug1","hypothesisId":"H5"}
﻿{"id":"log_1777649732000","timestamp":1777649732000,"location":"PlayerCamera.cpp:143","message":"Tick hit detection - component under cursor","data":{"component":"LightTrigger","hasTagCharge":false,"hasTagBattery":false},"runId":"debug1","hypothesisId":"H5"}
﻿{"id":"log_1777649732000","timestamp":1777649732000,"location":"PlayerCamera.cpp:143","message":"Tick hit detection - component under cursor","data":{"component":"LightTrigger","hasTagCharge":false,"hasTagBattery":false},"runId":"debug1","hypothesisId":"H5"}
﻿{"id":"log_1777649732000","timestamp":1777649732000,"location":"PlayerCamera.cpp:143","message":"Tick hit detection - component under cursor","data":{"component":"LightTrigger","hasTagCharge":false,"hasTagBattery":false},"runId":"debug1","hypothesisId":"H5"}
﻿{"id":"log_1777649732000","timestamp":1777649732000,"location":"PlayerCamera.cpp:143","message":"Tick hit detection - component under cursor","data":{"component":"LightTrigger","hasTagCharge":false,"hasTagBattery":false},"runId":"debug1","hypothesisId":"H5"}
﻿{"id":"log_1777649732000","timestamp":1777649732000,"location":"PlayerCamera.cpp:143","message":"Tick hit detection - component under cursor","data":{"component":"LightTrigger","hasTagCharge":false,"hasTagBattery":false},"runId":"debug1","hypothesisId":"H5"}
﻿{"id":"log_1777649732000","timestamp":1777649732000,"location":"PlayerCamera.cpp:143","message":"Tick hit detection - component under cursor","data":{"component":"LightTrigger","hasTagCharge":false,"hasTagBattery":false},"runId":"debug1","hypothesisId":"H5"}
﻿{"id":"log_1777649732000","timestamp":1777649732000,"location":"PlayerCamera.cpp:143","message":"Tick hit detection - component under cursor","data":{"component":"LightTrigger","hasTagCharge":false,"hasTagBattery":false},"runId":"debug1","hypothesisId":"H5"}
﻿{"id":"log_1777649732000","timestamp":1777649732000,"location":"PlayerCamera.cpp:143","message":"Tick hit detection - component under cursor","data":{"component":"LightTrigger","hasTagCharge":false,"hasTagBattery":false},"runId":"debug1","hypothesisId":"H5"}
﻿{"id":"log_1777649732000","timestamp":1777649732000,"location":"PlayerCamera.cpp:143","message":"Tick hit detection - component under cursor","data":{"component":"LightTrigger","hasTagCharge":false,"hasTagBattery":false},"runId":"debug1","hypothesisId":"H5"}
﻿{"id":"log_1777649732000","timestamp":1777649732000,"location":"PlayerCamera.cpp:143","message":"Tick hit detection - component under cursor","data":{"component":"LightTrigger","hasTagCharge":false,"hasTagBattery":false},"runId":"debug1","hypothesisId":"H5"}
﻿{"id":"log_1777649732000","timestamp":1777649732000,"location":"PlayerCamera.cpp:143","message":"Tick hit detection - component under cursor","data":{"component":"LightTrigger","hasTagCharge":false,"hasTagBattery":false},"runId":"debug1","hypothesisId":"H5"}
﻿{"id":"log_1777649733000","timestamp":1777649733000,"location":"PlayerCamera.cpp:143","message":"Tick hit detection - component under cursor","data":{"component":"LightTrigger","hasTagCharge":false,"hasTagBattery":false},"runId":"debug1","hypothesisId":"H5"}
﻿{"id":"log_1777649733000","timestamp":1777649733000,"location":"PlayerCamera.cpp:143","message":"Tick hit detection - component under cursor","data":{"component":"LightTrigger","hasTagCharge":false,"hasTagBattery":false},"runId":"debug1","hypothesisId":"H5"}
﻿{"id":"log_1777649733000","timestamp":1777649733000,"location":"PlayerCamera.cpp:143","message":"Tick hit detection - component under cursor","data":{"component":"LightTrigger","hasTagCharge":false,"hasTagBattery":false},"runId":"debug1","hypothesisId":"H5"}
﻿{"id":"log_1777649733000","timestamp":1777649733000,"location":"PlayerCamera.cpp:143","message":"Tick hit detection - component under cursor","data":{"component":"LightTrigger","hasTagCharge":false,"hasTagBattery":false},"runId":"debug1","hypothesisId":"H5"}
﻿{"id":"log_1777649733000","timestamp":1777649733000,"location":"PlayerCamera.cpp:143","message":"Tick hit detection - component under cursor","data":{"component":"LightTrigger","hasTagCharge":false,"hasTagBattery":false},"runId":"debug1","hypothesisId":"H5"}
﻿{"id":"log_1777649733000","timestamp":1777649733000,"location":"PlayerCamera.cpp:143","message":"Tick hit detection - component under cursor","data":{"component":"LightTrigger","hasTagCharge":false,"hasTagBattery":false},"runId":"debug1","hypothesisId":"H5"}
﻿{"id":"log_1777649733000","timestamp":1777649733000,"location":"PlayerCamera.cpp:143","message":"Tick hit detection - component under cursor","data":{"component":"LightTrigger","hasTagCharge":false,"hasTagBattery":false},"runId":"debug1","hypothesisId":"H5"}
﻿{"id":"log_1777649733000","timestamp":1777649733000,"location":"PlayerCamera.cpp:143","message":"Tick hit detection - component under cursor","data":{"component":"LightTrigger","hasTagCharge":false,"hasTagBattery":false},"runId":"debug1","hypothesisId":"H5"}
﻿{"id":"log_1777649733000","timestamp":1777649733000,"location":"PlayerCamera.cpp:143","message":"Tick hit detection - component under cursor","data":{"component":"LightTrigger","hasTagCharge":false,"hasTagBattery":false},"runId":"debug1","hypothesisId":"H5"}
﻿{"id":"log_1777649733000","timestamp":1777649733000,"location":"PlayerCamera.cpp:143","message":"Tick hit detection - component under cursor","data":{"component":"LightTrigger","hasTagCharge":false,"hasTagBattery":false},"runId":"debug1","hypothesisId":"H5"}
﻿{"id":"log_1777649733000","timestamp":1777649733000,"location":"PlayerCamera.cpp:143","message":"Tick hit detection - component under cursor","data":{"component":"LightTrigger","hasTagCharge":false,"hasTagBattery":false},"runId":"debug1","hypothesisId":"H5"}
﻿{"id":"log_1777649733000","timestamp":1777649733000,"location":"PlayerCamera.cpp:143","message":"Tick hit detection - component under cursor","data":{"component":"LightTrigger","hasTagCharge":false,"hasTagBattery":false},"runId":"debug1","hypothesisId":"H5"}
﻿{"id":"log_1777649733000","timestamp":1777649733000,"location":"PlayerCamera.cpp:143","message":"Tick hit detection - component under cursor","data":{"component":"LightTrigger","hasTagCharge":false,"hasTagBattery":false},"runId":"debug1","hypothesisId":"H5"}
﻿{"id":"log_1777649733000","timestamp":1777649733000,"location":"PlayerCamera.cpp:143","message":"Tick hit detection - component under cursor","data":{"component":"LightTrigger","hasTagCharge":false,"hasTagBattery":false},"runId":"debug1","hypothesisId":"H5"}
﻿{"id":"log_1777649733000","timestamp":1777649733000,"location":"PlayerCamera.cpp:143","message":"Tick hit detection - component under cursor","data":{"component":"LightTrigger","hasTagCharge":false,"hasTagBattery":false},"runId":"debug1","hypothesisId":"H5"}
﻿{"id":"log_1777649733000","timestamp":1777649733000,"location":"PlayerCamera.cpp:143","message":"Tick hit detection - component under cursor","data":{"component":"LightTrigger","hasTagCharge":false,"hasTagBattery":false},"runId":"debug1","hypothesisId":"H5"}
﻿{"id":"log_1777649733000","timestamp":1777649733000,"location":"PlayerCamera.cpp:143","message":"Tick hit detection - component under cursor","data":{"component":"LightTrigger","hasTagCharge":false,"hasTagBattery":false},"runId":"debug1","hypothesisId":"H5"}
﻿{"id":"log_1777649733000","timestamp":1777649733000,"location":"PlayerCamera.cpp:143","message":"Tick hit detection - component under cursor","data":{"component":"LightTrigger","hasTagCharge":false,"hasTagBattery":false},"runId":"debug1","hypothesisId":"H5"}
﻿{"id":"log_1777649733000","timestamp":1777649733000,"location":"PlayerCamera.cpp:143","message":"Tick hit detection - component under cursor","data":{"component":"LightTrigger","hasTagCharge":false,"hasTagBattery":false},"runId":"debug1","hypothesisId":"H5"}
﻿{"id":"log_1777649733000","timestamp":1777649733000,"location":"PlayerCamera.cpp:143","message":"Tick hit detection - component under cursor","data":{"component":"LightTrigger","hasTagCharge":false,"hasTagBattery":false},"runId":"debug1","hypothesisId":"H5"}
﻿{"id":"log_1777649733000","timestamp":1777649733000,"location":"PlayerCamera.cpp:143","message":"Tick hit detection - component under cursor","data":{"component":"LightTrigger","hasTagCharge":false,"hasTagBattery":false},"runId":"debug1","hypothesisId":"H5"}
﻿{"id":"log_1777649733000","timestamp":1777649733000,"location":"PlayerCamera.cpp:143","message":"Tick hit detection - component under cursor","data":{"component":"LightTrigger","hasTagCharge":false,"hasTagBattery":false},"runId":"debug1","hypothesisId":"H5"}
﻿{"id":"log_1777649733000","timestamp":1777649733000,"location":"PlayerCamera.cpp:143","message":"Tick hit detection - component under cursor","data":{"component":"LightTrigger","hasTagCharge":false,"hasTagBattery":false},"runId":"debug1","hypothesisId":"H5"}
﻿{"id":"log_1777649733000","timestamp":1777649733000,"location":"PlayerCamera.cpp:143","message":"Tick hit detection - component under cursor","data":{"component":"LightTrigger","hasTagCharge":false,"hasTagBattery":false},"runId":"debug1","hypothesisId":"H5"}
﻿{"id":"log_1777649733000","timestamp":1777649733000,"location":"PlayerCamera.cpp:143","message":"Tick hit detection - component under cursor","data":{"component":"ModelComponent_0","hasTagCharge":false,"hasTagBattery":false},"runId":"debug1","hypothesisId":"H5"}
﻿{"id":"log_1777649733000","timestamp":1777649733000,"location":"PlayerCamera.cpp:143","message":"Tick hit detection - component under cursor","data":{"component":"ModelComponent_0","hasTagCharge":false,"hasTagBattery":false},"runId":"debug1","hypothesisId":"H5"}
﻿{"id":"log_1777649733000","timestamp":1777649733000,"location":"PlayerCamera.cpp:143","message":"Tick hit detection - component under cursor","data":{"component":"ModelComponent_0","hasTagCharge":false,"hasTagBattery":false},"runId":"debug1","hypothesisId":"H5"}
﻿{"id":"log_1777649733000","timestamp":1777649733000,"location":"PlayerCamera.cpp:143","message":"Tick hit detection - NO component under cursor (H5)","data":{"hitComp":null},"runId":"debug1","hypothesisId":"H5"}
﻿{"id":"log_1777649733000","timestamp":1777649733000,"location":"PlayerCamera.cpp:143","message":"Tick hit detection - NO component under cursor (H5)","data":{"hitComp":null},"runId":"debug1","hypothesisId":"H5"}
﻿{"id":"log_1777649733000","timestamp":1777649733000,"location":"PlayerCamera.cpp:143","message":"Tick hit detection - NO component under cursor (H5)","data":{"hitComp":null},"runId":"debug1","hypothesisId":"H5"}
﻿{"id":"log_1777649733000","timestamp":1777649733000,"location":"PlayerCamera.cpp:143","message":"Tick hit detection - NO component under cursor (H5)","data":{"hitComp":null},"runId":"debug1","hypothesisId":"H5"}
﻿{"id":"log_1777649733000","timestamp":1777649733000,"location":"PlayerCamera.cpp:143","message":"Tick hit detection - NO component under cursor (H5)","data":{"hitComp":null},"runId":"debug1","hypothesisId":"H5"}
﻿{"id":"log_1777649733000","timestamp":1777649733000,"location":"PlayerCamera.cpp:143","message":"Tick hit detection - NO component under cursor (H5)","data":{"hitComp":null},"runId":"debug1","hypothesisId":"H5"}
﻿{"id":"log_1777649733000","timestamp":1777649733000,"location":"PlayerCamera.cpp:143","message":"Tick hit detection - NO component under cursor (H5)","data":{"hitComp":null},"runId":"debug1","hypothesisId":"H5"}
﻿{"id":"log_1777649733000","timestamp":1777649733000,"location":"PlayerCamera.cpp:143","message":"Tick hit detection - NO component under cursor (H5)","data":{"hitComp":null},"runId":"debug1","hypothesisId":"H5"}
﻿{"id":"log_1777649733000","timestamp":1777649733000,"location":"PlayerCamera.cpp:143","message":"Tick hit detection - NO component under cursor (H5)","data":{"hitComp":null},"runId":"debug1","hypothesisId":"H5"}
﻿{"id":"log_1777649733000","timestamp":1777649733000,"location":"PlayerCamera.cpp:143","message":"Tick hit detection - NO component under cursor (H5)","data":{"hitComp":null},"runId":"debug1","hypothesisId":"H5"}
﻿{"id":"log_1777649733000","timestamp":1777649733000,"location":"PlayerCamera.cpp:143","message":"Tick hit detection - NO component under cursor (H5)","data":{"hitComp":null},"runId":"debug1","hypothesisId":"H5"}
﻿{"id":"log_1777649733000","timestamp":1777649733000,"location":"PlayerCamera.cpp:143","message":"Tick hit detection - NO component under cursor (H5)","data":{"hitComp":null},"runId":"debug1","hypothesisId":"H5"}
﻿{"id":"log_1777649733000","timestamp":1777649733000,"location":"PlayerCamera.cpp:143","message":"Tick hit detection - NO component under cursor (H5)","data":{"hitComp":null},"runId":"debug1","hypothesisId":"H5"}
﻿{"id":"log_1777649733000","timestamp":1777649733000,"location":"PlayerCamera.cpp:143","message":"Tick hit detection - NO component under cursor (H5)","data":{"hitComp":null},"runId":"debug1","hypothesisId":"H5"}
﻿{"id":"log_1777649733000","timestamp":1777649733000,"location":"PlayerCamera.cpp:143","message":"Tick hit detection - NO component under cursor (H5)","data":{"hitComp":null},"runId":"debug1","hypothesisId":"H5"}
﻿{"id":"log_1777649733000","timestamp":1777649733000,"location":"PlayerCamera.cpp:143","message":"Tick hit detection - NO component under cursor (H5)","data":{"hitComp":null},"runId":"debug1","hypothesisId":"H5"}
﻿{"id":"log_1777649733000","timestamp":1777649733000,"location":"PlayerCamera.cpp:143","message":"Tick hit detection - NO component under cursor (H5)","data":{"hitComp":null},"runId":"debug1","hypothesisId":"H5"}
﻿{"id":"log_1777649733000","timestamp":1777649733000,"location":"PlayerCamera.cpp:143","message":"Tick hit detection - NO component under cursor (H5)","data":{"hitComp":null},"runId":"debug1","hypothesisId":"H5"}
﻿{"id":"log_1777649733000","timestamp":1777649733000,"location":"PlayerCamera.cpp:143","message":"Tick hit detection - NO component under cursor (H5)","data":{"hitComp":null},"runId":"debug1","hypothesisId":"H5"}
﻿{"id":"log_1777649733000","timestamp":1777649733000,"location":"PlayerCamera.cpp:143","message":"Tick hit detection - NO component under cursor (H5)","data":{"hitComp":null},"runId":"debug1","hypothesisId":"H5"}
﻿{"id":"log_1777649733000","timestamp":1777649733000,"location":"PlayerCamera.cpp:143","message":"Tick hit detection - NO component under cursor (H5)","data":{"hitComp":null},"runId":"debug1","hypothesisId":"H5"}
﻿{"id":"log_1777649733000","timestamp":1777649733000,"location":"PlayerCamera.cpp:143","message":"Tick hit detection - NO component under cursor (H5)","data":{"hitComp":null},"runId":"debug1","hypothesisId":"H5"}
